公報番号,発明の名称,url,技術分野,背景技術,発明が解決しようとする課題,課題を解決するための手段,発明の効果,発明の概要,発明を実施するための形態,特許請求の範囲
JP7471539B1,無線送信装置、無線受信装置、無線中継装置、制御回路、記憶媒体、通信システムおよび通信方法,https://patents.google.com/patent/JP7471539B1/ja,本開示は、有線通信の一部を無線化するための無線送信装置、無線受信装置、無線中継装置、制御回路、記憶媒体、通信システムおよび通信方法に関する。,有線通信を無線化するための技術として様々な技術が知られている。無線に求める要求や条件によって、使用する周波数帯や媒体を適切に選択することが必要となる。例えば、特許文献１には、有線信号をミリ波に変換して無線伝送する技術が開示されている。ミリ波は、電波の直進性の高さから他の通信と干渉を起こしにくく、広帯域を確保しやすいことから、大容量低遅延の無線伝送に適している。,"しかしながら、上記従来の技術によれば、有線信号を無線のビットパターンに再変調して送信することが開示されているのみであり、無線伝送区間では通信品質を測定したり通信レートを調整したりといった通信管理を行うことができないという問題があった。
本開示は、上記に鑑みてなされたものであって、有線通信の一部を無線化した無線伝送区間において、通信管理を行うことを可能にする無線送信装置を得ることを目的とする。","上述した課題を解決し、目的を達成するために、本開示にかかる無線送信装置は、１対１で予め対応づけられた送信元装置と送信先装置との間の有線通信の通信信号の一部区間を無線伝送するための無線送信装置であって、有線で伝送される信号であって複数のフレームから構成される有線信号を受信する有線受信部と、受信した有線信号のフレーム間の情報伝送を行っていない区間に、無線通信管理用の制御信号である無線制御信号を挿入する無線制御信号付与部と、有線信号の受信ビットパターンと無線制御信号とを用いて、無線送信する無線信号を生成する無線信号生成部と、を備え
、無線信号生成部は、無線信号による無線伝送区間の通信品質に応じた変調方式を用いる適応変調によって変調処理を行い、無線制御信号は、変調処理で用いる変調方式を示す情報を含む
ことを特徴とする。",本開示にかかる無線送信装置は、有線通信の一部を無線化した無線伝送区間において、通信管理を行うことを可能にする、という効果を奏する。,"しかしながら、上記従来の技術によれば、有線信号を無線のビットパターンに再変調して送信することが開示されているのみであり、無線伝送区間では通信品質を測定したり通信レートを調整したりといった通信管理を行うことができないという問題があった。
本開示は、上記に鑑みてなされたものであって、有線通信の一部を無線化した無線伝送区間において、通信管理を行うことを可能にする無線送信装置を得ることを目的とする。
上述した課題を解決し、目的を達成するために、本開示にかかる無線送信装置は、１対１で予め対応づけられた送信元装置と送信先装置との間の有線通信の通信信号の一部区間を無線伝送するための無線送信装置であって、有線で伝送される信号であって複数のフレームから構成される有線信号を受信する有線受信部と、受信した有線信号のフレーム間の情報伝送を行っていない区間に、無線通信管理用の制御信号である無線制御信号を挿入する無線制御信号付与部と、有線信号の受信ビットパターンと無線制御信号とを用いて、無線送信する無線信号を生成する無線信号生成部と、を備え
、無線信号生成部は、無線信号による無線伝送区間の通信品質に応じた変調方式を用いる適応変調によって変調処理を行い、無線制御信号は、変調処理で用いる変調方式を示す情報を含む
ことを特徴とする。
本開示にかかる無線送信装置は、有線通信の一部を無線化した無線伝送区間において、通信管理を行うことを可能にする、という効果を奏する。","","Claims (
16
)
１対１で予め対応づけられた送信元装置と送信先装置との間の有線通信の通信信号の一部区間を無線伝送するための無線送信装置であって、
有線で伝送される信号であって複数のフレームから構成される有線信号を受信する有線受信部と、
受信した前記有線信号のフレーム間の情報伝送を行っていない区間に、無線通信管理用の制御信号である無線制御信号を挿入する無線制御信号付与部と、
前記有線信号の受信ビットパターンと前記無線制御信号とを用いて、無線送信する無線信号を生成する無線信号生成部と、
を備え
、
前記無線信号生成部は、前記無線信号による無線伝送区間の通信品質に応じた変調方式を用いる適応変調によって変調処理を行い、
前記無線制御信号は、前記変調処理で用いる変調方式を示す情報を含む
ことを特徴とする無線送信装置。
前記無線信号生成部は、前記フレームに含まれるプリアンブルを前記無線制御信号で上書きすることによって、前記有線信号のフレーム間の情報伝送を行っていない前記区間よりも長い前記無線制御信号を含む前記無線信号を生成することを特徴とする請求項１に記載の無線送信装置。
前記有線信号が誤り検出符号を含む場合であっても、誤り検出処理を実行しないことを特徴とする請求項１に記載の無線送信装置。
複数の信号系統のそれぞれに対応して設けられ、有線で伝送される信号であって複数のフレームから構成される有線信号を受信する複数の有線受信部と、
受信した前記有線信号のフレーム間の情報伝送を行っていない区間に、無線通信管理用の制御信号である無線制御信号を挿入する無線制御信号付与部と、
前記有線信号の受信ビットパターンと前記無線制御信号とを用いて、無線送信する無線信号を生成する無線信号生成部と、
前記無線信号を送信する１つの無線送信部と、
を備え、
前記無線信号生成部は、複数の前記信号系統を多重して前記無線信号を生成し、
１つの前記無線送信部で複数の前記信号系統を多重伝送することを特徴とする無線送信装置。
前記有線信号を構成する前記フレームは、イーサネットフレームであることを特徴とする請求項１に記載の無線送信装置。
請求項１から
３
のいずれか１項に記載の無線送信装置が送信した前記無線信号を受信する無線受信装置であって、
前記無線信号の復調処理を行う復調部と、
前記無線信号に含まれる前記無線制御信号に基づいて、前
記無
線伝送区間における無線通信管理を行う無線制御信号処理部と、
を備え
、
前記復調部は、前記無線制御信号が示す変調方式に対応する復調処理を行う
ことを特徴とする無線受信装置。
前記無線制御信号処理部は、前記無線通信管理として、前記無線伝送区間における無線通信品質の測定と、前記無線送信装置が送信した前記無線信号の受信処理の動作制御とのうち少なくとも一方を行うことを特徴とする請求項６に記載の無線受信装置。
受信した前記無線信号から前記無線制御信号を取り除いて前記無線送信装置が受信した前記有線信号を復元する有線信号生成部と、
復元した前記有線信号を有線送信する有線送信部と、
をさらに備えることを特徴とする請求項６に記載の無線受信装置。
前記有線信号生成部は、受信した前記無線信号の情報伝送用のフレーム部分に予め定められたプリアンブルが検出できない場合、前記プリアンブルを再付与することによって前記有線信号を復元することを特徴とする請求項８に記載の無線受信装置。
有線で伝送される信号であって複数のフレームから構成される有線信号を受信する有線受信部と、
受信した前記有線信号のフレーム間の情報伝送を行っていない区間に、無線通信管理用の制御信号である無線制御信号を挿入する無線制御信号付与部と、
前記有線信号の受信ビットパターンと前記無線制御信号とを用いて、無線送信する無線信号を生成する無線信号生成部と、
を備え、
１対１で予め対応づけられた送信元装置と送信先装置との間の有線通信の通信信号の一部区間を無線伝送するための
無線送信装置が送信した前記無線信号を中継する無線中継装置であって、
受信した前記無線信号に含まれる前記無線制御信号に基づいて、前記無線信号による無線伝送区間における無線通信管理を行う無線制御信号処理部と、
受信した前記無線信号に基づいて、再送信する無線信号である無線再送信信号を生成する無線再送信信号生成部と、
前記無線再送信信号を送信する無線送信部と、
を備えることを特徴とする無線中継装置。
前記無線制御信号処理部は、受信した前記無線信号に含まれる前記無線制御信号に、中継回数の情報を加えて前記無線再送信信号の無線制御信号を生成し、
前記無線再送信信号生成部は、前記無線制御信号処理部が生成する前記無線制御信号を含む前記無線再送信信号を生成することを特徴とする請求項１０に記載の無線中継装置。
前記無線制御信号処理部は、前記無線通信管理として、前記無線伝送区間における無線通信品質の測定と、前記無線送信装置が送信した前記無線信号の受信処理の動作制御とのうち少なくとも一方を行うことを特徴とする請求項１０に記載の無線中継装置。
１対１で予め対応づけられた送信元装置と送信先装置との間の有線通信の通信信号の一部区間を無線伝送するための無線送信装置であって、有線で伝送される信号であって複数のフレームから構成される有線信号を受信し、前記有線信号を無線信号に変換して送信する前記無線送信装置を制御する制御回路であって、
受信した前記有線信号のフレーム間の情報伝送を行っていない区間に、無線通信管理用の制御信号である無線制御信号を挿入するステップ、
を前記無線送信装置に実行させ
、
前記無線制御信号は、前記無線送信装置が前記無線信号を生成する際に、前記無線信号による無線伝送区間の通信品質に応じた変調方式を用いる適応変調で行う変調処理で用いる変調方式を示す情報を含む
ことを特徴とする制御回路。
１対１で予め対応づけられた送信元装置と送信先装置との間の有線通信の通信信号の一部区間を無線伝送するための無線送信装置であって、有線で伝送される信号であって複数のフレームから構成される有線信号を受信し、前記有線信号を無線信号に変換して送信する前記無線送信装置を制御するためのプログラムを記憶した記憶媒体において、該プログラムは、
受信した前記有線信号のフレーム間の情報伝送を行っていない区間に、無線通信管理用の制御信号である無線制御信号を挿入するステップ、
を前記無線送信装置に実行させ
、
前記無線制御信号は、前記無線送信装置が前記無線信号を生成する際に、前記無線信号による無線伝送区間の通信品質に応じた変調方式を用いる適応変調で行う変調処理で用いる変調方式を示す情報を含む
ことを特徴とする記憶媒体。
１対１で予め対応づけられた送信元装置と送信先装置との間の有線通信の通信信号の一部区間を無線伝送する通信システムであって、
有線で伝送される信号であって複数のフレームから構成される有線信号を受信し、受信した前記有線信号のフレーム間の情報伝送を行っていない区間に、無線通信管理用の制御信号である無線制御信号を挿入した無線信号を生成し、生成した前記無線信号を送信する無線送信装置と、
前記無線送信装置が送信する前記無線信号を受信し、受信した前記無線信号に含まれる前記無線制御信号に基づいて、前記無線信号による無線伝送区間における無線通信管理を行うと共に、受信した前記無線信号から前記無線制御信号を取り除いて、前記無線送信装置が受信した前記有線信号を復元し、復元した前記有線信号を有線送信する無線受信装置と、
を備え
、
前記無線送信装置は、前記無線信号による無線伝送区間の通信品質に応じた変調方式を用いる適応変調によって変調処理を行い、
前記無線制御信号は、前記変調処理で用いる変調方式を示す情報を含み、
前記無線受信装置は、受信した前記無線信号に含まれる前記無線制御信号が示す前記変調方式に対応する復調処理を行う
ことを特徴とする通信システム。
１対１で予め対応づけられた送信元装置と送信先装置との間の有線通信の通信信号の一部区間を無線伝送する通信方法であって、
無線送信装置が、有線で伝送される信号であって複数のフレームから構成される有線信号を受信するステップと、
前記無線送信装置が、受信した前記有線信号のフレーム間の情報伝送を行っていない区間に、無線通信管理用の制御信号である無線制御信号を挿入し
て、前記無線伝送の通信品質に応じた変調方式を用いる適応変調によって変調処理を行い、前記無線制御信号が前記変調処理で用いる変調方式を示す情報を含む
無線信号を生成するステップと、
前記無線送信装置が、生成した前記無線信号を送信するステップと、
無線受信装置が、前記無線信号を受信するステップと、
前記無線受信装置が、受信した前記無線信号に含まれる前記無線制御信号
が示す前記変調方式に対応する復調処理
を行うステップと、
前記無線受信装置が、受信した前記無線信号から前記無線制御信号を取り除いて、前記無線送信装置が受信した前記有線信号を復元するステップと、
前記無線受信装置が、復元した前記有線信号を有線送信するステップと、
を含むことを特徴とする通信方法。"
JP7520272B1,無線通信装置、無線通信方法、制御回路および記憶媒体,https://patents.google.com/patent/JP7520272B1/ja,本開示は、無線通信装置、無線通信方法、制御回路および記憶媒体に関する。,有線信号区間の一部を無線化する技術として、特許文献１には、イーサネット（登録商標）等の有線信号に対し、受信側でクロック再生しやすいように４Ｂ５Ｂ等のビットパターンに変換を行ってから無線で伝送する技術が示されている。,"特許文献１には記載されていないが、一般的に、ビットパターン変換等を実行して送信信号を生成する回路と、送信信号のアップコンバートなどを実行して無線信号として送信する無線回路とは、装置の保護および簡易化のために、交流結合（以下、ＡＣ（Alternating  Current）結合と記載する）での接続が有効とされる。
しかしながら、ＡＣ結合を用いる場合、直流成分（以下、ＤＣ（Direct  Current）成分と記載する）がカットされるため、データ伝送が難しくなるケースがある。例えば、特許文献１には、送信機と受信機との間で伝送する信号をＡＳＫ（Amplitude  Shift  Keying）変調信号とすることが記載されている。ＡＳＫ変調は、信号振幅で１，０を表現して情報を伝送するが、ＤＣ成分がカットされると‘１’，‘０’がそれぞれ‘０．５’，‘－０．５’となり、振幅をみるといずれも‘０．５’のため、受信側で判定ができなくなる。
本開示は、上記に鑑みてなされたものであって、ビット処理を行う回路と無線信号の送信処理を行う回路とをＡＣ結合により接続する場合でも正常なデータ伝送を可能とする無線通信装置を得ることを目的とする。","上述した課題を解決し、目的を達成するために、本開示は、ＡＳＫ変調された送信データを生成するベースバンド部を構成する回路と無線信号を送信する無線部を構成する回路とがＡＣ結合により接続された無線通信装置であって、ベースバンド部は、送信データを構成する各ビットを、ＡＣ結合により信号の直流成分がカットされた場合でも包絡線検波により元のビットを復元可能なビットパターンに変換するビットパターン変換部、を備え
、ビットパターン変換部は、０を示すビットについては、０を示すビットが定められた第１の数だけ連続するビットパターンに変換し、１を示すビットについては、１を示すビットが第２の数だけ連続するビット列と０を示すビットが第２の数だけ連続するビット列とが交互に連なり、かつ合計ビット数が第１の数のビットパターンに変換する、
ことを特徴とする。",本開示にかかる無線通信装置は、ビット処理を行う回路と無線信号の送信処理を行う回路とをＡＣ結合により接続する場合でも正常なデータ伝送ができる、という効果を奏する。,"特許文献１には記載されていないが、一般的に、ビットパターン変換等を実行して送信信号を生成する回路と、送信信号のアップコンバートなどを実行して無線信号として送信する無線回路とは、装置の保護および簡易化のために、交流結合（以下、ＡＣ（Alternating  Current）結合と記載する）での接続が有効とされる。
しかしながら、ＡＣ結合を用いる場合、直流成分（以下、ＤＣ（Direct  Current）成分と記載する）がカットされるため、データ伝送が難しくなるケースがある。例えば、特許文献１には、送信機と受信機との間で伝送する信号をＡＳＫ（Amplitude  Shift  Keying）変調信号とすることが記載されている。ＡＳＫ変調は、信号振幅で１，０を表現して情報を伝送するが、ＤＣ成分がカットされると‘１’，‘０’がそれぞれ‘０．５’，‘－０．５’となり、振幅をみるといずれも‘０．５’のため、受信側で判定ができなくなる。
本開示は、上記に鑑みてなされたものであって、ビット処理を行う回路と無線信号の送信処理を行う回路とをＡＣ結合により接続する場合でも正常なデータ伝送を可能とする無線通信装置を得ることを目的とする。
上述した課題を解決し、目的を達成するために、本開示は、ＡＳＫ変調された送信データを生成するベースバンド部を構成する回路と無線信号を送信する無線部を構成する回路とがＡＣ結合により接続された無線通信装置であって、ベースバンド部は、送信データを構成する各ビットを、ＡＣ結合により信号の直流成分がカットされた場合でも包絡線検波により元のビットを復元可能なビットパターンに変換するビットパターン変換部、を備え
、ビットパターン変換部は、０を示すビットについては、０を示すビットが定められた第１の数だけ連続するビットパターンに変換し、１を示すビットについては、１を示すビットが第２の数だけ連続するビット列と０を示すビットが第２の数だけ連続するビット列とが交互に連なり、かつ合計ビット数が第１の数のビットパターンに変換する、
ことを特徴とする。
本開示にかかる無線通信装置は、ビット処理を行う回路と無線信号の送信処理を行う回路とをＡＣ結合により接続する場合でも正常なデータ伝送ができる、という効果を奏する。","以下に、本開示の実施の形態にかかる無線通信装置、無線通信方法、制御回路および記憶媒体を図面に基づいて詳細に説明する。
実施の形態１．
図１は、実施の形態１にかかる無線通信装置が含まれる通信システム１００の構成例を示す図である。
通信システム１００は、本実施の形態にかかる無線通信装置である無線送信機１と、無線送信機１から送信される無線信号を受信する無線受信機２とを含む。本実施の形態では、送信データをＡＳＫ変調して得られるＡＳＫ変調信号を無線送信機１が無線受信機２へ送信するものとする。
無線送信機１は、有線信号受信部１１、パケット変換部１２、ビットパターン変換部１３、高速シリアルインタフェース（Ｉ／Ｆ）部１４および無線送信部１６を備える。有線信号受信部１１、パケット変換部１２、ビットパターン変換部１３および高速シリアルインタフェース部１４はベースバンド部１０を構成し、無線送信部１６は無線部１５を構成する。ベースバンド部１０を構成する回路と無線部１５を構成する回路とはＡＣ結合により接続される。
有線信号受信部１１は、有線信号を受信する。有線信号受信部１１は、例えば、Ｅｔｈｅｒｎｅｔ（登録商標）、ＲＳ－２３２Ｃ，ＲＳ－４２２，ＲＳ－４８５といった通信方式に従った有線通信を、図示を省略した他の機器との間で行う。有線信号受信部１１は、他の機器から受信した有線信号の復調データを生成して、生成した復調データのビット列をパケット変換部１２に出力する。
パケット変換部１２は、有線信号受信部１１から入力されるビット列をパケット化する。パケット変換部１２は、連続して入力されるビット列を定められたサイズのビット列に分割し、分割後のビット列のそれぞれに対して、例えば、同期用のプリアンブル、エラー確認用のＣＲＣ（Cyclic  Redundancy  Check）等を付与してパケットを生成する。パケット変換部１２は、パケット化後のビット列をビットパターン変換部１３に出力する。
ビットパターン変換部１３は、パケット変換部１２から入力されるビット列のビットそれぞれを、定められたビットパターンに変換する。ビットパターン変換部１３は、ベースバンド部１０と無線部１５とを接続するＡＣ結合によってＤＣ成分がカットされた場合でも、無線受信機２で元のビット列を受信可能な、すなわち、ビットパターンに変換される前のビット列を復元可能なビットパターンへの変換を行う。
具体的には、ビットパターン変換部１３は、‘１’を送るときは‘１０１０…’,‘１１００１１００…’，‘１１１０００１１１０００…’等の交番パターンを出力する。交番パターンは、１以上の連続する‘１'と‘０'とが交互に連なるビットパターンであり、‘１'が連続する数と‘０'が連続する数とは同一とする。送信データ‘１’が変換された後のビットパターンの合計ビット数を第１の数とし、このビットパターンにおいて‘１'が連続する数および‘０'が連続する数を第２の数とする。すなわち、ビットパターン変換部１３は、送信データ‘１’を、‘１’を示すビットが第２の数だけ連続するビット列と‘０’を示すビットが第２の数だけ連続するビット列とが交互に連なり、かつ合計ビット数が第１の数のビットパターンに変換する。
また、ビットパターン変換部１３は、‘０’を送るときは‘００００…’のようにオール０のビットパターンを出力する。‘０’を送るときにビットパターン変換部１３が出力するビットパターンの長さは、‘１’を送るときにビットパターン変換部１３が出力するビットパターンの長さと同じとする。すなわち、ビットパターン変換部１３は、送信データ‘０’を、‘０’を示すビットが第１の数だけ連続するビットパターンに変換する。
ビットパターン変換部１３によるビットパターンへの変換処理は、事前に決定するビットパターン変換をテーブル化し、入力パターンに応じてテーブルから読み出すことで実現できる。変換後のビットパターンの長さ（前述の第１の数に相当）は、無線送信機１が無線受信機２へ送りたい信号のビットレートであるビットパターン変換部１３への入力信号のビットレートと、高速シリアルインタフェース部１４から無線送信部１６への出力信号のビットレートとによって決まる。ビットパターン変換部１３が上記のような変換を行うことにより、データを受信する側の無線受信機２では、ＡＳＫ変調信号を復調する一般的な非同期検波である包絡線検波を行うことで受信データを得ることができる。
図２は、実施の形態１にかかる無線送信機１が備えるビットパターン変換部１３の構成例を示す図である。
図２に示すように、ビットパターン変換部１３は、ＡＳＫビットパターン変換テーブル３１を有する。ビットパターン変換部１３は、入力されるビット列５１の各ビットをＡＳＫビットパターン変換テーブル３１に従ってビットパターンに変換し、ビット列５２として出力する。図２では、高速シリアルインタフェース部１４の送信レート設定を４Ｇｂｐｓとし、送りたい信号のビットレートを１Ｇｂｐｓとした場合の例を示している。
図２に示す例の場合、ビットパターン変換部１３は、‘１’を送りたい場合は‘１０１０’に変換し、‘０’を送りたい場合は‘００００’に変換する。すなわち、ビットパターン変換部１３は、‘１’が入力されると‘１０１０’に変換して高速シリアルインタフェース部１４に出力し、‘０’が入力されると‘００００’に変換して高速シリアルインタフェース部１４に出力する。
高速シリアルインタフェース部１４は、ビットパターン変換部１３から受け取ったビット列をＩ（Inphase）ｃｈまたはＱ（Quadrature）ｃｈの信号として無線送信部１６に出力する。
図２に示す例とは異なるビット変換方法を図３に示す。図３は、実施の形態１にかかる無線送信機１が備えるビットパターン変換部１３の他の動作例を示す図である。
ビットパターン変換部１３は、図３に示すビット変換処理５３を実行してもよい。図３に示す例は、図２を用いて説明した例と同様に、高速シリアルインタフェース部１４の送信レート設定を４Ｇｂｐｓとし、送りたい信号のビットレートを１Ｇｂｐｓとした場合を示している。
図３に示す他の例の場合、ビットパターン変換部１３は、‘１’を送りたい場合は‘１１００’に変換し、‘０’を送りたい場合は‘００００’に変換する。この例では、‘１’を変換した後のビットパターン‘１１００’の周波数（交番パターンの周波数、この例では±１ＧＨｚ）に信号情報が存在するため、無線受信機２では搬送波周波数±１ＧＨｚの周波数に同期して復調を行うことになる。交番パターンの周波数をどうするか（上記の‘１０１０’にするか‘１１００’にするか）は、無線部１５を構成するハードウェア（例えば、集積回路）が対応可能な入力帯域幅や、送信したい信号のビットレート、高速シリアルインタフェース部１４が対応可能な送信レートの設定範囲等を考慮して決定する。
図２および図３を用いて説明したような変換をビットパターン変換部１３が行うことで、信号の変調成分がＤＣおよびビットパターン周波数を中心とする位置に発生し、ＡＣ結合によりＤＣ成分がカットされた場合においても、無線受信機２ではビットパターン周波数に同期することで情報をロストせずに復調することが可能となる。
無線送信部１６は、ビットパターン変換部１３から出力され、高速シリアルインタフェース部１４を介してＡＣ結合で入力されるビットパターン（Ｉｃｈ信号またはＱｃｈ信号）を定められた周波数にアップコンバートするなどしてＲＦ（Radio  Frequency）信号に変換し、アンテナ等から送信する。信号送信スペクトルが広がり、周囲の無線システムへの干渉が問題となる場合には、ＲＦ信号への変換前後に任意の帯域制限フィルタ等を設けてもよい。
以上の無線送信機１の動作をフローチャートで示すと図４のようになる。図４は、実施の形態１にかかる無線送信機１によるデータ送信動作の一例を示すフローチャートである。
図４に示すように、無線送信機１は、まず、送信データを取得する（ステップＳ１１）。具体的には、有線信号受信部１１が有線信号を受信し、復調処理を実行することで、有線信号に含まれる送信データを取得する。有線信号受信部１１は、取得した送信データをパケット変換部１２に出力する。
無線送信機１は、次に、送信データをパケット化する（ステップＳ１２）。具体的には、パケット変換部１２が、有線信号受信部１１から入力される送信データをパケット化する。パケット変換部１２は、パケット化した送信データをビットパターン変換部１３に出力する。
無線送信機１は、次に、パケット化後の送信データのビットパターンを変換する（ステップＳ１３）。具体的には、ビットパターン変換部１３が、パケット変換部１２から入力される、パケット化された後の送信データの各ビットを定められたビットパターンに変換する。ビットパターン変換部１３は、ビットパターン変換後の送信データを高速シリアルインタフェース部１４経由で無線送信部１６に出力する。
無線送信機１は、次に、ビットパターン変換後の送信データを無線信号に変換して送信する（ステップＳ１４）。具体的には、無線送信部１６が、ビットパターン変換部１３から入力される、ビットパターン変換後の送信データを無線周波数帯の信号に変換し、無線信号としてアンテナから送信する。
図１の説明に戻り、無線受信機２は、有線信号送信部２１、パケット変換部２２、高速シリアルインタフェース部２３、検波部２５および無線受信部２６を備える。有線信号送信部２１、パケット変換部２２および高速シリアルインタフェース部２３はベースバンド部２０を構成し、検波部２５および無線受信部２６は無線部２４を構成する。無線受信機２は、無線信号を受信する一般的な受信装置であり、受信信号に対して一般的な復調処理を行い、無線送信機１から伝送されたデータを復元する。
ベースバンド部２０の高速シリアルインタフェース部２３と無線部２４の検波部２５とはＡＣ結合により接続される。
無線受信部２６は、無線送信機１から送信され、アンテナ等で受信されたＲＦ信号に対してダウンコンバート等を行い検波部２５に出力する。
検波部２５は、無線受信部２６が出力する信号に対して包絡線検波を行い、無線送信機１のパケット変換部１２が出力するビット列と同様のビット列を復元して高速シリアルインタフェース部２３に出力する。
高速シリアルインタフェース部２３は、検波部２５が出力するビット列を受け取りパケット変換部２２に受け渡す。
パケット変換部２２は、高速シリアルインタフェース部２３から入力される、パケット化された状態のビット列から情報系列を抽出して有線信号送信部２１に出力する。
有線信号送信部２１は、パケット変換部２２から情報系列を受け取ると、定められた形式の信号に変換する等して有線信号を生成し、図示を省略した他の機器に送信する。
以上説明したように、本実施の形態にかかる通信システム１００において、無線送信機１は、送信データを構成するビット系列の各ビットを、ＡＣ結合された区間を通過する際にＤＣ成分がカットされた場合でも元のビット系列を判定可能なビットパターンに変換するビットパターン変換部１３を備える。これにより、ビット処理を行うベースバンド部１０を構成する回路と、無線信号の送信処理を行う無線部１５を構成する回路とがＡＣ結合された構成であっても、正常なデータ伝送が可能となる。
実施の形態２．
図５は、実施の形態２にかかる無線通信装置が含まれる通信システム１００ａの構成例を示す図である。図５では、図１に示した実施の形態１にかかる通信システム１００と共通の構成要素に同じ符号を付している。このため、通信システム１００と同じ符号を付した構成要素については説明を省略する。
実施の形態１では、無線送信機１が送信データをＡＳＫ変調して無線受信機２へ伝送する通信システム１００について説明したが、ＡＳＫ変調方式は一般的にフェージング等の伝搬路変動に弱いため、伝搬路変動に強いＦＳＫ（Frequency  Shift  Keying）変調方式を用いたい場合もある。そこで、本実施の形態では、送信データをＦＳＫ変調して得られるＦＳＫ変調信号を伝送する通信システム１００ａについて説明する。
図５に示すように、通信システム１００ａは、実施の形態２にかかる無線通信装置である無線送信機１ａと、無線送信機１ａから送信される無線信号を受信する無線受信機２とを含む。
無線送信機１ａは、実施の形態１にかかる無線送信機１のビットパターン変換部１３をビットパターン変換部１３ａに置き換えた構成である。有線信号受信部１１、パケット変換部１２、ビットパターン変換部１３ａおよび高速シリアルインタフェース部１４はベースバンド部１０ａを構成する。ベースバンド部１０ａの高速シリアルインタフェース部１４と無線部１５の無線送信部１６とはＡＣ結合により接続される。
ビットパターン変換部１３ａは、パケット変換部１２から出力されるビット列の各ビットに対し、実施の形態１にかかる無線送信機１のビットパターン変換部１３とは異なる変換処理を実行する。
図６は、実施の形態２にかかる無線送信機１ａが備えるビットパターン変換部１３ａの構成例を示す図である。
図６に示すように、ビットパターン変換部１３ａは、位相計算部３２およびシリアルパラレル（Ｓ／Ｐ）変換部３３を備え、入力されるビット列６１の各ビットを定められたビットパターンに変換し、Ｉｃｈ信号およびＱｃｈ信号としてビット列６２を出力する。図６では、高速シリアルインタフェース部１４の送信レート設定を４Ｇｂｐｓとし、送りたい信号のビットレートを２Ｇｂｐｓとした場合の例を示している。
位相計算部３２は、入力ビットパターンｂ(ｔ)＝｛０，１｝と、オーバーサンプル率Ｐ（高速シリアルインタフェース部１４の送信レートの設定値と、実際に送信したい信号のビットレートとの比）とに基づいて、送信信号の位相情報であるπ／２単位の位相値θ(ｉ)＝｛π/４，３π/４，５π/４，７π/４｝を算出する。位相計算部３２は、決定した４つの位相値θ(ｉ)に２ｂｉｔを割り当て、θ
out
(ｉ)＝｛１１，０１，００，１０｝をＳ／Ｐ変換部３３に出力する。すなわち、位相計算部３２は、位相値θ(ｉ)＝π/４の場合はθ
out
(ｉ)＝１１をＳ／Ｐ変換部３３に出力し、位相値θ(ｉ)＝３π/４の場合はθ
out
(ｉ)＝０１をＳ／Ｐ変換部３３に出力し、位相値θ(ｉ)＝５π/４の場合はθ
out
(ｉ)＝００をＳ／Ｐ変換部３３に出力し、位相値θ(ｉ)＝７π/４の場合はθ
out
(ｉ)＝１０をＳ／Ｐ変換部３３に出力する。
位相計算部３２による位相値θ(ｉ)の決定処理は以下の式（１）で表現できる。
Ｓ／Ｐ変換部３３は、位相計算部３２から出力される２ｂｉｔのシリアルデータをパラレルデータに変換し、変換後のデータ（２ｂｉｔのパラレルデータ）をＩｃｈ信号およびＱｃｈ信号として出力する。
図６に示す例の場合、オーバーサンプル率Ｐ＝２である。また、位相計算部３２に入力されるビットパターンｂ(ｔ)が［１，０，０，１］であり、このときの位相値θ(ｉ)の遷移を図で示すと図７のようになる。なお、図７は、実施の形態２にかかる無線送信機１ａの位相計算部３２が算出する位相値の遷移例を示す図である。
位相値θ(ｉ)が図７に示すように遷移する場合、位相計算部３２の出力θ
out
(ｉ)は［１１，０１，００，０１，１１，１０，００，１０］となる。そして、Ｓ／Ｐ変換部３３からビット列６２が出力される。
このように、ビットパターン変換部１３ａは、送信データを構成するビット系列の各ビットを、ビット値と、高速シリアルインタフェース部１４の送信レートと送信データのビットレートとの比であるオーバーサンプル率Ｐとに基づいて、２ｂｉｔのビットパターンに変換し、各ビットをＩｃｈ信号およびＱｃｈ信号として出力する。これにより、ベースバンド部１０ａと無線部１５とを接続するＡＣ結合によって、ベースバンド部１０ａの出力信号からＤＣ成分がカットされた場合でも、データを受信する側の無線受信機２では、ＦＳＫ変調信号を復調する一般的な非同期検波であるディスクリミネータ検波を行うことで受信データを得ることができる。
本実施の形態にかかる無線送信機１ａのベースバンド部１０ａが出力する信号のコンスタレーションは、図８に示すもの、すなわち、ＤＣオフセットを持つコンスタレーションとなる。なお、図８は、実施の形態２にかかる無線送信機１ａのベースバンド部１０ａが出力する信号のコンスタレーションの一例を示す図である。
ベースバンド部１０ａが出力する信号は、ベースバンド部１０ａと無線部１５とを接続するＡＣ結合によりＤＣ成分がカットされ、無線部１５に入力される時点でのコンスタレーションは図９に示すものとなる。なお、図９は、実施の形態２にかかる無線送信機１ａの無線部１５に入力される信号のコンスタレーションの一例を示す図である。図９に示すように、無線部１５に入力される信号はＤＣ成分を有していない。このため、受信側（無線受信機２）では信号点を正しく判定して元のビット列を得ることが可能となる。
以上説明したように、本実施の形態にかかる無線送信機１ａによれば、ベースバンド部１０ａと無線部１５とがＡＣ結合により接続される場合であってもデータ伝送を正常に行うことができる。また、ビットパターン変換部１３ａは、入力ビットパターンおよびオーバーサンプル率Ｐに基づいて４値の位相情報を決定し、これを２値のＩ信号およびＱ信号に変換するため、伝搬路変動が激しい環境においてもデータを正しく伝送することが可能となり、高品質な通信を実現できる。
つづいて、実施の形態１にかかる無線送信機１および実施の形態２にかかる無線送信機１ａのハードウェア構成について説明する。無線送信機１のハードウェア構成と無線送信機１ａのハードウェア構成とは同様であるため、ここでは無線送信機１のハードウェア構成について説明する。
無線送信機１の無線部１５は、例えば、トランシーバーで実現される。
無線送信機１のベースバンド部１０は、例えば、受信回路、シリアルインタフェースおよび処理回路により実現される。具体的には、ベースバンド部１０の有線信号受信部１１が受信回路により実現され、高速シリアルインタフェース部１４がシリアルインタフェースにより実現される。ベースバンド部１０のパケット変換部１２およびビットパターン変換部１３が処理回路により実現される。
パケット変換部１２およびビットパターン変換部１３を実現する処理回路は、メモリに格納されるプログラムを実行するプロセッサおよびメモリであってもよいし、専用のハードウェアであってもよい。処理回路は制御回路とも呼ばれる。
図１０は、実施の形態１にかかる無線送信機１のベースバンド部１０を構成するパケット変換部１２およびビットパターン変換部１３を実現する処理回路の例を示す図である。図１０では、パケット変換部１２およびビットパターン変換部１３をプロセッサ９１およびメモリ９２で実現する場合の処理回路９０の例を示している。図１０に示す処理回路９０は、プロセッサ９１およびメモリ９２を備える。処理回路９０の各機能は、ソフトウェア、ファームウェア、またはソフトウェアとファームウェアとの組み合わせにより実現される。ソフトウェアまたはファームウェアはプログラムとして記述され、メモリ９２に格納される。処理回路９０では、メモリ９２に記憶されたプログラムをプロセッサ９１が読み出して実行することにより、各機能を実現する。すなわち、処理回路９０は、無線送信機１のベースバンド部１０を構成するパケット変換部１２およびビットパターン変換部１３の処理が結果的に実行されることになるプログラムを格納するためのメモリ９２を備える。このプログラムは、処理回路９０により実現される各機能を無線送信機１に実行させるためのプログラムであるともいえる。このプログラムは、プログラムが記憶された記憶媒体により提供されてもよいし、通信媒体など他の手段により提供されてもよい。
プロセッサ９１は、例えば、ＣＰＵ（Central  Processing  Unit）、処理装置、演算装置、マイクロプロセッサ、マイクロコンピュータ、またはＤＳＰ（Digital  Signal  Processor）などである。また、メモリ９２は、例えば、ＲＡＭ（Random  Access  Memory）、ＲＯＭ（Read  Only  Memory）、フラッシュメモリ、ＥＰＲＯＭ（Erasable  Programmable  ＲＯＭ）、ＥＥＰＲＯＭ（登録商標）（Electrically  ＥＰＲＯＭ）などの、不揮発性または揮発性の半導体メモリである。
図１１は、実施の形態１にかかる無線送信機１のベースバンド部１０を構成するパケット変換部１２およびビットパターン変換部１３を実現する処理回路の他の例を示す図である。図１１では、パケット変換部１２およびビットパターン変換部１３を専用のハードウェアで構成する場合の処理回路９３の例を示している。図１１に示す処理回路９３は、例えば、単一回路、複合回路、プログラム化したプロセッサ、並列プログラム化したプロセッサ、ＡＳＩＣ（Application  Specific  Integrated  Circuit）、ＦＰＧＡ（Field  Programmable  Gate  Array）、またはこれらを組み合わせたものが該当する。処理回路については、一部を専用のハードウェアで実現し、一部をソフトウェアまたはファームウェアで実現するようにしてもよい。このように、処理回路は、専用のハードウェア、ソフトウェア、ファームウェア、またはこれらの組み合わせによって、上述の各機能を実現することができる。なお、処理回路９３は、シリアルインタフェースを備える構成であってもよい。この場合、ベースバンド部１０の高速シリアルインタフェース部１４を処理回路９３で実現してもよい。
以上の実施の形態に示した構成は、一例を示すものであり、別の公知の技術と組み合わせることも可能であるし、実施の形態同士を組み合わせることも可能であるし、要旨を逸脱しない範囲で、構成の一部を省略、変更することも可能である。","Claims (
5
)
ＡＳＫ変調された送信データを生成するベースバンド部を構成する回路と無線信号を送信する無線部を構成する回路とがＡＣ結合により接続された無線通信装置であって、
前記ベースバンド部は、
前記送信データを構成する各ビットを、前記ＡＣ結合により信号の直流成分がカットされた場合でも包絡線検波により元のビットを復元可能なビットパターンに変換するビットパターン変換部、
を備え
、
前記ビットパターン変換部は、
０を示すビットについては、０を示すビットが定められた第１の数だけ連続するビットパターンに変換し、
１を示すビットについては、１を示すビットが第２の数だけ連続するビット列と０を示すビットが前記第２の数だけ連続するビット列とが交互に連なり、かつ合計ビット数が前記第１の数のビットパターンに変換する、
ことを特徴とする無線通信装置。
前記ベースバンド部は、
前記ビットパターン変換部によりビット変換されたビットを無線送信部に送信す
るシ
リアルインタフェース部、を備え、
前記ビットパターン変換部における変換後のビットパターンの長さに相当する第１の数は、前記ビットパターン変換部への入力信号のビットレートと、前
記シ
リアルインタフェース部から出力される信号のビットレートとによって決まる、
ことを特徴とする請求項
１に
記載の無線通信装置。
ＡＳＫ変調された送信データを生成するベースバンド部を構成する回路と無線信号を送信する無線部を構成する回路とがＡＣ結合により接続された無線通信装置が信号を送信する無線通信方法であって、
前記ベースバンド部が、前記送信データを構成する各ビットを、前記ＡＣ結合により信号の直流成分がカットされた場合でも包絡線検波により元のビットを復元可能なビットパターンに変換して前記無線部に出力するビットパターン変換ステップと、
前記無線部が、前記ビットパターンを無線周波数帯の信号に変換して送信する無線送信ステップと、
を含
み、
前記ビットパターン変換ステップでは、
０を示すビットについては、０を示すビットが定められた第１の数だけ連続するビットパターンに変換し、
１を示すビットについては、１を示すビットが第２の数だけ連続するビット列と０を示すビットが前記第２の数だけ連続するビット列とが交互に連なり、かつ合計ビット数が前記第１の数のビットパターンに変換する、
ことを特徴とする無線通信方法。
ＡＳＫ変調された送信データを生成するベースバンド部を構成する回路と無線信号を送信する無線部を構成する回路とがＡＣ結合により接続された無線通信装置を制御する制御回路であって、
前記ベースバンド部が、前記送信データを構成する各ビットを、前記ＡＣ結合により信号の直流成分がカットされた場合でも包絡線検波により元のビットを復元可能なビットパターンに変換して前記無線部に出力するビットパターン変換ステップと、
前記無線部が、前記ビットパターンを無線周波数帯の信号に変換して送信する無線送信ステップと、
を前記無線通信装置に実行させ
、
前記ビットパターン変換ステップでは、
０を示すビットについては、０を示すビットが定められた第１の数だけ連続するビットパターンに変換し、
１を示すビットについては、１を示すビットが第２の数だけ連続するビット列と０を示すビットが前記第２の数だけ連続するビット列とが交互に連なり、かつ合計ビット数が前記第１の数のビットパターンに変換する、
ことを特徴とする制御回路。
ＡＳＫ変調された送信データを生成するベースバンド部を構成する回路と無線信号を送信する無線部を構成する回路とがＡＣ結合により接続された無線通信装置を制御するプログラムを記憶する記憶媒体であって、
前記プログラムは、
前記ベースバンド部が、前記送信データを構成する各ビットを、前記ＡＣ結合により信号の直流成分がカットされた場合でも包絡線検波により元のビットを復元可能なビットパターンに変換して前記無線部に出力するビットパターン変換ステップと、
前記無線部が、前記ビットパターンを無線周波数帯の信号に変換して送信する無線送信ステップと、
を前記無線通信装置に実行させ
、
前記ビットパターン変換ステップでは、
０を示すビットについては、０を示すビットが定められた第１の数だけ連続するビットパターンに変換し、
１を示すビットについては、１を示すビットが第２の数だけ連続するビット列と０を示すビットが前記第２の数だけ連続するビット列とが交互に連なり、かつ合計ビット数が前記第１の数のビットパターンに変換する、
ことを特徴とする記憶媒体。"
JP7562046B2,ロータリージョイント,https://patents.google.com/patent/JP7562046B2/ja,本開示は、静止体と回転体を備え、電磁波の伝送に用いられるロータリージョイントに関する。,"マイクロ波通信システムにおいて、固定部分と可動部分の間のリンクを形成するロータリージョイントが非特許文献１に示されている。
非特許文献１に示されたロータリージョイントは、同軸に積み重ねられた同じ直径の３平面導波管リングで構成され、中央リングは平面に沿って半分になっている。中央リングの上半分は出力リングに、下半分を入力リングにろう付けされ、入力リングから中央リングを介して出力リングへ電力伝送が行われる。","非特許文献１に示されたロータリージョイントは、中央リングのリング共振モードを介して入力リングから出力リングへ電力伝送を行っているため、中央リングのリング共振の周波数範囲においてのみ動作し、動作帯域が狭く、広帯域化に対して課題を有する。
本開示は上記課題を解決するもので、広帯域の伝送特性を有するロータリージョイントを得ることを目的とする。",本開示に係るロータリージョイントは、中心軸を中心とする円弧に沿って配置され、一面に平坦な開口面を有する第１の分割導波管、一端が第１の分割導波管の一端に第１の結合部を介して接続される第１の導波管、及び、一端が第１の分割導波管の他端に第２の結合部を介して接続される第２の導波管を有する静止体と、中心軸を中心に第１の分割導波管が配置される円弧と同一の径である円周に沿って配置され、一面に、第１の分割導波管の開口面と対向する平坦な開口面を有する環状の第２の分割導波管、それぞれが第２の分割導波管の一面に対向する他面に、互いに間隔をあけて配置され、それぞれが方向性結合器を介して第２の分割導波管に結合される複数の第３の導波管を有し、静止体に対して中心軸を中心に回転自在であり、互いの開口面が対向した位置において第２の分割導波管が第１の分割導波管と導波管を構成する回転体とを備える。,本開示によれば、ロータリージョイントとして広帯域の伝送特性を有する。,"非特許文献１に示されたロータリージョイントは、中央リングのリング共振モードを介して入力リングから出力リングへ電力伝送を行っているため、中央リングのリング共振の周波数範囲においてのみ動作し、動作帯域が狭く、広帯域化に対して課題を有する。
本開示は上記課題を解決するもので、広帯域の伝送特性を有するロータリージョイントを得ることを目的とする。
本開示に係るロータリージョイントは、中心軸を中心とする円弧に沿って配置され、一面に平坦な開口面を有する第１の分割導波管、一端が第１の分割導波管の一端に第１の結合部を介して接続される第１の導波管、及び、一端が第１の分割導波管の他端に第２の結合部を介して接続される第２の導波管を有する静止体と、中心軸を中心に第１の分割導波管が配置される円弧と同一の径である円周に沿って配置され、一面に、第１の分割導波管の開口面と対向する平坦な開口面を有する環状の第２の分割導波管、それぞれが第２の分割導波管の一面に対向する他面に、互いに間隔をあけて配置され、それぞれが方向性結合器を介して第２の分割導波管に結合される複数の第３の導波管を有し、静止体に対して中心軸を中心に回転自在であり、互いの開口面が対向した位置において第２の分割導波管が第１の分割導波管と導波管を構成する回転体とを備える。
本開示によれば、ロータリージョイントとして広帯域の伝送特性を有する。","","Claims (
18
)
中心軸を中心とする円弧に沿って配置され、一面に平坦な開口面を有する第１の分割導波管、一端が前記第１の分割導波管の一端に第１の結合部を介して接続される第１の導波管、及び、一端が前記第１の分割導波管の他端に第２の結合部を介して接続される第２の導波管を有する静止体と、
前記中心軸を中心に前記第１の分割導波管が配置される円弧と同一の径である円周に沿って配置され、一面に、前記第１の分割導波管の開口面と対向する平坦な開口面を有する環状の第２の分割導波管、それぞれが前記第２の分割導波管の一面に対向する他面に、互いに間隔をあけて配置され、それぞれが方向性結合器を介して前記第２の分割導波管に結合される複数の第３の導波管を有し、前記静止体に対して前記中心軸を中心に回転自在であり、互いの開口面が対向した位置において前記第２の分割導波管が前記第１の分割導波管と導波管を構成する回転体と、
を備えるロータリージョイント。
前記複数の第３の導波管は２つの第３の導波管であり、
前記２つの第３の導波管の一方の第３の導波管は、前記第２の分割導波管の他面に１８０度離隔した位置に配置された２つの方向性結合器の一方の方向性結合器により前記第２の分割導波管と結合されて前記第２の分割導波管の円周に沿って一方向に延在して配置され、
前記２つの第３の導波管の他方の第３の導波管は、前記２つの方向性結合器の他方の方向性結合器により前記第２の分割導波管と結合されて前記第２の分割導波管の円周に沿って一方向に延在して配置される、
請求項１に記載のロータリージョイント。
前記第１の導波管の他端は信号を出力する送信回路に接続され、
前記第２の導波管の他端は短絡又は終端され、
前記２つの第３の導波管の一方の第３の導波管における前記一方の方向性結合器側に位置する一端は短絡又は終端され、当該一端から一方向に延在された他端は受信回路に接続され、
前記２つの第３の導波管の他方の第３の導波管における前記他方の方向性結合器側に位置する一端は短絡又は終端され、当該一端から一方向に延在された他端は受信回路に接続される、
請求項２に記載のロータリージョイント。
前記静止体と前記回転体の位置関係が第１の位置において、前記第１の導波管に前記送信回路から入力された信号が第１の結合部を介して、互いの開口面が対向した位置における前記第１の分割導波管と前記第２の分割導波管とにより構成される導波管を伝送し、前記一方の方向性結合器から前記２つの第３の導波管の一方の第３の導波管に伝送して前記２つの第３の導波管の一方の第３の導波管の他端に至る伝送経路を形成し、
前記静止体と前記回転体の位置関係が第２の位置において、前記第１の導波管に前記送信回路から入力された信号が第１の結合部を介して、互いの開口面が対向した位置における前記第１の分割導波管と前記第２の分割導波管とにより構成される導波管を伝送し、前記他方の方向性結合器から前記２つの第３の導波管の他方の第３の導波管に伝送して前記２つの第３の導波管の他方の第３の導波管の他端に至る伝送経路を形成する、
請求項３に記載のロータリージョイント。
前記２つの第３の導波管の一方の第３の導波管の他端に接続された受信回路からの信号と前記２つの第３の導波管の他方の第３の導波管の他端に接続された受信回路からの信号は切り替えて出力される又は電力合成されて出力される、
請求項３に記載のロータリージョイント。
互いの開口面が対向した位置において前記第１の分割導波管と前記第２の分割導波管とにより構成される導波管における導波路の前記中心軸に沿った方向の断面形状における、前記中心軸方向の辺の長さが前記中心軸に対して垂直な辺の長さより長い矩形である、
請求項１から請求項５のいずれか１項に記載のロータリージョイント。
前記第１の分割導波管と前記第２の分割導波管とによる導波路の断面形状における前記中心軸方向の辺の長さが伝送信号の管内波長の１／２波長より長い、請求項６に記載のロータリージョイント。
前記第１の導波管は、前記中心軸を中心とする円弧に沿って配置され、一面が前記第２の分割導波管の開口面と対向し、
前記第１の導波管の一面と前記第２の分割導波管の開口面が対向した位置において前記第１の導波管と前記第２の分割導波管とにより構成される疑似導波管における疑似導波路の前記中心軸に沿った方向の断面形状が、前記中心軸方向の辺の長さが伝送信号の管内波長の１／２波長以下の矩形であり、
前記第２の導波管は、前記中心軸を中心とする円弧に沿って配置され、一面が前記第２の分割導波管の開口面と対向し、
前記第２の導波管の一面と前記第２の分割導波管の開口面が対向した位置において前記第２の導波管と前記第２の分割導波管とにより構成される疑似導波管における疑似導波路の前記中心軸に沿った方向の断面形状が、前記中心軸方向の長さが伝送信号の管内波長の１／２波長以下の矩形である、
請求項１から請求項５のいずれか１項に記載のロータリージョイント。
前記第１の導波管は、前記中心軸を中心とする円弧に沿って配置され、一面が前記第２の分割導波管の開口面と対向し、
前記第１の導波管の一面と前記第２の分割導波管の開口面が対向した位置において前記第１の導波管と前記第２の分割導波管とにより構成される疑似導波管における疑似導波路の前記中心軸に沿った方向の断面形状が、前記中心軸方向の辺の長さが伝送信号の管内波長の１／２波長以下の矩形であり、
前記第２の導波管は、前記中心軸を中心とする円弧に沿って配置され、一面が前記第２の分割導波管の開口面と対向し、
前記第２の導波管の一面と前記第２の分割導波管の開口面が対向した位置において前記第２の導波管と前記第２の分割導波管とにより構成される疑似導波管における疑似導波路の前記中心軸に沿った方向の断面形状が、前記中心軸方向の長さが伝送信号の管内波長の１／２波長以下の矩形である、
請求項６に記載のロータリージョイント。
中心軸を中心とする円弧に沿って配置され、一面に平坦な開口面を有する第１の分割導波管、一端が前記第１の分割導波管の一端に第１の結合部を介して接続される第１の導波管、及び、一端が前記第１の分割導波管の他端に第２の結合部を介して接続される第２の導波管を有する静止体と、
前記中心軸を中心に前記第１の分割導波管が配置される円弧と同一の径である円周に沿って配置され、一面に、前記第１の分割導波管の開口面と対向する平坦な開口面を有する環状の第２の分割導波管、前記第２の分割導波管の一面に対向する他面に円周に沿って配置され、前記第２の分割導波管の円周に沿って互いに間隔をあけて配置された複数の方向性結合器を介して前記第２の分割導波管に結合される第３の導波管を有し、前記静止体に対して前記中心軸を中心に回転自在であり、互いの開口面が対向した位置において前記第２の分割導波管が前記第１の分割導波管と導波管を構成する回転体と、
を備えるロータリージョイント。
前記複数の方向性結合器は前記第２の分割導波管の他面に１８０度離隔した位置に配置された２つの方向性結合器である、
請求項１０に記載のロータリージョイント。
前記第１の導波管の他端が信号を出力する送信回路に接続され、
前記第２の導波管の他端が短絡又は終端され、
前記第３の導波管の一端が受信回路に接続され、他端が短絡又は終端される、
請求項１１に記載のロータリージョイント。
前記静止体と前記回転体の位置関係が第１の位置において、前記第１の導波管に前記送信回路から入力された信号が第１の結合部を介して、互いの開口面が対向した位置における前記第１の分割導波管と前記第２の分割導波管とにより構成される導波管を伝送し、前記一方の方向性結合器から前記第３の導波管の一端に至る伝送経路を形成し、
前記静止体と前記回転体の位置関係が第２の位置において、前記第１の導波管に前記送信回路から入力された信号が第１の結合部を介して、互いの開口面が対向した位置における前記第１の分割導波管と前記第２の分割導波管とにより構成される導波管を伝送し、前記他方の方向性結合器から前記第３の導波管の一端に至る伝送経路を形成する、
請求項１２に記載のロータリージョイント。
前記第１の位置において前記第３の導波管の一端に接続された受信回路からの信号と前記第２の位置において第３の導波管の一端に接続された受信回路からの信号は切り替えて出力される又は電力合成されて出力される、
請求項１３
に記載のロータリージョイント。
互いの開口面が対向した位置において前記第１の分割導波管と前記第２の分割導波管とにより構成される導波管における導波路の前記中心軸に沿った方向の断面形状における、前記中心軸方向の辺の長さが前記中心軸に対して垂直な辺の長さより長い矩形である、
請求項１０から請求項１４のいずれか１項に記載のロータリージョイント。
前記第１の分割導波管と前記第２の分割導波管とによる導波路の断面形状における前記中心軸方向の辺の長さが伝送信号の管内波長の１／２波長より長い、請求項１５に記載のロータリージョイント。
前記第１の導波管は、前記中心軸を中心とする円弧に沿って配置され、一面が前記第２の分割導波管の開口面と対向し、
前記第１の導波管の一面と前記第２の分割導波管の開口面が対向した位置において前記第１の導波管と前記第２の分割導波管とにより構成される疑似導波管における疑似導波路の前記中心軸に沿った方向の断面形状が、前記中心軸方向の辺の長さが伝送信号の管内波長の１／２波長以下の矩形であり、
前記第２の導波管は、前記中心軸を中心とする円弧に沿って配置され、一面が前記第２の分割導波管の開口面と対向し、
前記第２の導波管の一面と前記第２の分割導波管の開口面が対向した位置において前記第２の導波管と前記第２の分割導波管とにより構成される疑似導波管における疑似導波路の前記中心軸に沿った方向の断面形状が、前記中心軸方向の長さが伝送信号の管内波長の１／２波長以下の矩形である、
請求項１０から請求項１４のいずれか１項に記載のロータリージョイント。
前記第１の導波管は、前記中心軸を中心とする円弧に沿って配置され、一面が前記第２の分割導波管の開口面と対向し、
前記第１の導波管の一面と前記第２の分割導波管の開口面が対向した位置において前記第１の導波管と前記第２の分割導波管とにより構成される疑似導波管における疑似導波路の前記中心軸に沿った方向の断面形状が、前記中心軸方向の辺の長さが伝送信号の管内波長の１／２波長以下の矩形であり、
前記第２の導波管は、前記中心軸を中心とする円弧に沿って配置され、一面が前記第２の分割導波管の開口面と対向し、
前記第２の導波管の一面と前記第２の分割導波管の開口面が対向した位置において前記第２の導波管と前記第２の分割導波管とにより構成される疑似導波管における疑似導波路の前記中心軸に沿った方向の断面形状が、前記中心軸方向の長さが伝送信号の管内波長の１／２波長以下の矩形である、
請求項１５に記載のロータリージョイント。"
JP7403726B1,接着構造体、半導体装置、モータ及び飛翔体,https://patents.google.com/patent/JP7403726B1/ja,"本願は、接着構造体、半導体装置、モータ
及び
飛翔
体
に関するものである。","近年、半導体装置及びモータの駆動部品などの高温耐熱化が検討され、構成部品を接着する接着剤に対しても耐熱性を求められている。高い接着力を持ち、高温に耐えられる接着剤としてエポキシ系接着剤が挙げられる。従来から使用されているエポキシ系接着剤は高いものでも１８０℃程度の耐熱性しか有していなかったが、最近では２００℃越えの耐熱性を持つ接着剤が上市され始めている。
しかし、一般的に耐熱性の高いものは硬化物が脆い、接着力が高くないなどの課題があった。加えて、温度サイクルなどで熱応力が加わった際に接着力が担保できずにクラックが生じる、または被着体から剥がれるといった問題があった。
半導体装置の接着用途において半導体素子と配線回路基板との間の接着剤の熱応力を充分に緩和するために、例えば特許文献１では、接着シートとしてシート状多孔質基材の両面に接着剤層が形成された構造のものが開示されている。","しかしながら、特許文献１のような接着シートでは、接着剤層に粘着剤を用いていることから構造用接着に必要な強度を発揮できないという問題があった。
本願は、上記のような課題を解決するためになされたものであり、熱応力を十分に緩和でき、接着性に優れた接着構造体、半導体装置、モータ
及び
飛翔
体
を提供することを目的とする。","本願に開示される接着構造体は、多孔体骨格により細孔が形成されたエポキシ系樹脂製の薄膜を備え、前記薄膜の細孔には接着剤が含侵された
接着構造体であって、前記薄膜は、熱伝導性材料および／または導電性材料を含む
ことを特徴とする。
本願に開示される半導体装置は、基板の表面に上記
本願に開示される
接着構造体を介して設けられた半導体素子と、前記基板の表面に設けられた電極と半導体素子の表面に設けられた電極と接続するボンディングワイヤと、前記半導体素子を封止する封止樹脂と、を備えたことを特徴とする。
また、本願に開示される半導体装置は、基板の表面に、多孔体骨格により細孔が形成されたエポキシ系樹脂製の薄膜を備え、前記薄膜の細孔には接着剤が含侵された接着構造体を介して設けられた半導体素子と、前記基板の表面に設けられた電極と半導体素子の表面に設けられた電極と接続するボンディングワイヤと、前記半導体素子を封止する封止樹脂と、を備えたことを特徴とする。
本願に開示されるモータは、シャフトに装着された円筒形の鋼板と、前記鋼板の外周に上記
本願に開示される
接着構造体を介して接着された磁石と、を備えたことを特徴とする。
また、本願に開示されるモータは、シャフトに装着された円筒形の鋼板と、前記鋼板の外周に、多孔体骨格により細孔が形成されたエポキシ系樹脂製の薄膜を備え、前記薄膜の細孔には接着剤が含侵された接着構造体を介して接着された磁石と、を備えたことを特徴とする。
本願に開示される飛翔体は、コンプレッサーが搭載された飛翔体であって、前記コンプレッサーに用いられるセンサー及び部品の接着に、上記
本願に開示される
接着構造体を用いたことを特徴とする。
また、本願に開示される飛翔体は、コンプレッサーが搭載された飛翔体であって、前記コンプレッサーに用いられるセンサー及び部品の接着に、多孔体骨格により細孔が形成されたエポキシ系樹脂製の薄膜を備え、前記薄膜の細孔には接着剤が含侵された接着構造体を用いたことを特徴とする。",本願によれば、接着構造体は、熱応力を十分に緩和できるだけでなく、接着性にも優れる。,"しかしながら、特許文献１のような接着シートでは、接着剤層に粘着剤を用いていることから構造用接着に必要な強度を発揮できないという問題があった。
本願は、上記のような課題を解決するためになされたものであり、熱応力を十分に緩和でき、接着性に優れた接着構造体、半導体装置、モータ
及び
飛翔
体
を提供することを目的とする。
本願に開示される接着構造体は、多孔体骨格により細孔が形成されたエポキシ系樹脂製の薄膜を備え、前記薄膜の細孔には接着剤が含侵された
接着構造体であって、前記薄膜は、熱伝導性材料および／または導電性材料を含む
ことを特徴とする。
本願に開示される半導体装置は、基板の表面に上記
本願に開示される
接着構造体を介して設けられた半導体素子と、前記基板の表面に設けられた電極と半導体素子の表面に設けられた電極と接続するボンディングワイヤと、前記半導体素子を封止する封止樹脂と、を備えたことを特徴とする。
また、本願に開示される半導体装置は、基板の表面に、多孔体骨格により細孔が形成されたエポキシ系樹脂製の薄膜を備え、前記薄膜の細孔には接着剤が含侵された接着構造体を介して設けられた半導体素子と、前記基板の表面に設けられた電極と半導体素子の表面に設けられた電極と接続するボンディングワイヤと、前記半導体素子を封止する封止樹脂と、を備えたことを特徴とする。
本願に開示されるモータは、シャフトに装着された円筒形の鋼板と、前記鋼板の外周に上記
本願に開示される
接着構造体を介して接着された磁石と、を備えたことを特徴とする。
また、本願に開示されるモータは、シャフトに装着された円筒形の鋼板と、前記鋼板の外周に、多孔体骨格により細孔が形成されたエポキシ系樹脂製の薄膜を備え、前記薄膜の細孔には接着剤が含侵された接着構造体を介して接着された磁石と、を備えたことを特徴とする。
本願に開示される飛翔体は、コンプレッサーが搭載された飛翔体であって、前記コンプレッサーに用いられるセンサー及び部品の接着に、上記
本願に開示される
接着構造体を用いたことを特徴とする。
また、本願に開示される飛翔体は、コンプレッサーが搭載された飛翔体であって、前記コンプレッサーに用いられるセンサー及び部品の接着に、多孔体骨格により細孔が形成されたエポキシ系樹脂製の薄膜を備え、前記薄膜の細孔には接着剤が含侵された接着構造体を用いたことを特徴とする。
本願によれば、接着構造体は、熱応力を十分に緩和できるだけでなく、接着性にも優れる。","実施の形態１．
図１は、本願の実施の形態１に係る接着構造体の構成示す断面図である。図１に示すように、本実施の形態１に係る接着構造体１００は、多孔性薄膜１１、多孔性薄膜１１に含侵した接着剤１３から構成される。
多孔性薄膜１１は、多孔体骨格を有する薄膜である。多孔性薄膜１１は、主としてエポキシ主剤とアミン系硬化剤により加熱して硬化させた樹脂からなる。これらの硬化の際に相分離可能な材料を添加することで重合誘起相分離機構が発生し、硬化中に架橋重合を起こす部分と相分離が発生する場所がランダムに形成されることで、３次元的に連続した網目骨格と細孔をもつ多孔性薄膜を作製することが可能である。
ここで使用するエポキシモノマーは、ビスフェノールＡ型エポキシ樹脂、水素化ビスフェノールＡ型エポキシ樹脂、臭素化ビスフェノールＡ型エポキシ樹脂、ビスフェノールＦ型エポキシ樹脂、ビスフェノールＥ型エポキシ樹脂、ビスフェノールＡＤ型エポキシ樹脂、スチルベン型エポキシ樹脂、ビフェニル型エポキシ樹脂、ビスフェノールＡノボラック型エポキシ樹脂、クレゾールノボラック型エポキシ樹脂、複素芳香環を含有するエポキシ樹脂等の芳香族エポキシ樹脂、脂肪族グリシジルエーテル型エポキシ樹脂、脂肪族グリシジルエステル型エポキシ樹脂、脂環族グリシジルエーテル型エポキシ樹脂、脂環族グリシジルエステル型エポキシ樹脂等の非芳香族エポキシ樹脂などが挙げられる。これらのエポキシについてはモノマー内にあるエポキシ基の官能基数は問わないが、２官能または４官能エポキシモノマーが望ましい。これらのエポキシモノマーは単体で用いてもよく、２種以上を使用してもよい。これらの組み合わせにより柔軟性、細孔のサイズ、耐熱性、強度/伸びといった特性を変化させることが可能である。
また、硬化剤としては、メタフェニレンジアミン、ジアミノジフェニルメタン、ジアミノジフェニルスルホン、ベンジルジメチルアミン、ジメチルアミノメチルベンゼン等の芳香族アミン、エチレンジアミン、ジエチレントリアミン、トリエチレンテトラミン、テトラエチレンペンタミン、イミノビスプロピルアミン、ビス（ヘキサメチレン）トリアミン、トリメチルヘキサメチレンジアミン、ポリエーテルジアミン等の脂肪族アミン類、イソホロンジアミン、３，９－ビス（３－アミノプロピル）２，４，８，１０－テトラオキサスピロ（５，５）ウンデカンアダクト、ビス（４－アミノ－３－メチルシクロヘキシル）メタン、ビス（４－アミノシクロヘキシル）メタンなどの脂環族アミン類、複素芳香環含有アミン、およびこれらの変性品が挙げられる。また、ポリアミン類とダイマー酸からなる脂肪族ポリアミドアミン等の非芳香族硬化剤なども可能である。これらの硬化剤は単体で用いてもよく、２種以上を使用してもよい。ここで、エポキシモノマーと硬化剤添加比率はエポキシモノマーに対して、未硬化のエポキシ１００重量部に対して、４０～３００重量部の範囲で混合するのが望ましい。
熱硬化性樹脂を熱硬化させる際に細孔を形成するため、相分離させる相分離細孔形成剤を選択する必要がある。ここで、相分離細孔形成剤は、エポキシ樹脂を構成する未硬化モノマー（またはポリマー）及び／又は硬化剤を溶かすことができるものを選択する。モノマー（または未硬化ポリマー）と硬化剤が重合した後、重合物と相分離した未硬化モノマー（またはポリマー）及び／又は硬化剤は除去される。相分離細孔形成剤としては、メチルセロソルブエチルセロソルブのようなセロソルブ類、エチレングリコールモノメチルエーテルアセテート、プロピレングリコールモノメチルエーテルアセテート等のエステル類、ポリエチレングリコール、ポリプロピレングリコール等のグリコール類、ポリオキシエチレンモノメチルエーテル、ポリオキシエチレンジメチルエーテル等のエーテル類等が挙げられる。これらの相分離細孔形成剤は単体で用いてもよく、２種以上を使用してもよい。これらの相分離細孔形成剤の内、ジエチレングリコール、トリエチレングリコール、テトラエチレングリコールまたはポリエチレングリコールを用いることが望ましい。相分離細孔形成剤の使用量は、未硬化状態のエポキシ／硬化剤１００重量部に対して、相分離細孔形成剤を１０～４００重量部添加することが望ましい。
接着剤１３は、単独使用においてＳＰＣＣ（Ｓｔｅｅｌ  Ｐｌａｔｅ  Ｃｏｌｄ  Ｃｏｍｍｅｒｃｉａｌ）－ＳＰＣＣ間の接着強度が１０MＰａ以上を持ち、ガラス転移温度１５０℃以上の物性を示すものを用いる。
接着剤１３としては、４，４′-メチレンビス（Ｎ，Ｎ－ジグリシジルアニリン）、Ｎ，Ｎ，Ｎ´，Ｎ´－テトラグリシジル－４，４´－ジアミドジフェニルメタン、Ｎ，Ｎ，Ｎ´，Ｎ´－テトラグリシジル－ｍ－キシレンジアミン、２，２´－ジアリルビスフェノールＡジアリルエーテルなどの高ガラス転移点をもつエポキシ樹脂と芳香族アミンであるフェニレンジアミン、４，４´－ジメチルジフェニルメタン、３，３´－ジアミノジフェニルスルホン、ジアミノシクロヘキサン、Ｎ，Ｎ´－ジフェニル－１，４－フェニレンジアミン、４，４´－ジアミノジフェニルエーテルなどを混合したものが挙げられる。また、市販されている、高耐熱性かつ多孔性薄膜１１よりも弾性率の高いセメダイン社Ｙ６１２、ＰＡＮＡＣＯＬ社のＧＴＨ－Ｔ、スリーボンド社のＴＢ２２３７Ｊ、ＡＤＥＫＡ社のＣＬＳ－１１９４といった接着剤を使うことも可能である。
これらの接着剤１３の弾性率は２０００～１００００ＭＰａであることから、多孔体薄膜１１との弾性率差が大きく、多孔性薄膜１１と含浸する接着剤１３の弾性率比が２～２０の範囲であることが望ましい。２よりも低い場合は薄膜層を入れた効果が薄く、２０を超えるものは有機物では存在しえない。加えて、含浸する接着剤１３は剛直なため、接着剤自身の伸び率は１～５％程度と小さい。これを多孔性薄膜１１と組み合わせることで、多孔性薄膜１１が持つ柔軟性が付与されるため、接着面のクラックが一気に起こらず、応力が分散されることで温度変化によって発生する応力に対して強くなる。このときの接着剤１３と多孔性薄膜１１の伸び率の比は２～１０００の範囲がよく、より好ましくは２～２０の範囲がよい。多孔性薄膜１１の厚みが大きいほど、接着剤１３が含浸しにくくなるため、多孔性薄膜１１の厚みは１ｍｍ以下がよく、より好ましくは０．００１ｍｍ以上、０．５ｍｍ以下が望ましい。０．００１ｍｍよりも薄いものは作製できず、０．５ｍｍを超えるとその後に接着する際に接着剤層が厚くなりすぎて実用性に乏しくなる。
次に、本願の実施の形態１に係る接着構造体１００に用いる多孔性薄膜１１の製造方法について説明する。
最初に、エポキシ主剤とアミン系硬化剤に相分離細孔形成剤を添加した混合溶液を攪拌機にて十分に攪拌する。続いて、前処理を行った基板上にこのエポキシ溶液を所望の厚みが得られるように薄く塗布して熱硬化を行う。最後に、熱硬化後のエポキシ薄膜を基板から剥がしとることで多孔性薄膜１１としての多孔性エポキシ薄膜を得ることが可能である。必要に応じて本薄膜を溶剤で洗浄することで、より表面状態の清潔な薄膜を得ることが可能である。
ここで、作製した多孔質薄膜１１の弾性率は０．１～３０００MＰａの範囲であることが特徴として挙げられる。このうち、１０～１０００MＰａの範囲の弾性率をもつ多孔性薄膜１１が接着信頼性向上にはより好ましい。この時の多孔性薄膜１１は０．１～１００μｍの細孔径をもつことが分かっており、０．１μｍより細孔径が小さいと接着剤が十分に含浸できない。１００μｍより細孔径が大きいと微細な柔軟構造が得られず効果が乏しい。より好ましくは０．５～１０μｍの細孔径を持つものが望ましい。
また、作製した多孔性薄膜１１は、６０～２００℃のガラス転移温度を持つことが分かっている。６０℃より低い多孔性薄膜の場合、耐熱性が顕著に下がる傾向があり、２００℃を超えるものは作製可能であるが剛直な樹脂であることから組織の柔軟性を担保することは不可能である。クラック及び剥離が起こらない、よい接合信頼性が得られることから、１００～１４０℃のガラス転移温度を持つことが望ましい。多孔性薄膜１１自体はやわらかく、３～５０％程度の伸びを示すことが分かっている。ここで、硬化物との伸び率比が２より低い場合は十分に硬化が得られない、１０００を超える場合は柔軟構造の耐熱性が低く、高耐熱用途に適さない結果となる。
作製した多孔性薄膜１１に、接着剤１３を含浸することで、多孔構造を有した接着構造体１００を得ることができる。接着剤１３を含侵する際は、接着剤１３の硬化温度より低い温度を印加すること、及び真空脱泡を繰り返すことで、多孔性薄膜１１内に十分に含浸させることが可能である。なお、接着剤１３は、被着体硬化後はＳＰＣＣ同士の接着強度が１０ＭＰａ以上かつ、ガラス転移温度が多孔性薄膜のガラス転移温度より高く、１７０℃～３００℃である接着剤を用いる。
接着構造体１００は、接着剤１３を多孔性薄膜１１に含浸させることで、接着剤１３がもつ初期強度からは低下するが、接着剤１３の接着強度が高いため実使用において優れた接着強度を有する。一方で、接着構造体１００のような構成にしたことで、環境変化における応力緩和効果を発現することが可能であり、例えば、－２０～１３０℃といった温度差の厳しい温度サイクル試験耐性を持つことが可能である。また、磁石／鋼板、アルミ／鉄、インバー／鉄、及びエンジニアリングプラスチック類（ポリエーテルエーテルケトン、ポリアセタール、ポリカーボネート、ポリエーテルサルフォンポリフェニレンサルファイド、ポリイミド、ポリエーテルイミド）／金属などの熱膨張係数差のある接着を行う際には、熱硬化の場合、被着体の熱膨張係数差で接着が剥がれるという課題があったが、接着構造体１００を用いることで、そういった問題も解決することが可能である。
さらに、接着構造体１００を使用する際には、これらの密着性向上のための表面処理として、表面粗さの向上と新生面の獲得を目的とした研磨紙による被着面の研磨処理、大気処理、アルゴンプラズマ処理、深紫外光処理、及びコロナ放電処理といった物理的処理を行うことで密着性及び接着強度の向上が期待できる。
また、化学処理としてシランカップリング剤を塗布することでも同様の効果が得られる。例えば、エポキシ系接着剤に対しては、２－（３，４－エポキシシクロヘキシル）エチルトリメトキシシラン、３－グリシドキシプロピルメチルジトキシシラン、３－グリシドキシプロピルトリメトキシシラン、３－グリシドキシプロピルメチルジエトキシシラン、Ｎ－２－（アミノエチル）－３－アミノプロピルメチルジメトキシシラン、３アミノプロピルトリメトキシシラン、３－トリエトキシシリル－Ｎ－（１，３－ジメチル-ブチリデン）プロピルアミン、Ｎ－フェニル－３－アミノプロピルトリメトキシシラン、Ｎ－（ベニルベンジル）―２－アミノエチル－３－アミノプロピルトリメトキシシラン塩酸塩などをプライマーとして用いてもよい。このことによって、熱硬化時の応力の緩和が図れ、温度差の激しい場所での使用に対してより柔軟な接着剤となるだけでなく、市販されている接着剤を用いても今まで利用できなかった分野での使用が可能となる。
図２は、本願の実施の形態１に係る接着構造体１００を用いて接着した状態を示す図である。図２に示すように、被着体１２と直接接触するのは含浸させた接着剤１３である。また、一般的に接着剤１３の厚みも設計されていることが多く、他部材とのクリアランス及び設計公差を満たすためにも接着構造体１００の厚みは０．５ｍｍ以下が望ましい。
図３は、本願の実施の形態１に係る接着構造体１００の接着強度の変化率を示す図である。図３では、接着構造体１００をインバー材鉄といった被着体１２に接着し、－１５～１３０℃の温度差で３００サイクルまで温度サイクル試験を行った結果（○：接着構造体１００、△：市販の接着剤）を示す。本結果より、市販の接着剤では温度サイクル試験後に接着強度が低下しているのに対し、接着構造体１００では温度サイクル試験後も接着強度を維持していることがわかる。接着構造体１００では、多孔体骨格により柔軟構造を導入することで、従前の剛直な成分のみでは達成しえなかった効果を得ることができた。
以上のように、本実施の形態１に係る接着構造体１００によれば、多孔体骨格により細孔が形成されたエポキシ系樹脂製の多孔性薄膜１１を備え、多孔性薄膜１１の細孔には接着剤１３を含侵したので、エポキシの多孔性薄膜は機械的物性が柔軟であり応力緩和効果を発生することにより、温度サイクルなどで発生する応力を緩和することができ、温度変化の大きい機器に適用することが可能となる。これにより、接着剤がもつガラス転移温度及び接着性など下げることなく応力緩和を起こすことができる。また、硬質な接着剤単体ではせん断試験時に破壊モードが界面破壊を示し、クラックが生じることが多いのに対し、接着剤を含侵した多孔性薄膜を用いると接着剤の破壊モードが少なくとも一部が多孔性薄膜内の凝集破壊状になり、応力を分散することができる。
実施の形態２．
実施の形態２では、実施の形態１での接着構造体１００を、電子部品へ適用した場合について説明する。
図４は、本願の実施の形態２に係る接着構造体１００を用いた半導体装置の構成を示す断面図である。図４に示すように、半導体装置２００は、基板２１、基板２１の表面に接着構造体１００を介して設けられた半導体素子２３、基板２１の表面に設けられた電極（図示せず）と半導体素子２３の表面に設けられた表面電極（図示せず）と接続するボンディングワイヤ２４、半導体素子２３を封止する封止樹脂２５から構成されている。
数百アンペアに達する大電流が流れるパワーデバイスなどでは、２００℃前後の高温に耐える必要があり、これまでにない耐熱性も要求されている。特に、ＳｉＣ、ＧａＮ、Ｇａ
２
Ｏ
３
といったパワー半導体では３００℃以上でも動作可能であるが、その能力を活用するためにはその高温に耐えるモジュールの実装材料として、実施の形態１での接着構造体１００を用いることができる。
パワーデバイスなどの半導体装置２００に、実施の形態１での接着構造体１００を用いることにより、温度サイクルなどで発生する応力を緩和することができる。
なお、必要に応じて多孔質薄膜１１に熱伝導性材料であるシリカ、窒化ホウ素、酸化アルミニウム、窒化アルミニウム、酸化マグネシウム、窒化ケイ素、酸化ベリリウム、及びダイヤモンドなどの粉末（鱗片状、真球状、針状、及び特殊形状）を任意量添加することで、一定の熱伝導率を付与することも考えられる。加えて、導電性が必要な場合は、熱伝導性材料である、銅、銀、カーボンブラック、及びグラファイトなど導電性粉末（鱗片状、真球状、針状、及び特殊形状）を加えてもよい。
また、実装材料に使用される基板としては、エポキシを用いたガラスプリプレグ材を積層したプリント配線板、セラミック層を積層させ焼結したセラミック基板、及び、薄い純銅板を打ち抜き成型したリードフレーム等を用いても構わない。
以上のように、本実施の形態２に係る接着構造体１００を用いた半導体装置２００によれば、基板２１の表面に実施の形態１の接着構造体１００を介して設けられた半導体素子２３と、基板２１の表面に設けられた電極と半導体素子２３の表面に設けられた電極と接続するボンディングワイヤ２４と、半導体素子２３を封止する封止樹脂２５と、を備えるようにしたので、半導体素子の接着において温度サイクルなどで発生する応力を十分に緩和できるだけでなく、接着性に優れる。
実施の形態３．
実施の形態３では、実施の形態１での接着構造体１００を、モータへ適用した場合について説明する。
図５は、本願の実施の形態３に係る接着構造体１００を用いたモータの構成を示す断面図である。図５に示すように、モータ２００は、シャフト３４、シャフト３４に装着された円筒形の鋼板３３、鋼板３３の外周に接着構造体１００を介して接着された磁石３２から構成されている。
ＳＰＭモータ（Ｓｕｒｆａｃｅ  Ｐｅｒｍａｎｅｎｔ  Ｍａｇｎｅｔ  Ｍｏｔｏｒ：表面構造永久磁石同期電動機）では、高耐熱が求められる磁石の固定、及びエンジンルーム内のパーツの固定などに、実施の形態１での接着構造体１００を用いることができる。
ＳＰＭモータなどのモータ３００に、実施の形態１での接着構造体１００を用いることにより、温度サイクルなどで発生する応力を緩和することができる。
ここで用いられる磁石は、フェライト磁石、ネオジム磁石、サマリウムコバルト磁石、アルニコ磁石、及びボンド磁石のどの種類でもよくその合金組成は問わない。磁石を接着している材料は鉄であり、その形態はダイキャスト成形品、及び薄い鉄板を積層した電磁鋼板でも構わない。
以上のように、本実施の形態３に係る接着構造体１００を用いたモータ３００によれば、シャフト３４に装着された円筒形の鋼板３３と、鋼板３３の外周に実施の形態１の接着構造体１００を介して接着された磁石３２と、を備えるようにしたので、磁石の接着において温度サイクルなどで発生する応力を十分に緩和できるだけでなく、接着性に優れる。
実施の形態４．
実施の形態４では、実施の形態１での接着構造体１００を、航空機用部品へ適用した場合について説明する。
図６は、本願の実施の形態４に係る接着構造体１００の構成を示すブロック図である。図７は、本願の実施の形態４に係る接着構造体１００を用いた機内空調設備のシステムフローを示す図である。
図６に示すように、最初に、ジェットエンジン４１では、外気を取り込み、接着構造体１００を用いたセンサー及び部品４４が用いられたコンプレッサー（圧縮機）４２により圧縮空気を作り、燃焼室で燃料と混合し断続的に燃焼させる（ステップＳ７０１）。
続いて、燃焼室から出た空気は接着構造体１００を用いたセンサー及び部品４５が用いられた熱交換機４３により任意の温度まで下げられる（ステップＳ７０２）。
次いで、接着構造体１００を用いたセンサー及び部品４４が用いられたコンプレッサー４２から圧縮空気を取り入れ（ステップＳ７０３）、これを航空機のエアコンシステムに送る（ステップＳ７０４）。
最後に、エアコンシステム内でこの空気が冷却され（ステップＳ７０５）、機内に送風される（ステップＳ７０６）。
航空機外の外気は地上で０～４０℃、高度１万ｍ以上では－４０～６０℃といった低温である。そのため、コンプレッサー４２に用いられるセンサー及び部品４４は、１００～２００℃といった比較的高温な状態から－４０～６０℃という低温まで状態を維持する必要がある。
上記のように機内空調設備に接着構造体１００を用いた構成とすることで、耐熱性を有し、温度差の大きい箇所で構造を維持するための高い靭性を有する。
以上のように、本実施の形態４に係る接着構造体１００を用いた機内空調設備によれば、コンプレッサー４２に用いられるセンサー及び部品４４の接着に、実施の形態１の接着構造体１００を用いるようにしたので、センサー及び部品の接着において温度サイクルなどで発生する応力を十分に緩和できるだけでなく、接着性に優れる。
本願は、様々な例示的な実施の形態及び実施例が記載されているが、１つ、または複数の実施の形態に記載された様々な特徴、態様、及び機能は特定の実施の形態の適用に限られるのではなく、単独で、または様々な組み合わせで実施の形態に適用可能である。従って、例示されていない無数の変形例が、本願明細書に開示される技術の範囲内において想定される。例えば、少なくとも１つの構成要素を変形する場合、追加する場合または省略する場合、さらには、少なくとも１つの構成要素を抽出し、他の実施の形態の構成要素と組み合わせる場合が含まれるものとする。
以下、本開示の諸態様を付記としてまとめて記載する。
（付記１）
多孔体骨格により細孔が形成されたエポキシ系樹脂製の薄膜を備え、
前記薄膜の細孔には接着剤が含侵された接着構造体であって、
前記薄膜は、熱伝
導
性材料または導電性材料を含むことを特徴とする接着構造体。
（付記２）
前記薄膜に対する前記接着剤の弾性率の比は、２以上、２０以下であることを特徴とする付記１に記載の接着構造体。
（付記３）
前記薄膜は、ガラス転移温度が、６０℃以上、２００℃以下であり、含浸させた接着剤硬化物のガラス転移温度は多孔性薄膜のガラス転移温度より高いことを特徴とする付記１または付記２に記載の接着構造体。
（付記４）
前記細孔は、径が０．１μｍ以上、１００μｍ以下であることを特徴とする付記１から付記３のいずれか１項に記載の接着構造体。
（付記５）
前記接着剤に対する前記薄膜の伸び率の比は、２以上、１０００以下であることを特徴とする付記１から付記４のいずれか１項に記載の接着構造体。
（付記６）
基板の表面に付記１から付記５のいずれか１項に記載の接着構造体を介して設けられた半導体素子と、前記基板の表面に設けられた電極と半導体素子の表面に設けられた電極と接続するボンディングワイヤと、前記半導体素子を封止する封止樹脂と、を備えたことを特徴とする半導体装置。
（付記７）
基板の表面に、多孔体骨格により細孔が形成されたエポキシ系樹脂製の薄膜を備え、前記薄膜の細孔には接着剤が含侵された接着構造体を介して設けられた半導体素子と、前記基板の表面に設けられた電極と半導体素子の表面に設けられた電極と接続するボンディングワイヤと、前記半導体素子を封止する封止樹脂と、を備えたことを特徴とする半導体装置。
（付記８）
前記薄膜に対する前記接着剤の弾性率の比は、２以上、２０以下であることを特徴とする付記７に記載の半導体装置。
（付記９）
前記薄膜は、ガラス転移温度が、６０℃以上、２００℃以下であり、含浸させた接着剤硬化物のガラス転移温度は多孔性薄膜のガラス転移温度より高いことを特徴とする付記７または付記８に記載の半導体装置。
（付記１０）
前記細孔は、径が０．１μｍ以上、１００μｍ以下であることを特徴とする付記７から付記９のいずれか１項に記載の半導体装置。
（付記１１）
前記接着剤に対する前記薄膜の伸び率の比は、２以上、１０００以下であることを特徴とする付記７から付記１０のいずれか１項に記載の半導体装置。
（付記１２）
シャフトに装着された円筒形の鋼板と、前記鋼板の外周に付記１から付記５のいずれか１項に記載の接着構造体を介して接着された磁石と、を備えたことを特徴とするモータ。
（付記１３）
シャフトに装着された円筒形の鋼板と、前記鋼板の外周に、多孔体骨格により細孔が形成されたエポキシ系樹脂製の薄膜を備え、前記薄膜の細孔には接着剤が含侵された接着構造体を介して接着された磁石と、を備えたことを特徴とするモータ。
（付記１４）
前記薄膜に対する前記接着剤の弾性率の比は、２以上、２０以下であることを特徴とする付記１３に記載のモータ。
（付記１５）
前記薄膜は、ガラス転移温度が、６０℃以上、２００℃以下であり、含浸させた接着剤硬化物のガラス転移温度は多孔性薄膜のガラス転移温度より高いことを特徴とする付記１３または付記１４に記載のモータ。
（付記１６）
前記細孔は、径が０．１μｍ以上、１００μｍ以下であることを特徴とする付記１３から付記１５のいずれか１項に記載のモータ。
（付記１７）
前記接着剤に対する前記薄膜の伸び率の比は、２以上、１０００以下であることを特徴とする付記１３から付記１６のいずれか１項に記載のモータ。
（付記１８）
コンプレッサーが搭載された飛翔体であって、前記コンプレッサーに用いられるセンサー及び部品の接着に、付記１から付記５のいずれか１項に記載の接着構造体を用いたことを特徴とする飛翔体。
（付記１９）
コンプレッサーが搭載された飛翔体であって、前記コンプレッサーに用いられるセンサー及び部品の接着に、多孔体骨格により細孔が形成されたエポキシ系樹脂製の薄膜を備え、前記薄膜の細孔には接着剤が含侵された接着構造体を用いたことを特徴とする飛翔体。
（付記２０）
前記薄膜に対する前記接着剤の弾性率の比は、２以上、２０以下であることを特徴とする付記１９に記載の飛翔体。
（付記２１）
前記薄膜は、ガラス転移温度が、６０℃以上、２００℃以下であり、含浸させた接着剤硬化物のガラス転移温度は多孔性薄膜のガラス転移温度より高いことを特徴とする付記１９または付記２０に記載の飛翔体。
（付記２２）
前記細孔は、径が０．１μｍ以上、１００μｍ以下であることを特徴とする付記１９から付記２１のいずれか１項に記載の飛翔体。
（付記２３）
前記接着剤に対する前記薄膜の伸び率の比は、２以上、１０００以下であることを特徴とする付記１９から付記２２のいずれか１項に記載の飛翔体。","Claims (
23
)
多孔体骨格により細孔が形成されたエポキシ系樹脂製の薄膜を備え、
前記薄膜の細孔には接着剤が含侵された
接着構造体であって、
前記薄膜は、熱伝導性材料および／または導電性材料を含む
ことを特徴とする接着構造体。
前記薄膜に対する前記接着剤の弾性率の比は、２以上、２０以下であることを特徴とする請求項１に記載の接着構造体。
前記薄膜は、ガラス転移温度が、６０℃以上、２００℃以下であり、含浸させた接着剤硬化物のガラス転移温度は多孔性薄膜のガラス転移温度より高いことを特徴とする請求項
１
に記載の接着構造体。
前記細孔は、径が０．１μｍ以上、１００μｍ以下であることを特徴とする請求項
１
に記載の接着構造体。
前記接着剤に対する前記薄膜の伸び率の比は、２以上、１０００以下であることを特徴とする請求項
１
に記載の接着構造体。
基板の表面に請求項１から請求項
５
のいずれか１項に記載の接着構造体を介して設けられた半導体素子と、前記基板の表面に設けられた電極と半導体素子の表面に設けられた電極と接続するボンディングワイヤと、前記半導体素子を封止する封止樹脂と、を備えたことを特徴とする半導体装置。
基板の表面に
、多孔体骨格により細孔が形成されたエポキシ系樹脂製の薄膜を備え、前記薄膜の細孔には接着剤が含侵された
接着構造体を介して設けられた半導体素子と、前記基板の表面に設けられた電極と半導体素子の表面に設けられた電極と接続するボンディングワイヤと、前記半導体素子を封止する封止樹脂と、を備えたことを特徴とする半導体装置。
前記薄膜に対する前記接着剤の弾性率の比は、２以上、２０以下であることを特徴とする請求項７に記載の半導体装置。
前記薄膜は、ガラス転移温度が、６０℃以上、２００℃以下であり、含浸させた接着剤硬化物のガラス転移温度は多孔性薄膜のガラス転移温度より高いことを特徴とする請求項７に記載の半導体装置。
前記細孔は、径が０．１μｍ以上、１００μｍ以下であることを特徴とする請求項７に記載の半導体装置。
前記接着剤に対する前記薄膜の伸び率の比は、２以上、１０００以下であることを特徴とする請求項７に記載の半導体装置。
シャフトに装着された円筒形の鋼板と、前記鋼板の外周に請求項１から請求項
５
のいずれか１項に記載の接着構造体を介して接着された磁石と、を備えたことを特徴とするモータ。
シャフトに装着された円筒形の鋼板と、前記鋼板の外周に
、多孔体骨格により細孔が形成されたエポキシ系樹脂製の薄膜を備え、前記薄膜の細孔には接着剤が含侵された
接着構造体を介して接着された磁石と、を備えたことを特徴とするモータ。
前記薄膜に対する前記接着剤の弾性率の比は、２以上、２０以下であることを特徴とする請求項１３に記載の
モータ。
前記薄膜は、ガラス転移温度が、６０℃以上、２００℃以下であり、含浸させた接着剤硬化物のガラス転移温度は多孔性薄膜のガラス転移温度より高いことを特徴とする請求項１３に記載の
モータ。
前記細孔は、径が０．１μｍ以上、１００μｍ以下であることを特徴とする請求項１３に記載の
モータ。
前記接着剤に対する前記薄膜の伸び率の比は、２以上、１０００以下であることを特徴とする請求項１３に記載の
モータ。
コンプレッサーが搭載された飛翔体であって、前記コンプレッサーに用いられるセンサー及び部品の接着に、請求項１から請求項
５
のいずれか１項に記載の接着構造体を用いたことを特徴とする飛翔体。
コンプレッサーが搭載された飛翔体であって、前記コンプレッサーに用いられるセンサー及び部品の接着に、
多孔体骨格により細孔が形成されたエポキシ系樹脂製の薄膜を備え、前記薄膜の細孔には接着剤が含侵された
接着構造体を用いたことを特徴とする飛翔体。
前記薄膜に対する前記接着剤の弾性率の比は、２以上、２０以下であることを特徴とする請求項１９に記載の
飛翔体。
前記薄膜は、ガラス転移温度が、６０℃以上、２００℃以下であり、含浸させた接着剤硬化物のガラス転移温度は多孔性薄膜のガラス転移温度より高いことを特徴とする請求項１９に記載の
飛翔体。
前記細孔は、径が０．１μｍ以上、１００μｍ以下であることを特徴とする請求項１９に記載の
飛翔体。
前記接着剤に対する前記薄膜の伸び率の比は、２以上、１０００以下であることを特徴とする請求項１９に記載の
飛翔体。"
JP7499994B1,機能性エポキシ樹脂及びそれを用いた電子部材,https://patents.google.com/patent/JP7499994B1/ja,"本開示は、機能性エポキシ樹脂
及び
それを用いた電子部材に関するものである。","現在市販されている導電性ペーストは、半導体の接着および電気回路を作るパターンを形成するのに用いられている。しかし、導電性ペーストを作製する際には、多量の導電性添加物（カーボン、銀など）を添加する必要があった。また、近年では、フレキシブル基板上にパターンを形成する際、またウェアラブルデバイスのように曲げ伸ばしがある場所に用いる際などには、柔軟性付与材および応力緩和剤を入れる必要があった。
例えば、特許文献１では、熱硬化性樹脂内に第二成分として熱可塑性樹脂を混ぜ、表面処理を施した導電性物質などを加えることで選択的に第二成分内にフィラーが凝集し、少ないフィラー添加量で熱伝導性および電気伝導性などの機能を持たせることが開示されている。特許文献２では、多孔質層をもつ材料にゼラチンに溶解した金属溶液を含浸させることで多孔質表面が金属で覆われ導電性を有することが開示されている。特許文献３では、銀を導電性フィラーとし、エポキシ樹脂とアクリル樹脂を混錬して加熱硬化時に相分離することを利用してフィラーを偏在化させた導電性接着剤が開示されている。","ウェアラブルデバイスなどに代表される小型機器および動きのある場所に用いる場合に、多孔質薄膜を用いたり、柔らかい樹脂成分を使うことで、導通パターンを作製することはこれまでも知られている。しかし、導電性などの機能性を持たせるためには、添加するフィラー量が多くなり、その影響を受けて樹脂が固くなる、もしくは脆くなるという欠点が生じ、電子機器に用いる場合には機器の信頼性を害する可能性があった。
また、特許文献１の手法は、硬化プロセスが複雑であり、また必ずしも所望の樹脂材料を使えるわけではない、という欠点があった。特許文献２の手法は、金属のイオン化傾向を用いた手法であり、製造に時間がかかり、また必ずしも連続した還元が起こるとは限らない、という問題があった。特許文献３の手法は、特許文献１と同じ原理を用いているが、特許文献１と比べると偏在化が弱く、全てが偏在しているわけではなく効率が悪いという課題があった。
本開示は、上記のような課題を解決するためになされたものであり、エポキシ樹脂骨格が連続的に繋がる多孔構造を形成する際に機能性フィラーがエポキシ骨格内に偏在することを利用し、柔軟かつ所望の機能が発揮できる機能性エポキシ樹脂
及び
それを用いた電子部材を提供することを目的とする。","本開示による機能性エポキシ樹脂は、細孔を含むエポキシ樹脂の骨格内に架橋密度が異なる領域を設け、機能性フィラーが前記架橋密度の高い領域に偏在
し、前記細孔を含むエポキシ樹脂は、破断強度が３～２０ＭＰａ、伸び率が３～５０％、およびショアＤ硬度が４０～７０である
ことを特徴とする。
また、本開示による機能性エポキシ樹脂は、細孔を含むエポキシ樹脂内に疎水性をもつ領域と親水性を持つ領域とを設け、機能性フィラーが前記疎水性をもつ領域に偏在
し、前記細孔を含むエポキシ樹脂は、破断強度が３～２０ＭＰａ、伸び率が３～５０％、およびショアＤ硬度が４０～７０である
ことを特徴とする。
本開示による機能性エポキシ樹脂を用いた電子部材は、細孔を含むエポキシ樹脂の骨格内に架橋密度が異なる領域を設け、
導電性フィラーまたは熱伝導性フィラーである
機能性フィラーが前記架橋密度の高い領域に偏在す
る機能性エポキシ樹脂を、接点部材として用いた
ことを特徴とする
また、本開示による機能性エポキシ樹脂を用いた電子部材は、細孔を含むエポキシ樹脂の骨格内に架橋密度が異なる領域を設け、熱伝導性フィラーである機能性フィラーが前記架橋密度の高い領域に偏在する機能性エポキシ樹脂を、放熱部材として用いたことを特徴とする。
また、本開示による機能性エポキシ樹脂を用いた電子部材は、細孔を含むエポキシ樹脂の骨格内に架橋密度が異なる領域を設け、前記エポキシ樹脂より誘電率の低い低誘電フィラーである機能性フィラーが前記架橋密度の高い領域に偏在する機能性エポキシ樹脂を、低誘電部材として用いたことを特徴とする。
また、本開示による機能性エポキシ樹脂を用いた電子部材は、細孔を含むエポキシ樹脂の骨格内に架橋密度が異なる領域を設け、導電性フィラーである機能性フィラーが前記架橋密度の高い領域に偏在する機能性エポキシ樹脂を、センサー部材として用いたことを特徴とする。",本開示によれば、多孔性樹脂内に選択的に機能性フィラーが偏在することでフィラー密度が部分的に高まり、通常の添加率よりも少ない量で、柔軟かつ高い機能を発揮することができる。,"ウェアラブルデバイスなどに代表される小型機器および動きのある場所に用いる場合に、多孔質薄膜を用いたり、柔らかい樹脂成分を使うことで、導通パターンを作製することはこれまでも知られている。しかし、導電性などの機能性を持たせるためには、添加するフィラー量が多くなり、その影響を受けて樹脂が固くなる、もしくは脆くなるという欠点が生じ、電子機器に用いる場合には機器の信頼性を害する可能性があった。
また、特許文献１の手法は、硬化プロセスが複雑であり、また必ずしも所望の樹脂材料を使えるわけではない、という欠点があった。特許文献２の手法は、金属のイオン化傾向を用いた手法であり、製造に時間がかかり、また必ずしも連続した還元が起こるとは限らない、という問題があった。特許文献３の手法は、特許文献１と同じ原理を用いているが、特許文献１と比べると偏在化が弱く、全てが偏在しているわけではなく効率が悪いという課題があった。
本開示は、上記のような課題を解決するためになされたものであり、エポキシ樹脂骨格が連続的に繋がる多孔構造を形成する際に機能性フィラーがエポキシ骨格内に偏在することを利用し、柔軟かつ所望の機能が発揮できる機能性エポキシ樹脂
及び
それを用いた電子部材を提供することを目的とする。
本開示による機能性エポキシ樹脂は、細孔を含むエポキシ樹脂の骨格内に架橋密度が異なる領域を設け、機能性フィラーが前記架橋密度の高い領域に偏在
し、前記細孔を含むエポキシ樹脂は、破断強度が３～２０ＭＰａ、伸び率が３～５０％、およびショアＤ硬度が４０～７０である
ことを特徴とする。
また、本開示による機能性エポキシ樹脂は、細孔を含むエポキシ樹脂内に疎水性をもつ領域と親水性を持つ領域とを設け、機能性フィラーが前記疎水性をもつ領域に偏在
し、前記細孔を含むエポキシ樹脂は、破断強度が３～２０ＭＰａ、伸び率が３～５０％、およびショアＤ硬度が４０～７０である
ことを特徴とする。
本開示による機能性エポキシ樹脂を用いた電子部材は、細孔を含むエポキシ樹脂の骨格内に架橋密度が異なる領域を設け、
導電性フィラーまたは熱伝導性フィラーである
機能性フィラーが前記架橋密度の高い領域に偏在す
る機能性エポキシ樹脂を、接点部材として用いた
ことを特徴とする
また、本開示による機能性エポキシ樹脂を用いた電子部材は、細孔を含むエポキシ樹脂の骨格内に架橋密度が異なる領域を設け、熱伝導性フィラーである機能性フィラーが前記架橋密度の高い領域に偏在する機能性エポキシ樹脂を、放熱部材として用いたことを特徴とする。
また、本開示による機能性エポキシ樹脂を用いた電子部材は、細孔を含むエポキシ樹脂の骨格内に架橋密度が異なる領域を設け、前記エポキシ樹脂より誘電率の低い低誘電フィラーである機能性フィラーが前記架橋密度の高い領域に偏在する機能性エポキシ樹脂を、低誘電部材として用いたことを特徴とする。
また、本開示による機能性エポキシ樹脂を用いた電子部材は、細孔を含むエポキシ樹脂の骨格内に架橋密度が異なる領域を設け、導電性フィラーである機能性フィラーが前記架橋密度の高い領域に偏在する機能性エポキシ樹脂を、センサー部材として用いたことを特徴とする。
本開示によれば、多孔性樹脂内に選択的に機能性フィラーが偏在することでフィラー密度が部分的に高まり、通常の添加率よりも少ない量で、柔軟かつ高い機能を発揮することができる。","実施の形態１．
図１は、実施の形態１に係る機能性エポキシ樹脂１００の構成を示す断面図である。図１に示すように、機能性エポキシ樹脂１００は、内部に細孔１０２を含むエポキシ樹脂１０１と、エポキシ樹脂１０１中に分散して存在する機能性フィラーとしてのカーボンブラック１０３と、から構成されている。
エポキシ樹脂１０１は、細孔１０２を含むエポキシ樹脂１０１の骨格内にエポキシモノマーと硬化剤からなる架橋密度が高い（疎水性をもつ）領域１０４と架橋密度が低い（親水性を持つ）領域１０５の二つの領域が存在する。これにより、カーボンブラック１０３を偏在させることが可能となる。また、カーボンブラック１０３は、添加時に表面処理をすることで、さらに偏りが生じやすくなる。
一般的なビスフェノールＡもしくはＦ型のエポキシ樹脂は、２５～１００ＭＰａの破断強度をもち、その時の伸び率は３～５％程度である。これらの樹脂のガラス転移点は１００～１６０℃であり、一定温度下での耐熱性はあるが曲げれば容易に割れる素材である。また、これらの樹脂は硬さ基準ではショアＤ硬度５０～８５の硬さである。また、よく伸びる柔らかい材料としてはシリコーンゴムなどが挙げられるが、シリコーンゴムは破断強度が５～１０ＭＰａ、伸び率が２００～３００％である。
一方、エポキシ樹脂１０１は、多孔体であり、３～２０ＭＰａの破断強度をもち、３～５０％の伸び率を持たせることができる。このとき、破断強度３ＭＰａ未満の場合は正常に多孔質層が形成されておらず、２０ＭＰａを超えるものは作製が困難である。また、伸び率は３％未満では多孔質化せずとも達成でき、５０％を超える場合は本組成の組み合わせでは難しい。エポキシ樹脂１０１は硬さもショアＤ硬度で４０～７０となる。ここで、ショアＤ４０未満の時にはゴムレベルの柔らかさであるため上記の破断強度が出ないこと、７０を超える場合は固すぎて伸び率を達成できないことが本数値範囲になる原因として挙げられる。エポキシ樹脂１０１は、エポキシ由来の材料かつゴム的な要素を持つ材料である。また、エポキシ樹脂１０１は、９０度、１８０度で曲げても破壊されることがなく、繰り返し歪みを与えても破断強度以下であれば破壊されにくいことも特徴である。
本開示による機能性エポキシ樹脂１００のエポキシ樹脂１０１は、主としてエポキシ主剤とアミン硬化剤により加熱に伴い硬化する樹脂を用いる。これらの硬化の際に相分離をもつ材料を添加することで重合誘起相分離機構が発生し、硬化中に架橋重合を起こす部分と相分離が発生する部分がランダムに形成されることで３次元的に連続した網目骨格と細孔１０２をもつ多孔性樹脂を作製することが可能である。
ここで使用するエポキシ主剤としてのエポキシ化合物は、ビスフェノールＡ型エポキシ樹脂、水素化ビスフェノールＡ型エポキシ樹脂、臭素化ビスフェノールＡ型エポキシ樹脂、ビスフェノールＦ型エポキシ樹脂、ビスフェノールＥ型エポキシ樹脂、ビスフェノールＡＤ型エポキシ樹脂、スチルベン型エポキシ樹脂、ビフェニル型エポキシ樹脂、ビスフェノールＡノボラック型エポキシ樹脂、クレゾールノボラック型エポキシ樹脂、複素芳香環を含有するエポキシ樹脂等の芳香族エポキシ樹脂、脂肪族グリシジルエーテル型エポキシ樹脂、脂肪族グリシジルエステル型エポキシ樹脂、脂環族グリシジルエーテル型エポキシ樹脂、脂環族グリシジルエステル型エポキシ樹脂等の非芳香族エポキシ樹脂などが挙げられる。これらのエポキシについては、モノマー内にあるエポキシ基の官能基数は問わないが、２官能または４官能エポキシモノマーが望ましい。これらのエポキシモノマーは単体で用いてもよく、２種以上を使用してもよい。また、使用するフィラーによっては液体の粘性を高くする必要があるため、使用するエポキシ主剤は重合して高分子化したエポキシ樹脂でも構わない。
硬化剤としては、メタフェニレンジアミン、ジアミノジフェニルメタン、ジアミノジフェニルスルホン、ベンジルジメチルアミン、ジメチルアミノメチルベンゼン等の芳香族アミン、エチレンジアミン、ジエチレントリアミン、トリエチレンテトラミン、テトラエチレンペンタミン、イミノビスプロピルアミン、ビス（ヘキサメチレン）トリアミン、トリメチルヘキサメチレンジアミン、ポリエーテルジアミン等の脂肪族アミン類、イソホロンジアミン、３，９－ビス（３－アミノプロピル）２，４，８，１０－テトラオキサスピロ（５，５）ウンデカンアダクト、ビス（４－アミノ－３－メチルシクロヘキシル）メタン、ビス（４－アミノシクロヘキシル）メタンなどの脂環族アミン類、複素芳香環含有アミン、およびこれらの変性品が挙げられる。加えて、ポリアミン類とダイマー酸からなる脂肪族ポリアミドアミン等の非芳香族硬化剤なども可能である。これらの硬化剤は、単体で用いてもよく、２種以上を使用してもよい。エポキシ主剤と同様の理由により、アミン硬化剤についてもポリアミンでも構わない。材料の組み合わせにより柔軟性、細孔１０２のサイズ、耐熱性、強度/伸びといった特性を変化させることが可能である。ここで、エポキシモノマーへの硬化剤添加比率は、未硬化のエポキシ１００重量部に対して、４０～３００重量部の範囲で混合するのが望ましい。
熱硬化性樹脂を熱硬化させる際に、相分離することで細孔１０２を形成するため、相分離細孔形成剤を選択する必要がある。相分離細孔形成剤には、エポキシ樹脂を構成する未硬化モノマー（またはポリマー）および／または硬化剤を溶かすことができるものを選択し、モノマー（または未硬化ポリマー）と硬化剤が重合した後、重合物と相分離して分離可能な材料を使用する。相分離細孔形成剤としては、メチルセロソルブエチルセロソルブのようなセロソルブ類、エチレングリコールモノメチルエーテルアセテート、プロピレングリコールモノメチルエーテルアセテート等のエステル類、ポリエチレングリコール、ポリプロピレングリコール等のグリコール類、ポリオキシエチレンモノメチルエーテル、ポリオキシエチレンジメチルエーテル等のエーテル類等が挙げられる。これらの相分離細孔形成剤は単体で用いてもよく、２種以上を使用してもよい。相分離細孔形成剤の内、エチレングリコール、ジエチレングリコール、トリエチレングリコール、テトラエチレングリコールまたはポリエチレングリコールを用いることが望ましい。相分離細孔形成剤の使用量は、未硬化状態のエポキシ/硬化剤１００重量部に対して、相分離細孔形成剤を１０～４００重量部添加することが望ましい。これらの混合物に導電性および／または熱伝導性を持つ機能性フィラーを混錬、硬化されることで本開示による機能性エポキシ樹脂１００を形成することが可能である。
本開示による機能性エポキシ樹脂１００に含まれる機能性フィラーについては、導電性、熱伝導性を持つフィラーに加えて、誘電率および屈折率を変化させるものが挙げられる。熱伝導性を向上させるフィラーとしては酸化マグネシウム、酸化アルミニウム、酸化ケイ素、酸化ベリリウムなどの酸化化合物、窒化ホウ素、窒化アルミニウム、窒化ケイ素のような窒化化合物ＳｉＣ、ダイヤモンドおよびカーボンブラックに加え、グラフェンといった炭素系素材が挙げられる。また、導電性も同時に発現していい場合には、亜鉛、アルミニウム、金、銀、銅、シリコン、タングステン、ニッケル、鉄、スズなどの金属を用いてもよい。一方で、誘電率を変化させたい場合は、誘電率の高いチタン酸バリウム、チタン酸アルミニウムなどに加え、誘電率の低いパーフルオロアルコキシアルカン、エチレンーテトラフルオロエチレンコポリマー、ポリテトラフルオロエチレンなどのフッ素化合物を加えてもよい。また、光学特性を変化させる場合は、屈折率の異なるアクリル、ポリスチレン、ポリカーボネートといった有機化合物、酸化アルミニウム、酸化チタン、ジルコニウム化合物、ハフニウム化合物といった金属化合物、水晶、光学ガラス、および蛍光ガラスなどのガラス類を用いてもよい。
機能性フィラーの平均粒子径は、エポキシ樹脂１０１に含まれる細孔の平均径以下であることが好ましい。機能性フィラーは細かいほど充填率を上げられること、および気泡サイズよりも小さなものを用いることで確実に樹脂層の内部に添加することが可能である。機能性フィラーのサイズとしては、１０μｍ以下の微粒子がよく、より望ましくは１００ｎｍ以下のものが好ましい。
機能性フィラーの添加量は、樹脂材と密度が大きく変わらないカーボンブラックなどに対してはエポキシ液剤との重量比で０．５～４０ｗｔ％の範囲で添加するのがよく、金属などの密度差があるものにはエポキシ液剤との体積比で０．５～４０ｖｏｌ％範囲で加えるのがよい。加えるフィラーの形状は、鱗片状、真球状、針状、およびその他の特殊形状などいずれのものでもよい。
図２Ａおよび図２Ｂは、実施の形態１に係る機能性エポキシ樹脂１００でのカーボンブラック１０３の分散状態を示す図である。図２Ｂは、図２Ａの領域Ｃの拡大図である。比較として、従来のエポキシ樹脂でのカーボンブラックの分散状態を図３Ａおよび図３Ｂに示す。図３Ｂは、図３Ａの領域Ｄの拡大図である。図４は、実施の形態１に係る機能性エポキシ樹脂１００の断面の状態を示す図である。図２Ａ、図２Ｂ、図３Ａ、図３Ｂおよび図４は、いずれも電子顕微鏡写真による図である。
図２Ａおよび図２Ｂに示す機能性エポキシ樹脂１００でのカーボンブラック１０３の分散状態は、図３Ａおよび図３Ｂに示す細孔のないエポキシ樹脂でのカーボンブラックの分散状態に比べて偏在しており、効率的にカーボンブラック同士が接触していることが分かる。なお、カーボンブラック以外の機能性フィラーに関しても、微細なフィラーであれば同様の効果があることは確認済みで、必要に応じて所望の物性が出るフィラーを添加すればよい。図４に示すように、機能性エポキシ樹脂１００は多孔質であることが確認できる。
図５は、機能性エポキシ樹脂１００でのカーボンブラック１０３の添加量および従来のエポキシ樹脂でのカーボンブラックの添加量と導電率の関係を示す図である。機能性エポキシ樹脂１００の導電率をＥ、従来のエポキシ樹脂の導電率をＦとした。比較対象のため、市販されている導電性カーボンペースト（（株）アサヒ化学研究所製、カーボンペーストＦＴＵ－１Ｋ―ＳＣ、カーボン添加量約２３ｗｔ％）の導電率Ｇも測定し比較した。図５に示すように、機能性エポキシ樹脂１００の導電率をＥは、従来のエポキシ樹脂の導電率をＦよりも高い導電率を示してだけでなく、市販品よりも低いカーボン含有率で同等以上の導電率を示すことが分かった。
次に、実施の形態１に係る機能性エポキシ樹脂１００の製造方法について説明する。まず最初に、エポキシ主剤として熱硬化樹脂を構成するエポキシ系化合物、硬化剤としてアミン系化合物、および相分離細孔形成剤としてグリコールまたはグリコール系化合物を含む混合溶液を攪拌機にて十分に攪拌する。
続いて、機能性フィラーとしてのカーボンブラック１０３を上記混合溶液に添加し、さらに攪拌する。添加するフィラーは、樹脂内領域に偏在させるために、ＵＶ処理、プラズマ処理、オゾン処理といったドライプロセス、またはアミン、シランカップリング剤のウエット処理で表面を修飾したものを用いる。
次いで、前処理を行った基板上に、カーボンブラック１０３が分散したエポキシ混合溶液を所望の厚みが得られるように薄く塗布して、熱硬化を行う。
最後に、熱硬化後、細孔形成のために用いた相分離細孔形成剤および相分離の際に樹脂内に存在する連続した骨格構造になれなかった未硬化モノマー等の不純物を除去するために、基板上のエポキシ樹脂を純水中で洗浄することにより柔軟な機能性エポキシ樹脂１００の薄膜を得ることができる。
なお、機能性エポキシ樹脂１００をバルクとして硬化させる場合には、テフロン（登録商標）板、ポリイミドフィルムなど離型性の高いもので作製した型に上記混合溶液を流し込み硬化させることで作製することができる。
この場合も、純水中で超音波、揺動、またはシャワーといった工程で不純物を取り除く。その後、真空乾燥を行うことで柔軟な機能性エポキシ樹脂１００を得ることができる。用途によっては洗浄せずに用いてもよい。
以上のように、本実施の形態１に係る機能性エポキシ樹脂１００によれば、細孔１０２を含むエポキシ樹脂１０１の骨格内に、架橋密度が異なる領域（疎水性をもつ領域および親水性を持つ領域）を設け、カーボンブラック１０３が前記架橋密度の高い領域（疎水性をもつ領域）に偏在するようにしたので、多孔性樹脂内に選択的にカーボンブラックが偏在することでフィラー密度が部分的に高まり、通常の添加率よりも少ない量で、柔軟かつ高い導電性を発揮することができる。
実施の形態２．
実施の形態２では、実施の形態１に係る機能性エポキシ樹脂１００を、電子部材としての接着部材に用いた場合について説明する。
図６Ａは、実施の形態２に係る機能性エポキシ樹脂２００を用いた電子部材の使用例を示す断面図である。図６Ａに示すように、機能性エポキシ樹脂２００は、実施の形態１に係る機能性エポキシ樹脂１００を接着部材として用いたものであり、被着体２０１と被着体２０２を接合する。機能性エポキシ樹脂２００は、例えば被着体２０１と被着体２０２が冷間圧延鋼板であるＳＰＣＣ（Ｓｔｅｅｌ  Ｐｌａｔｅ  Ｃｏｌｄ  Ｃｏｍｍｅｒｃｉａｌ）同士であれば、約２～５ＭＰａ程度の接着強度を示す。機能性エポキシ樹脂２００の機能性フィラーとしては、導電性フィラー、熱伝導性フィラーが挙げられる。
機能性エポキシ樹脂２００は、接着部材として使用する際には、被着体２０１および被着体２０２の接着面を予め表面処理することで密着性および接着強度の向上が期待できる。表面粗さの向上と新生面の獲得のため、研磨紙による被着面の研磨、大気およびアルゴンプラズマ処理、深紫外光処理、およびコロナ放電処理などの物理的処理が挙げられる。
また、硬化前の機能性エポキシ樹脂２００の溶液に、シランカップリング剤を添加する化学的処理でも同様の効果が得られる。例えば、２－（３，４－エポキシシクロヘキシル）エチルトリメトキシシラン、３－グリシドキシプロピルメチルジトキシシラン、３－グリシドキシプロピルトリメトキシシラン、３－グリシドキシプロピルメチルジエトキシシラン、Ｎ－２－（アミノエチル）-3-アミノプロピルメチルジメトキシシラン、3アミノプロピルトリメトキシシラン、3-トリエトキシシリル－Ｎ－（１，３－ジメチル-ブチリデン）プロピルアミン、Ｎ－フェニル－３－アミノプロピルトリメトキシシラン、Ｎ－（ベニルベンジル）－２－アミノエチル－３－アミノプロピルトリメトキシシラン塩酸塩などをプライマーとして用いてもよく、０．０１～１０ｗｔ％の範囲で添加するのがよい。
これらの処理を施すことで、６～１０ＭＰａレベルの接着強度を出すことも可能である。これにより、導電性または熱伝導性に優れた接着部材として扱うことが可能である。また、接着部が多孔性を示すため、柔軟性が付与されて振動および衝撃などを緩和することも可能である。
以上のように、本実施の形態２に係る機能性エポキシ樹脂２００を用いた電子部材によれば、実施の形態１に係る機能性エポキシ樹脂１００を、接着部材として用いるようにしたので、耐衝撃性および振動に耐える必要がある構造、かつ導電性および／または熱伝導性が必要な接着部位に使用できる。
なお、実施の形態２では、機能性エポキシ樹脂２００をそのまま接着部材として用いたが、これに限るものではない。図６Ｂは、実施の形態２に係る機能性エポキシ樹脂２００を用いた電子部材の使用例を示す他の断面図である。図６Ｂに示すように、機能性エポキシ樹脂２００は、導電性および／または熱伝導性を持つ接着剤または樹脂を細孔２０３に含侵させてもよい。
これにより、機能性フィラーの添加量を抑えられコストを低減することが可能である。また、含浸する接着剤または樹脂により接着性の向上を図ることも可能となる。この時に含浸させる接着剤または樹脂の材料についてはエポキシ、アクリル、ウレタン、シリコーン、シアノアクリレート、ビスマレイミドなど種類は問わないが、機能性エポキシ樹脂２００がエポキシベースであることから、含浸させる接着剤または樹脂はエポキシ系化合物であるとより信頼性が高く望ましい。
実施の形態３．
実施の形態３では、実施の形態１に係る機能性エポキシ樹脂１００を、電子部材としての接点部材に用いた場合について説明する。
図７は、実施の形態３に係る機能性エポキシ樹脂３００を用いた電子部材の使用例を示す断面図である。図７に示すように、機能性エポキシ樹脂３００は、実施の形態１に係る機能性エポキシ樹脂１００を接点部材として用いたものであり、基板３０２上に設けられ、接触端子３０１と接触する。機能性エポキシ樹脂３００は、例えば導通部材のグラウンドを設置したり、動作部の導通で信号を発するような機器に用いる。機能性エポキシ樹脂３００は、金属よりも安価で、伸び性もあり、ゴムなどより材料の耐久性が高いため可動部の接点に用いるとよい。機能性エポキシ樹脂３００は、接点部材に使う場合は基板上にあってもよいし、基板内に埋め込んだ状態で使用してもよい。
以上のように、本実施の形態３に係る機能性エポキシ樹脂３００を用いた電子部材によれば、実施の形態１に係る機能性エポキシ樹脂１００を、接点部材として用いるようにしたので、耐衝撃性および振動に耐える必要がある構造、かつ導電性および／または熱伝導性が必要な接点部位に使用できる。
なお、実施の形態３では、機能性エポキシ樹脂３００をそのまま接着部材として用いたが、これに限るものではない。機能性エポキシ樹脂３００は、導電性および／または熱伝導性を持つ樹脂を細孔に含侵させてもよい。
これにより、機能性フィラーの添加量を抑えられコストを低減することが可能である。この時に含浸させる樹脂の材料についてはエポキシ、アクリル、ウレタン、シリコーン、シアノアクリレート、ビスマレイミドなど種類は問わないが、機能性エポキシ樹脂２００がエポキシベースであることから、含浸させる樹脂はエポキシ系化合物であるとより信頼性が高く望ましい。
実施の形態４．
実施の形態４では、実施の形態１に係る機能性エポキシ樹脂１００を、電子部材としての放熱部材に用いた場合について説明する。
図８Ａは、実施の形態４に係る機能性エポキシ樹脂４００を用いた電子部材の使用例を示す断面図である。図８Ａに示すように、機能性エポキシ樹脂４００は、実施の形態１に係る機能性エポキシ樹脂１００を放熱部材として用いたものであり、固定部材４０２と、電子部品および回転部品などの発熱部材４０１との間に設けられる。
機能性エポキシ樹脂４００に用いられる機能性フィラーとしては、熱伝導性フィラーであり、導電性も必要な場合には金属を用い、絶縁性を担保したい場合は非金属性の熱伝導率の高い物質を用いる。
機能性エポキシ樹脂４００は、動作時に発熱する製品および部材の放熱性が必要になる箇所に用いるものであり、数百アンペアに達する大電流が流れるパワーデバイスなどでは２００℃前後の高温に耐える必要があり、これまでにない耐熱性も要求されている。特に、Ｓｉ、ＳｉＣ 、ＧａＮ、Ｇａ
2
Ｏ
3
といったパワー半導体では、３００℃以上の動作が可能であるが、その能力を活用するためにはその高温に耐える接続と熱を効率的に逃がすことが必要不可欠である。
また、モータなども回転により生じた熱を逃がすことでモータ自身の信頼性向上を見込むことが可能である。また、このような利用の場合には市販されている放熱ジェル、パテ、グリス、およびＴｈｅｒｍａｌ  Ｉｎｔｅｒｆａｃｅ  Ｍａｔｅｒｉａｌ（ＴＩＭ）と呼ばれる放熱材を細孔４０３に含浸させたり（図８Ｂ参照）、発熱部材４０１と機能性エポキシ樹脂４００をこれらの放熱層４０４で包含してもよい（図８Ｃ参照）。例えば、市販されているＤＥＮＫＡ（株）の放熱グリスであるＧＦＣシリーズ、３Ｍ（株）のＥＷ２０７０のような熱伝導性接着剤、ＨＥＮＫＥＬ（株）のＴＩＭであるＴＣＰ４０００ＰＭなどと併用することも可能である。
以上のように、本実施の形態４に係る機能性エポキシ樹脂４００を用いた電子部材によれば、実施の形態１に係る機能性エポキシ樹脂１００を、放熱部材として用いるようにしたので、耐衝撃性および振動に耐える必要がある構造、かつ放熱性が必要な発熱部の固定に使用できる。
実施の形態５．
実施の形態５では、実施の形態１に係る機能性エポキシ樹脂１００を、電子部材としての低誘電部材に用いた場合について説明する。
図９Ａは、実施の形態５に係る機能性エポキシ樹脂５００を用いた電子部材の使用例を示す断面図である。図９Ａに示すように、機能性エポキシ樹脂５００は、実施の形態１に係る機能性エポキシ樹脂１００を低誘電部材として用いたものであり、基板５０２上の回路パターン５０１の表面に設けられる。機能性エポキシ樹脂５００は、エポキシ樹脂１０１よりも誘電率の低い低誘電フィラーを含有する。フッ素樹脂などの誘電率の低い樹脂を用いた低誘電層５０３で回路パターン５０１と機能性エポキシ樹脂５００を包含してもよい（図９Ｂ参照）。機能性エポキシ樹脂５００で包含してもよい。
機能性エポキシ樹脂５００は、例えば、高周波を取り扱う電気回路においては保護層として用いることで直接電気回路に触れる部分の誘電率が低く抑えられるため、消費電力の低減および高周波特性の劣化を少なくできるという特徴を持つ。機能性エポキシ樹脂５００は、少なくとも一部がパターンにかかるように設けることで、プリント配線板およびフレキシブル配線板への適用でより高い効果が得られる。
以上のように、本実施の形態５に係る機能性エポキシ樹脂５００を用いた電子部材によれば、実施の形態１に係る機能性エポキシ樹脂１００を、エポキシ樹脂１０１より誘電率の低い低誘電フィラーを含有する低誘電部材として用いるようにしたので、直接電気回路に触れる部分の誘電率が低く抑えられるため、消費電力の低減および高周波特性の劣化を少なくできる。
実施の形態６．
実施の形態６では、実施の形態１に係る機能性エポキシ樹脂１００を、電子部材としてのセンサー部材に用いた場合について説明する。
図１０Ａは、実施の形態６に係る機能性エポキシ樹脂６００を用いた電子部材の使用例を示す断面図である。図１０Ａに示すように、機能性エポキシ樹脂６００は、実施の形態１に係る機能性エポキシ樹脂１００を、応力を測定するセンサー部材として用いたものであり、圧力印加部材６０１と圧力印加部材６０２の間に挟んで設けられる。機能性エポキシ樹脂６００は、電極６０３、６０４により図示しない導通モニター部に接続され、電流値が計測される。
機能性エポキシ樹脂６００は、電気抵抗または導電率を測定することで、使用時の環境を読み取るセンサー部材として使用する。機能性エポキシ樹脂６００は、２つの応力がかかる物体間に設置され、センサー部材として常に抵抗値などを計測することで、必要以上に応力がかかった場合、または応力がかからなくなった場合に抵抗値が変化し異常検知およびメンテナンスの目安とすることができる。
図１０Ｂは、実施の形態６に係る機能性エポキシ樹脂６００を用いた電子部材の他の使用例を示す断面図である。図１０Ｂに示すように、機能性エポキシ樹脂６００は、機能性エポキシ樹脂６００は、実施の形態１に係る機能性エポキシ樹脂１００を、応力を測定するセンサー部材として用いたものであり、固定部６０５と応力を感知したい部材６０６の間に設けられる。機能性エポキシ樹脂６００は、電極６０７、６０８により図示しない導通モニター部に接続され、電流値が計測される。
機能性エポキシ樹脂６００は、固定部６０５と応力を感知したい部材６０６の間に引張応力を掛けることでクリープ現象を起こし、それに伴い抵抗値が変化する。これにより、機能性エポキシ樹脂６００は、徐々に負荷が高まってる場所、または突発的な衝撃を受けて変化した場合の感知に使用できる。
以上のように、本実施の形態６に係る機能性エポキシ樹脂６００を用いた電子部材によれば、実施の形態１に係る機能性エポキシ樹脂１００を、センサー部材として用いるようにしたので、耐衝撃性、振動および荷重に耐える必要がある構造品のメンテナンス時期、故障有無、および突発の事故などを遠隔で感知できる。
なお、実施の形態６では、機能性エポキシ樹脂６００をそのままセンサー部材として用いたが、これに限るものではない。機能性エポキシ樹脂６００は、導電性を持つ接着剤または樹脂を細孔に含侵させてもよい。
これにより、機能性フィラーの添加量を抑えられコストを低減することが可能である。また、含浸する接着剤または樹脂により接着性の向上を図ることも可能となる。この時に含浸させる接着剤または樹脂の材料についてはエポキシ、アクリル、ウレタン、シリコーン、シアノアクリレート、ビスマレイミドなど種類は問わないが、機能性エポキシ樹脂６００がエポキシベースであることから、含浸させる接着剤または樹脂はエポキシ系化合物であるとより信頼性が高く望ましい。
本開示は、様々な例示的な実施の形態及び実施例が記載されているが、１つ、または複数の実施の形態に記載された様々な特徴、態様、及び機能は特定の実施の形態の適用に限られるのではなく、単独で、または様々な組み合わせで実施の形態に適用可能である。従って、例示されていない無数の変形例が、本明細書に開示される技術の範囲内において想定される。例えば、少なくとも１つの構成要素を変形する場合、追加する場合または省略する場合、さらには、少なくとも１つの構成要素を抽出し、他の実施の形態の構成要素と組み合わせる場合が含まれるものとする。","Claims (
12
)
細孔を含むエポキシ樹脂の骨格内に架橋密度が異なる領域を設け、機能性フィラーが前記架橋密度の高い領域に偏在
し、
前記細孔を含むエポキシ樹脂は、破断強度が３～２０ＭＰａ、伸び率が３～５０％、およびショアＤ硬度が４０～７０である
ことを特徴とする機能性エポキシ樹脂。
細孔を含むエポキシ樹脂内に疎水性をもつ領域と親水性を持つ領域とを設け、機能性フィラーが前記疎水性をもつ領域に偏在
し、
前記細孔を含むエポキシ樹脂は、破断強度が３～２０ＭＰａ、伸び率が３～５０％、およびショアＤ硬度が４０～７０である
ことを特徴とする機能性エポキシ樹脂。
前記機能性フィラーは、平均粒子径が前記細孔の平均径以下であることを特徴とする請求項１
または請求項２
に記載の機能性エポキシ樹脂。
前記機能性フィラーは、導電性フィラーであることを特徴とする請求項１
または請求項２
に記載の機能性エポキシ樹脂。
前記機能性フィラーは、熱伝導性フィラーであることを特徴とする請求項１
または請求項２
に記載の機能性エポキシ樹脂。
前記機能性フィラーは、前記エポキシ樹脂より誘電率の低い低誘電フィラーであることを特徴とする請求項１
または請求項２
に記載の機能性エポキシ樹脂。
前記細孔は、導電
性接
着剤または樹脂が含侵されていることを特徴とする
請求項４
に記載の機能性エポキシ樹脂。
前記細孔は、
熱
伝導性接着剤または樹脂が含侵されていることを特徴とする
請求項５
に記載の機能性エポキシ樹脂。
細孔を含むエポキシ樹脂の骨格内に架橋密度が異なる領域を設け、
導電性フィラーまたは熱伝導性フィラーである
機能性フィラーが前記架橋密度の高い領域に偏在す
る機能性エポキシ樹脂を、接点部材として用いた
ことを特徴とする電子部材。
細孔を含むエポキシ樹脂の骨格内に架橋密度が異なる領域を設け、
熱伝導性フィラーである
機能性フィラーが前記架橋密度の高い領域に偏在す
る機能性エポキシ樹脂を、放熱部材として用いた
ことを特徴とする電子部材。
細孔を含むエポキシ樹脂の骨格内に架橋密度が異なる領域を設け、
前記エポキシ樹脂より誘電率の低い低誘電フィラーである
機能性フィラーが前記架橋密度の高い領域に偏在す
る機能性エポキシ樹脂を、低誘電部材として用いた
ことを特徴とする電子部材。
細孔を含むエポキシ樹脂の骨格内に架橋密度が異なる領域を設け、
導電性フィラーである
機能性フィラーが前記架橋密度の高い領域に偏在す
る機能性エポキシ樹脂を、センサー部材として用いた
ことを特徴とする電子部材。"
JP7154444B1,対象機器の個体判定装置及び個体判定方法,https://patents.google.com/patent/JP7154444B1/ja,本開示は、電子機器又は電気機器などの対象機器に対して真贋判定もしくは個体識別判定などの個体判定を行える、対象機器の個体判定装置及び個体判定方法に関する。,特許文献１に、電子チップまたは集積回路を一義的に識別するために、ＰＵＦ（Physically Unclonable Function：物理的複製困難関数）を集積回路に組み込むことにより、集積回路に固有の一意的な署名の生成が可能とする技術が示されている。,"特許文献１に代表される従来の技術では、電子機器又は電気機器などの対象機器に対して真贋判定もしくは個体識別判定などの個体判定を行えるようにするためには、ＰＵＦを含む専用回路を対象機器の内部に設ける必要があった。
本開示は上記した点に鑑みてなされたものであり、対象機器に個体識別のための専用回路を設けることなく、真贋判定もしくは個体識別判定などの個体判定が行える対象機器の個体判定装置を得ることを目的とする。","本開示に係る対象機器の個体判定装置は、被対象機器におけるインタフェースと電気的に接続し、被対象機器におけるインタフェースに伝導される
伝導ノイズを
検知し、検知した伝導ノイズから被対象機器の個体特性を示す電磁気的特性信号を抽出し、出力する
、ＥＭＣ試験で使用される電源端子用のＡＭＮ又は信号端子用のＡＡＮのいずれかである
結合回路と、結合回路からの電磁気的特性信号が入力され、入力された結合回路からの電磁気的特性信号に基づき被対象機器の個体特性を示す個体特性データを出力する特性測定装置と、原対象機器の電磁気的な個体特性を示す個体特性データを記憶する記憶装置と、特性測定装置からの個体特性データと記憶装置に記憶された個体特性データとを比較し、被対象機器の個体判定を行う比較判定装置とを備える。",本開示によれば、被対象機器に特別な回路又は機能を付加することなく、被対象機器から必然的に生じる電磁気的な特性を利用して被対象機器の個体判定を行うことができる。,"特許文献１に代表される従来の技術では、電子機器又は電気機器などの対象機器に対して真贋判定もしくは個体識別判定などの個体判定を行えるようにするためには、ＰＵＦを含む専用回路を対象機器の内部に設ける必要があった。
本開示は上記した点に鑑みてなされたものであり、対象機器に個体識別のための専用回路を設けることなく、真贋判定もしくは個体識別判定などの個体判定が行える対象機器の個体判定装置を得ることを目的とする。
本開示に係る対象機器の個体判定装置は、被対象機器におけるインタフェースと電気的に接続し、被対象機器におけるインタフェースに伝導される
伝導ノイズを
検知し、検知した伝導ノイズから被対象機器の個体特性を示す電磁気的特性信号を抽出し、出力する
、ＥＭＣ試験で使用される電源端子用のＡＭＮ又は信号端子用のＡＡＮのいずれかである
結合回路と、結合回路からの電磁気的特性信号が入力され、入力された結合回路からの電磁気的特性信号に基づき被対象機器の個体特性を示す個体特性データを出力する特性測定装置と、原対象機器の電磁気的な個体特性を示す個体特性データを記憶する記憶装置と、特性測定装置からの個体特性データと記憶装置に記憶された個体特性データとを比較し、被対象機器の個体判定を行う比較判定装置とを備える。
本開示によれば、被対象機器に特別な回路又は機能を付加することなく、被対象機器から必然的に生じる電磁気的な特性を利用して被対象機器の個体判定を行うことができる。","","Claims (
15
)
被対象機器におけるインタフェースと電気的に接続し、前記被対象機器におけるインタフェースに伝導される伝導ノイズを検知し、検知した伝導ノイズから前記被対象機器の個体特性を示す電磁気的特性信号を抽出し、出力する、ＥＭＣ試験で使用される電源端子用のＡＭＮ又は信号端子用のＡＡＮのいずれかである結合回路と、
前記結合回路からの電磁気的特性信号が入力され、入力された前記結合回路からの電磁気的特性信号に基づき前記被対象機器の個体特性を示す個体特性データを出力する特性測定装置と、
原対象機器の電磁気的な個体特性を示す個体特性データを記憶する記憶装置と、
前記特性測定装置からの個体特性データと前記記憶装置に記憶された個体特性データとを比較し、前記被対象機器の個体判定を行う比較判定装置と、
を備えた対象機器の個体判定装置。
被対象機器におけるインタフェースと電気的に接続し、前記被対象機器におけるインタフェースに伝導される伝導ノイズを検知し、検知した伝導ノイズから前記被対象機器の個体特性を示す電磁気的特性信号を抽出し、出力する電圧プローブと、
前記電圧プローブからの電磁気的特性信号が入力され、入力された前記電圧プローブからの電磁気的特性信号に基づき前記被対象機器の個体特性を示す個体特性データを出力する特性測定装置と、
原対象機器の電磁気的な個体特性を示す個体特性データを記憶する記憶装置と、
前記特性測定装置からの個体特性データと前記記憶装置に記憶された個体特性データとを比較し、前記被対象機器の個体判定を行う比較判定装置と、
を備えた対象機器の個体判定装置。
被対象機器におけるインタフェースから得られる反射特性又はインピーダンス特性、あるいは前記被対象機器における異なる２つのインタフェースの間で得られる通過特性のいずれかの特性を示す信号から抽出された前記被対象機器の個体特性を示す電磁気的特性信号が入力され、入力された電磁気的特性信号に基づき前記被対象機器の個体特性を示す個体特性データを出力するネットワークアナライザ
である特性測定装置
と、
原対象機器の電磁気的な個体特性を示す個体特性データを記憶する記憶装置と、
前記
特性測定装置
からの個体特性データと前記記憶装置に記憶された個体特性データとを比較し、前記被対象機器の個体判定を行う比較判定装置と、
を備えた対象機器の個体判定装置。
被対象機器におけるインタフェースから得られる反射特性又はインピーダンス特性を示す信号から抽出された前記被対象機器の個体特性を示す電磁気的特性信号が入力され、入力された電磁気的特性信号に基づき前記被対象機器の個体特性を示す個体特性データを出力するＴＤＲ測定装置
である特性測定装置
と、
原対象機器の電磁気的な個体特性を示す個体特性データを記憶する記憶装置と、
前記
特性測定装置
からの個体特性データと前記記憶装置に記憶された個体特性データとを比較し、前記被対象機器の個体判定を行う比較判定装置と、
を備えた対象機器の個体判定装置。
被対象機器におけるインタフェースから得られる反射特性を示す信号から抽出された前記被対象機器の個体特性を示す電磁気的特性信号が入力され、入力された電磁気的特性信号に基づく前記被対象機器の周波数に対する反射量を示す個体特性データを出力する特性測定装置と、
原対象機器の周波数に対する反射量を示す個体特性データを記憶する記憶装置と、
前記特性測定装置からの個体特性データと前記記憶装置に記憶された個体特性データとを比較し、前記被対象機器の個体判定を行う比較判定装置と、
を備えた対象機器の個体判定装置。
被対象機器におけるインタフェースから得られる反射特性を示す信号から抽出された前記被対象機器の個体特性を示す電磁気的特性信号が入力され、入力された電磁気的特性信号に基づく前記被対象機器の時間に対する反射量を示す個体特性データを出力する特性測定装置と、
原対象機器の
時間
に対する反射量を示す個体特性データを記憶する記憶装置と、
前記特性測定装置からの個体特性データと前記記憶装置に記憶された個体特性データとを比較し、前記被対象機器の個体判定を行う比較判定装置と、
を備えた対象機器の個体判定装置。
被対象機器におけるインタフェースから得られるインピーダンス特性を示す信号から抽出された前記被対象機器の個体特性を示す電磁気的特性信号が入力され、入力された電磁気的特性信号に基づく前記被対象機器の周波数に対するインピーダン
スを
示す個体特性データを出力する特性測定装置と、
原対象機器の周波数に対する
インピーダンス
を示す個体特性データを記憶する記憶装置と、
前記特性測定装置からの個体特性データと前記記憶装置に記憶された個体特性データとを比較し、前記被対象機器の個体判定を行う比較判定装置と、
を備えた対象機器の個体判定装置。
被対象機器におけるインタフェースから得られるインピーダンス特性を示す信号から抽出された前記被対象機器の個体特性を示す電磁気的特性信号が入力され、入力された電磁気的特性信号に基づく前記被対象機器の時間に対するインピーダンスを示す個体特性データを出力する特性測定装置と、
原対象機器の
時間に対するインピーダンス
を示す個体特性データを記憶する記憶装置と、
前記特性測定装置からの個体特性データと前記記憶装置に記憶された個体特性データとを比較し、前記被対象機器の個体判定を行う比較判定装置と、
を備えた対象機器の個体判定装置。
前記比較判定装置に入力される前記特性測定装置からの個体特性データは、データ整理装置により、前記特性測定装置からの個体特性データからノイズを除去又は特徴的な情報を抽出することにより前記特性測定装置からの個体特性データを整理した個体特性データである請求項１から請求項８のいずれか１項に記載の対象機器の個体判定装置。
前記記憶装置に記憶された個体特性データは、前記原対象機器の型名又はシリアル番号などにより示される識別情報が紐づけされた原個体特性データとして記憶され、
前記比較判定装置は、前記特性測定装置からの個体特性データと前記記憶装置に記憶された原個体特性データにおける個体特性データとの比較が一致すると、前記原個体特性データにおける前記原対象機器の識別情報を出力する、
請求項１から請求項９のいずれか１項に記載の対象機器の個体判定装置。
被対象機器におけるインタフェースに伝導される伝導ノイズ、あるいは、前記被対象機器におけるインタフェースから得られる反射特性、インピーダンス特性、又は前記被対象機器における異なる２つのインタフェースの間で得られる通過特性のいずれかの特性を示す信号を検知して前記被対象機器の個体特性を示す電磁気的特性信号を抽出し、出力する、電磁気的特性信号の取得ステップ、及び、特性測定装置が前記電磁気的特性信号の取得ステップにより抽出した電磁気的特性信号に基づき前記被対象機器の電磁気的な個体特性を示す個体特性データを取得し、出力する前記被対象機器の個体特性データの取得ステップを有する前記被対象機器の個体特性データを取得する取得手順と、
比較判定装置が、前記取得手順にて取得した前記被対象機器の個体特性データを、記憶装置に記憶された原対象機器の個体特性データと比較し、前記被対象機器の個体判定を行う個体判定手順と、
を備えた対象機器の個体判定方法。
前記取得手順は、前記特性測定装置が出力した前記被対象機器の個体特性データからノイズを除去又は特徴的な情報を抽出することにより前記特性測定装置からの前記被対象機器の個体特性データを整理した個体特性データとして前記比較判定装置に出力する前記被対象機器の個体特性データの整理ステップを有する請求項１１に記載の対象機器の個体判定方法。
原対象機器におけるインタフェースに伝導される伝導ノイズ、あるいは、前記原対象機器におけるインタフェースから得られる反射特性、インピーダンス特性、又は前記原対象機器における異なる２つのインタフェースの間で得られる通過特性のいずれかの特性を示す信号を検知して前記原対象機器の個体特性を示す電磁気的特性信号を抽出し、出力する、電磁気的特性信号の取得ステップ、及び、前記特性測定装置が前記電磁気的特性信号の取得ステップにより抽出した電磁気的特性信号に基づき前記原対象機器の電磁気的な個体特性を示す個体特性データを取得し、出力する前記原対象機器の個体特性データの取得ステップ、及び、前記記憶装置に記憶される原対象機器の個体特性データを、前記原対象機器の型名及びシリアル番号などにより示される識別情報に紐づけされて原個体特性データとして記憶する記憶ステップを有する前記原対象機器における原個体特性データの前記記憶装置への記憶を行う記憶手順をさらに備えた請求項１１に記載の対象機器の個体判定方法。
前記取得手順は、前記特性測定装置が出力した前記被対象機器の個体特性データからノイズを除去又は特徴的な情報を抽出することにより前記特性測定装置からの前記被対象機器の個体特性データを整理した個体特性データとして前記比較判定装置に出力する前記被対象機器の個体特性データの整理ステップを有し、
前記記憶手順は、前記特性測定装置が出力した前記原対象機器の個体特性データからノイズを除去又は特徴的な情報を抽出することにより前記特性測定装置からの前記原対象機器の個体特性データを整理した個体特性データとして前記記憶装置に出力する前記原対象機器の個体特性データの整理ステップを有する、
請求項１３に記載の対象機器の個体判定方法。
前記個体判定手順は、前記取得手順にて取得した前記被対象機器の個体特性データが前記記憶装置に記憶された前記原対象機器の個体特性データと一致すると、前記原対象機器における原個体特性データの識別情報を出力するステップを有する請求項１３又は請求項１４に記載の対象機器の個体判定方法。"
JP7607848B2,認証装置、認証システム、および認証方法,https://patents.google.com/patent/JP7607848B2/ja,本開示は、電子機器の認証技術に関する。,従来の電子機器の認証では、電子機器の電磁的特性を測定して、測定した電磁的特性を予め記憶しておき、後に認証の対象機器の電磁的特性を測定して、認証対象機器の電磁的特性と予め記憶しておいた電磁的特性とを照合することで、認証対象機器の真正性を判定していた（例えば、特許文献１）。また、電子機器の電磁的特性として電子機器から放射される電磁波のスペクトルに着目した認証を行う方法も提案されている（例えば、非特許文献１）。,"従来技術によれば、認証を行う装置（認証装置）を認証対象機器（被認証機器）の近傍に配置し、その場で測定した被認証機器の電磁的特性を認証装置に予め記憶した電磁的特性と照合する必要があった。また、仮に認証装置と被認証機器が異なる場所にあり、通信ネットワークを介して認証を行おうとした場合、被認証機器の電磁的特性データを通信ネットワーク上に載せて認証装置に送る必要がある。通信ネットワークを介して通信を行う場合には、通信ネットワーク上の通信データが傍受されて被認証機器の電磁的特性データが漏洩してしまうと、偽造機器を真正な被認証機器になりすました認証が行われるという問題点があった。
本開示は、このような問題を解決するためになされたものであり、被認証機器の認証を通信ネットワークを介して行う場合に、被認証機器の電磁的特性の漏洩を防止できる認証技術を提供することを目的とする。",本開示の実施形態による認証装置の一側面は、第１の被認証機器の電磁的特性を予め記録する記憶装置から、少なくとも１つの記録された電磁的特性を取得する第１の電磁的特性取得部と、前記記録された電磁的特性に応じたデータセットであるチャレンジデータを生成するチャレンジデータ生成部と、前記記録された電磁的特性と生成されたチャレンジデータとを比較して、比較の結果であるレスポンスデータ期待値を生成する期待値生成部と、前記生成されたチャレンジデータを応答装置に送信するチャレンジデータ送信部と、前記応答装置から、第２の被認証機器に係るレスポンスデータを受信するレスポンスデータ受信部と、生成されたレスポンスデータ期待値と受信されたレスポンスデータとを比較し、前記第２の被認証機器の真正性を判定するレスポンスデータ判定部と、を備え、前記応答装置は、前記第２の被認証機器から取得される電磁的特性と送信されたチャレンジデータとを比較して、比較の結果を前記レスポンスデータとして生成する。,本開示の実施形態による認証装置によれば、被認証機器の電磁的特性は送受信されないので、被認証機器の電磁的特性の漏洩を防止できる。,"従来技術によれば、認証を行う装置（認証装置）を認証対象機器（被認証機器）の近傍に配置し、その場で測定した被認証機器の電磁的特性を認証装置に予め記憶した電磁的特性と照合する必要があった。また、仮に認証装置と被認証機器が異なる場所にあり、通信ネットワークを介して認証を行おうとした場合、被認証機器の電磁的特性データを通信ネットワーク上に載せて認証装置に送る必要がある。通信ネットワークを介して通信を行う場合には、通信ネットワーク上の通信データが傍受されて被認証機器の電磁的特性データが漏洩してしまうと、偽造機器を真正な被認証機器になりすました認証が行われるという問題点があった。
本開示は、このような問題を解決するためになされたものであり、被認証機器の認証を通信ネットワークを介して行う場合に、被認証機器の電磁的特性の漏洩を防止できる認証技術を提供することを目的とする。
本開示の実施形態による認証装置の一側面は、第１の被認証機器の電磁的特性を予め記録する記憶装置から、少なくとも１つの記録された電磁的特性を取得する第１の電磁的特性取得部と、前記記録された電磁的特性に応じたデータセットであるチャレンジデータを生成するチャレンジデータ生成部と、前記記録された電磁的特性と生成されたチャレンジデータとを比較して、比較の結果であるレスポンスデータ期待値を生成する期待値生成部と、前記生成されたチャレンジデータを応答装置に送信するチャレンジデータ送信部と、前記応答装置から、第２の被認証機器に係るレスポンスデータを受信するレスポンスデータ受信部と、生成されたレスポンスデータ期待値と受信されたレスポンスデータとを比較し、前記第２の被認証機器の真正性を判定するレスポンスデータ判定部と、を備え、前記応答装置は、前記第２の被認証機器から取得される電磁的特性と送信されたチャレンジデータとを比較して、比較の結果を前記レスポンスデータとして生成する。
本開示の実施形態による認証装置によれば、被認証機器の電磁的特性は送受信されないので、被認証機器の電磁的特性の漏洩を防止できる。","","Claims (
18
)
第１の被認証機器
から取得される少なくとも１つの前記第１の被認証機器の
電磁的特性に応じたデータセットであるチャレンジデータを生成するチャレンジデータ生成部と、
前記
第１の被認証機器
の電磁的特性と
前記チャレンジデータ生成部によって
生成された
前記
チャレンジデータとを比較して、比較の結果であるレスポンスデータ期待値を生成する期待値生成部と
、
前記期待値生成部によって
生成された
前記
レスポンスデータ期待値と
応答装置から送信
された
第２の被認証機器に係る
レスポンスデータとを比較し、前記第２の被認証機器の真正性を判定するレスポンスデータ判定部と、
を備え、
前記チャレンジデータ生成部によって生成された前記チャレンジデータを前記応答装置に送信し、
前記第２の被認証機器から取得される
前記第２の被認証機器の
電磁的特性と送信
した前記
チャレンジデータ
との
比較の結果を前記レスポンスデータとして
前記応答装置から受信し
、
前記第１の被認証機器の電磁的特性および前記第２の被認証機器の電磁的特性は、Ｘ軸とＹ軸からなる２次元グラフとして表現される特性であり、
前記チャレンジデータは、複数のＸ軸値Ｘｎと、各Ｘ軸値におけるＹ軸閾値Ｙｎの組［Ｘｎ，Ｙｎ］（ｎは整数）として生成される、
認証装置。
前記
チャレンジデータ
の前記Ｙ軸閾値Ｙｎは、
前記複数のＸ軸値において共通かつ単一のＹ軸閾値Ｙ
である
、
請求項１に記載された認証装置。
請求項１に記載された認証装置であって、
前記チャレンジデータ生成部は、
前記Ｘ軸について、前記認証装置と前記応答装置で、予め共有された固定値、または認証要求のたびに共通のツールで生成され共有される変動値である、共有された複数のＸ軸値Ｘｎを生成し、
前記Ｙ軸について、前記共有された複数のＸ軸値に対して互いに異なる複数のＹ軸閾値Ｙｎを生成し、
前記
認証装置
は、生成された複数のＸ軸値Ｘｎおよび複数のＹ軸閾値Ｙｎのうち、前記生成された複数のＹ軸閾値Ｙｎのみを［Ｙｎ］（ｎは整数）として送信する、
請求項１
に記載された認証
装置
。
請求項１に記載された認証装置であって、
前記チャレンジデータ生成部は、
前記Ｘ軸について、前記認証装置と前記応答装置で、予め共有された固定値、または認証要求のたびに共通のツールで生成され共有される変動値である、共有された複数のＸ軸値Ｘｎを生成し、
前記Ｙ軸について、前記共有された複数のＸ軸値Ｘｎに対して共通かつ単一のＹ軸閾値Ｙを生成し、
前記
認証装置
は、生成された複数のＸ軸値Ｘｎおよび単一のＹ軸閾値Ｙのうち、前記生成された単一のＹ軸閾値Ｙのみを［Ｙ］として送信する、
請求項１
に記載された認証
装置
。
前記複数のＸ軸値Ｘｎと、各Ｘ軸値におけるＹ軸閾値ＹまたはＹｎの一部または全部は、認証要求が発生するたびにランダムな値として生成される、
請求項
１から４
のいずれか１項に記載された認証
装置
。
前記第１の被認証機器から取得される前記第１の被認証機器の
電磁的特性は、２つの電磁的特性を含み、
前記チャレンジデータ生成部は、
前記２以上の電磁的特性のそれぞれについて、複数のＸ軸値Ｘｎと、前記複数のＸ軸値ＸｎにおけるＹ軸閾値ＹまたはＹｎとを生成し、前記Ｘ軸値Ｘｎと前記Ｙ軸閾値ＹまたはＹｎとの組み合わせを、前記チャレンジデータとして生成する、
請求項５
に記載された認証
装置
。
前記期待値生成部は、前記Ｙ軸閾値ＹｎまたはＹと、前記第１の被認証機器の電磁的特性の前記複数のＸ軸値ＸｎにおけるＹ軸の値とを比較して、前記Ｙ軸閾値ＹｎまたはＹと前記第１の被認証機器の電磁的特性の前記Ｙ軸の値のどちらが大きいかを判定してｎビットの第１のデータを生成し、
前記
応答装置
は、前記Ｙ軸閾値ＹｎまたはＹと、前記第２の被認証機器の電磁的特性の前記複数のＸ軸値ＸｎにおけるＹ軸の値とを比較して、前記Ｙ軸閾値ＹｎまたはＹと前記第２の被認証機器の電磁的特性の前記Ｙ軸の値のどちらが大きいかを判定してｎビットの第２のデータを生成する、
請求項６
に記載された認証
装置
。
前記期待値生成部は、前記Ｙ軸閾値ＹｎまたはＹと、前記第１の被認証機器の電磁的特性の前記複数のＸ軸値ＸｎにおけるＹ軸の値とを比較して、前記Ｙ軸閾値ＹｎまたはＹと前記第１の被認証機器の電磁的特性の前記Ｙ軸の値のどちらが大きいかを判定してｎビットの第１のデータを生成し、生成した第１のデータに対して予め定められた演算を行い、
前記
応答装置
は、前記Ｙ軸閾値ＹｎまたはＹと、前記第２の被認証機器の電磁的特性の前記複数のＸ軸値ＸｎにおけるＹ軸の値とを比較して、前記Ｙ軸閾値ＹｎまたはＹと前記第２の被認証機器の電磁的特性の前記Ｙ軸の値のどちらが大きいかを判定してｎビットの第２のデータを生成し、生成した第２のデータに対して前記予め定められた演算を行う、
請求項６
に記載された認証
装置
。
請求項１に記載された認証装置と、
請求項１に記載された応答装置と、
を備える認証システムであって、
前記応答装置は、
前記第
２の被認証機器
から取得される前記第２の被認証機器
の電磁的特性と
前記認証装置から送信された前記
チャレンジデータとを比較して、比較の結果を前記レスポンスデータとして生成するレスポンスデータ生成部
、
を
備える、
認証システム。
前記応答装置と前記第２の被認証機器は一体化されている、
請求項９
に記載された認証システム。
チャレ
ンジデータ生成部、期待値生成
部、お
よびレスポンスデータ判定部を備える認証装置
と、レ
スポンスデータ生成
部を備
える応答装置と、を備える認証システムが行う認証方法であって
、
前記
認証装置の
前記
チャレンジデータ生成部が、
第１の被認証機器から取得される少なくとも１つの第１の被認証機器の
電磁的特性に応じたデータセットであるチャレンジデータを生成するステップと、
前記認証装置の
前記
期待値生成部が、前記
第１の被認証機器の
電磁的特性と
前記チャレンジデータ生成部によって
生成された
前記
チャレンジデータとを比較して、比較の結果であるレスポンスデータ期待値を生成するステップと、
前記認証
装置が
、前記
チャレンジデータ生成部によって
生成された
前記
チャレンジデータを
前記
応答装置に送信するステップと
、
前記
応答装置の
前記
レスポンスデータ生成部が、
第２の被認証機器から
取得さ
れる第
２の被認証機器の電磁的特性と
前記認証装置から送信された前記
チャレンジデータとを比較して、比較の結果をレスポンスデータとして生成するステップと、
前記応答
装置が
、
前記レスポンスデータ生成部によって
生成された
前記
レスポンスデータを
前記認証装置に
送信するステップと
、
前記
認証装置の
前記
レスポンスデータ判定部が、
前記期待値生成部によって
生成された
前記
レスポンスデータ期待値と
前記応答装置から送信
された
前記
レスポンスデータとを比較し、前記第２の被認証機器の真正性を判定するステップと、
を備え
、
前記第１の被認証機器の電磁的特性および前記第２の被認証機器の電磁的特性は、Ｘ軸とＹ軸からなる２次元グラフとして表現される特性であり、
前記チャレンジデータは、複数のＸ軸値Ｘｎと、各Ｘ軸値におけるＹ軸閾値Ｙｎの組［Ｘｎ，Ｙｎ］（ｎは整数）として生成される、
認証方法。
前記
チャレンジデータ
の前記Ｙ軸閾値Ｙｎは、
前記複数のＸ軸値において共通かつ単一のＹ軸閾値Ｙ
である
、
請求項１１
に記載された認証方法。
前記
チャレンジデータ生成部は、
前記Ｘ軸について、前記認証装置と前記応答装置で、予め共有された固定値、または認証要求のたびに共通のツールで生成され共有される変動値である、共有された複数のＸ軸値Ｘｎを生成し、
前記Ｙ軸について、前記共有された複数のＸ軸値に対して互いに異なる複数のＹ軸閾値Ｙｎを生成し、
前記
認証装置
は、生成された複数のＸ軸値Ｘｎおよび複数のＹ軸閾値Ｙｎのうち、前記生成された複数のＹ軸閾値Ｙｎのみを［Ｙｎ］（ｎは整数）として送信する、
請求項１１
に記載された認証方法。
前記
チャレンジデータ生成部は、
前記Ｘ軸について、前記認証装置と前記応答装置で、予め共有された固定値、または認証要求のたびに共通のツールで生成され共有される変動値である、共有された複数のＸ軸値Ｘｎを生成し、
前記Ｙ軸について、前記共有された複数のＸ軸値Ｘｎに対して共通かつ単一のＹ軸閾値Ｙを生成し、
前記
認証装置
は、生成された複数のＸ軸値Ｘｎおよび単一のＹ軸閾値Ｙのうち、前記生成された単一のＹ軸閾値Ｙのみを［Ｙ］として送信する、
請求項１１
に記載された認証方法。
前記複数のＸ軸値Ｘｎと、各Ｘ軸値におけるＹ軸閾値ＹまたはＹｎの一部または全部は、認証要求が発生するたびにランダムな値として生成される、
請求項
１１から１４
のいずれか１項に記載された認証方法。
前記第１の被認証機器から取得される前記第１の被認証機器の
電磁的特性は、２つの電磁的特性を含み、
前記チャレンジデータ生成部は、
前記２以上の電磁的特性のそれぞれについて、複数のＸ軸値Ｘｎと、前記複数のＸ軸値ＸｎにおけるＹ軸閾値ＹまたはＹｎとを生成し、前記Ｘ軸値Ｘｎと前記Ｙ軸閾値ＹまたはＹｎとの組み合わせを、前記チャレンジデータとして生成する、
請求項１５
に記載された認証方法。
前記期待値生成部は、前記Ｙ軸閾値ＹｎまたはＹと、前記第１の被認証機器の電磁的特性の前記複数のＸ軸値ＸｎにおけるＹ軸の値とを比較して、前記Ｙ軸閾値ＹｎまたはＹと前記第１の被認証機器の電磁的特性の前記Ｙ軸の値のどちらが大きいかを判定してｎビットの第１のデータを生成し、
前記レスポンスデータ生成部は、前記Ｙ軸閾値ＹｎまたはＹと、前記第２の被認証機器の電磁的特性の前記複数のＸ軸値ＸｎにおけるＹ軸の値とを比較して、前記Ｙ軸閾値ＹｎまたはＹと前記第２の被認証機器の電磁的特性の前記Ｙ軸の値のどちらが大きいかを判定してｎビットの第２のデータを生成する、
請求項１６
に記載された認証方法。
前記期待値生成部は、前記Ｙ軸閾値ＹｎまたはＹと、前記第１の被認証機器の電磁的特性の前記複数のＸ軸値ＸｎにおけるＹ軸の値とを比較して、前記Ｙ軸閾値ＹｎまたはＹと前記第１の被認証機器の電磁的特性の前記Ｙ軸の値のどちらが大きいかを判定してｎビットの第１のデータを生成し、生成した第１のデータに対して予め定められた演算を行い、
前記レスポンスデータ生成部は、前記Ｙ軸閾値ＹｎまたはＹと、前記第２の被認証機器の電磁的特性の前記複数のＸ軸値ＸｎにおけるＹ軸の値とを比較して、前記Ｙ軸閾値ＹｎまたはＹと前記第２の被認証機器の電磁的特性の前記Ｙ軸の値のどちらが大きいかを判定してｎビットの第２のデータを生成し、生成した第２のデータに対して前記予め定められた演算を行う、
請求項１６
に記載された認証方法。"
JP5713798B2,摩擦帯電装置および静電選別装置,https://patents.google.com/patent/JP5713798B2/ja,本発明は、摩擦帯電装置および静電選別装置に関し、特に、２種以上のプラスチックの混合物を帯電させるための摩擦帯電装置およびそれを備えた静電選別装置に関するものである。,"使用済みの家電製品などの再資源化（リサイクル）においては一般に、まず手作業で、回収および再生の容易な単一素材よりなる大形部材が選別回収される。この大形部材は、金属、ガラス、プラスチックなどよりなっている。大形部材が選別回収された後に残る部分は、複数の素材よりなる複合部材が多いため、単純なプロセスではリサイクルが難しい。
更に回収が進められる場合には、まずシュレッダーで複合部材が破砕される。これにより複合部材が素材単位に分解されて破砕混合物が形成される。次に、比重、磁力、渦電流などの差を用いる既存の選別技術が活用されて、金属、ガラス類などが破砕混合物から取り出される。破砕混合物の残りの部分は、多種類のプラスチックの混合物である破砕残渣（混合破砕プラスチック、以下混合プラスチックという）である。混合プラスチックを素材として再利用するためには、混合プラスチックから樹脂種類毎にプラスチックを分別回収する必要があるが、商業的なプロセスが未だ確立されておらず、埋立てなどの廃棄物処理や燃焼による熱回収処理などが行われる場合が多い。
しかしながら近年では、混合プラスチックを分別回収する技術として、たとえば静電選別という技術が開発されている。静電選別は、摩擦帯電序列を利用して混合プラスチックをプラスチックの樹脂種類毎に分別回収する技術である。摩擦帯電序列とは、異種材料同士を摩擦したときに正に帯電しやすい物質を上位に、負に帯電しやすいものを下位に並べた序列である。
静電選別では、摩擦帯電序列の異なる複数種類のプラスチックの混合体が、まず摩擦帯電される。次に帯電した各種類のプラスチックが静電場を通過する。この際、正負の帯電の差および帯電量の大小差などの静電気力に起因して、各種類のプラスチックの静電場を通過する軌跡が異なる。この軌跡の差異により各種類のプラスチックが樹脂種類毎に分別回収される。
この選別手法において、摩擦帯電装置は代表的には、たとえば円筒状、角柱状などの帯電容器であり、内部に攪拌羽根を備えている。この帯電容器に所定量の混合プラスチックが投入されて所定時間攪拌されることで混合プラスチックが摩擦帯電される。この帯電工程は選別工程と並ぶ重要な工程であり、高精度な静電選別を行うには樹脂種に応じて所定の帯電量をバラツキなく付与する必要がある。
帯電現象には、帯電時間に伴い帯電量が増加し、ある時間以降は一定の飽和量に至るという性質がある。したがって再現性良く安定に帯電する一つの方法は、混合プラスチックをバッチ式の帯電装置で飽和に十分な時間確実に帯電することである。このようなバッチ式の帯電装置を用いて連続操業可能な静電選別装置を構成した事例が、たとえば特開２００１−３２１６９４号公報（特許文献１）に提案されている。
この静電選別装置は、複数のバッチ式の帯電装置を３台組み合わせて切り替え運転を行い、全体として混合プラスチックの連続的な供給排出を実現している。しかしながらこの方式は、一つの選別ラインに３個の帯電装置を必要とし、更には３系統から供給されるプラスチックを統合するバッファタンク、それらをつなぐ搬送機構、切替機構、制御機構などの追加設備を必要とする。そのため帯電装置、選別装置を各１個単純に組み合わせた静電選別装置と比べると、コストおよびスペースが約３倍必要となるため実用化が難しいという課題がある。なお、静電選別装置では選別部に比べ帯電部が相対的に大きく、容積割合では帯電部が主たる部分を占める。
ところで、１個の帯電装置で混合プラスチックの連続的な供給排出が可能な技術は、別途複数提案されている。たとえば特開２００４−１３６２０７号公報（特許文献２）に記載された帯電装置では、筒状の帯電容器が横置きされ、帯電容器の軸心がやや傾斜して設置されている。帯電容器が回転した際、帯電容器の内周面にプラスチック片を攪拌するように攪拌羽根が設けられている。傾斜上方側の帯電容器端部の投入口から投入されたプラスチック片は、攪拌羽根の効果で摩擦帯電され、同時に傾斜により帯電容器内面の下半分を樋を流れる水のように滑落し、傾斜下方側の帯電容器端部の排出口から連続的に排出される。
この帯電装置では、プラスチック片の滑落速度が相対的に大きく、たとえば実用的な寸法に近い１ｍ程度の長さの帯電筒であってもプラスチック片の帯電容器滞留時間（帯電時間）が１〜２分程度にしかならないという課題がある。さらに滑落速度が一定せず滞留時間が不安定でプラスチック片毎の滞留時間のバラツキが大きいという課題がある。
傾斜面におけるプラスチック片の滑りの状態（すべり速度）はたとえば傾斜角度などの設計要因にも依存するが、それ以外に混合プラスチックに含まれる微小な破砕片の量、破砕片の形状、樹脂の種類などの制御不能な要因にも依存するため、得られる滞留時間が不安定である。飽和に至る帯電を得るにはたとえば１０分程度以上の滞留時間が必要であり、この帯電容器では望ましい平均帯電時間およびバラツキの小さな帯電時間（滞留時間）の分布が得られないという欠点がある。
帯電時間を長くし得る摩擦帯電装置がたとえば特開２００１−２７６６５８号公報（特許文献３）に記載されている。この摩擦帯電装置では、傾斜設置された帯電容器内に複数の仕切板が挿入されており、仕切板の一部がプラスチックの通過穴として切り欠かれている。そして、隣接する仕切板ではこの切欠き部の位置が約１８０°ずらされている。プラスチック片は帯電容器の内周面の下半分に沿って傾斜の上方側から下方側に滑落する。
その際、切欠き部は隣接する上方側の仕切板と下方側の仕切板とで角度が１８０°ずれているため、プラスチック片は上方側の切欠き部を通過した後、下方の仕切板で一旦停止され、帯電容器が半回転するのを待って下方側の仕切板の切欠き部を通過する。以降、順次同じ動作が繰り返される。その結果、仕切板が無い場合に比べてプラスチック片の滞留時間、即ち帯電時間が長くなる効果がある。
しかしながら、この摩擦帯電装置により増加する帯電時間の増分は、０．２分程度であり、必要な１０分程度以上の帯電時間を得るに十分ではない。この帯電時間の増分は次のように試算された。帯電時間の増分＝０．５回転×６回待ち÷帯電容器の回転速度＝０．２分。この試算の条件としては、帯電容器の回転速度は１５回転／分とし、帯電容器の長さは１ｍとし、帯電容器内の仕切板の枚数は６枚とし、切欠き部の位置のずれた角度は１８０°とした。さらにはこの摩擦帯電装置においても、滞留時間の主要な部分は帯電容器の内周面の滑落時間であるため、帯電時間が不安定でバラツキが大きい点に変わりはない。",上記のように従来の摩擦帯電装置では、簡素な装置構成で、混合プラスチックを連続して供給および排出しながら必要な帯電時間を確保し帯電時間のバラツキを小さくすることは困難である。本発明は上記課題を鑑みてなされたものであり、その目的は、簡素な装置構成で、必要な帯電時間を確保しつつ帯電時間のバラツキを小さくすることができる摩擦帯電装置および静電選別装置を提供することを目的とする。,本発明の摩擦帯電装置は、２種以上のプラスチックの混合物を帯電させるための摩擦帯電装置であって、一端に２種以上のプラスチックの混合物を受入れるための受入口と他端に２種以上のプラスチックの混合物を排出するための排出口とを有する筒状の帯電容器と、帯電容器の内周面に固定され、帯電容器の内部空間を仕切り、かつ中央に開口穴を有する環形状の仕切板とを備えている。,本発明の摩擦帯電装置によれば、帯電容器の内周面に固定され、帯電容器の内部空間を仕切り、かつ中央に開口穴を有する環形状の仕切板とを備えているため、仕切板の開口穴を通してプラスチックの混合物が排出口側へ送られる。そのため帯電容器の内周面と仕切板との間からプラスチックの混合物が排出口側へ送られることを防止できる。また仕切板でプラスチックの混合物を帯電容器に留めることで帯電時間を長くすることができる。これにより必要な帯電時間を得ることができる。さらに帯電容器の内周面と仕切板との間からプラスチックの混合物が排出口側へ送られることを防止できるため、プラスチックの混合物を帯電容器内に精度良く保持することができる。このため帯電時間のバラツキを小さくすることができる。そのため、仕切板を備えた簡素な装置構成で、必要な帯電時間を確保しつつ帯電時間のバラツキを小さくすることができる。,"上記のように従来の摩擦帯電装置では、簡素な装置構成で、混合プラスチックを連続して供給および排出しながら必要な帯電時間を確保し帯電時間のバラツキを小さくすることは困難である。本発明は上記課題を鑑みてなされたものであり、その目的は、簡素な装置構成で、必要な帯電時間を確保しつつ帯電時間のバラツキを小さくすることができる摩擦帯電装置および静電選別装置を提供することを目的とする。
本発明の摩擦帯電装置は、２種以上のプラスチックの混合物を帯電させるための摩擦帯電装置であって、一端に２種以上のプラスチックの混合物を受入れるための受入口と他端に２種以上のプラスチックの混合物を排出するための排出口とを有する筒状の帯電容器と、帯電容器の内周面に固定され、帯電容器の内部空間を仕切り、かつ中央に開口穴を有する環形状の仕切板とを備えている。
本発明の摩擦帯電装置によれば、帯電容器の内周面に固定され、帯電容器の内部空間を仕切り、かつ中央に開口穴を有する環形状の仕切板とを備えているため、仕切板の開口穴を通してプラスチックの混合物が排出口側へ送られる。そのため帯電容器の内周面と仕切板との間からプラスチックの混合物が排出口側へ送られることを防止できる。また仕切板でプラスチックの混合物を帯電容器に留めることで帯電時間を長くすることができる。これにより必要な帯電時間を得ることができる。さらに帯電容器の内周面と仕切板との間からプラスチックの混合物が排出口側へ送られることを防止できるため、プラスチックの混合物を帯電容器内に精度良く保持することができる。このため帯電時間のバラツキを小さくすることができる。そのため、仕切板を備えた簡素な装置構成で、必要な帯電時間を確保しつつ帯電時間のバラツキを小さくすることができる。","","Claims (
10
)
２種以上のプラスチックの混合物を帯電させるための摩擦帯電装置であって、
一端に前記２種以上のプラスチックの混合物を受入れるための受入口と他端に前記２種以上のプラスチックの混合物を排出するための排出口とを有する筒状の帯電容器と、
前記帯電容器の内周面に固定され、前記帯電容器の内部空間を仕切り、かつ中央に開口穴を有する環形状の仕切板とを備えた、摩擦帯電装置。
前記仕切板で仕切られた前記内部空間内で前記帯電容器の内周面に固定され、前記帯電容器の軸心に向かって延びるように設けられた羽根部材をさらに備えた、請求項１に記載の摩擦帯電装置。
前記羽根部材の前記受入口側端部が前記羽根部材の前記排出口側端部より前記帯電容器の回転方向の
下
流側に位置している、請求項２に記載の摩擦帯電装置。
前記仕切板の表面部分は、前記２種以上のプラスチックの混合物と接触することで前記仕切板が摩擦帯電する材料から構成されている、請求項１〜３のいずれかに記載の摩擦帯電装置。
前記仕切板の表面部分は、前記２種以上のプラスチックの混合物のうち混合割合の小さなプラスチックと同じ材料から構成されている、請求項４に記載の摩擦帯電装置。
電圧が印加されることで電界を調整可能な電界調整リングをさらに備え、
前記電界調整リングが前記仕切板の前記開口穴の周囲を囲むように配置されている、請求項１〜５のいずれかに記載の摩擦帯電装置。
前記仕切板の面積に対する前記開口穴の面積の割合が１０％以上４０％以下である、請求項１〜６のいずれかに記載の摩擦帯電装置。
前記２種以上のプラスチックの混合物を前記内部空間内に供給可能な供給配管部材をさらに備え、
前記供給配管部材は、前記受入口に挿入された状態で前記２種以上のプラスチックの混合物を前記内部空間内に供給するように構成されている、請求項１〜７のいずれかに記載の摩擦帯電装置。
前記２種以上のプラスチックの混合物を前記内部空間内から取り出し可能な取り出し配管部材をさらに備え、
前記取り出し配管部材は、前記排出口に挿入された状態で前記２種以上のプラスチックの混合物を前記内部空間内から取り出すように構成されている、請求項１〜８のいずれかに記載の摩擦帯電装置。
請求項１〜９のいずれかに記載の摩擦帯電装置と、
前記摩擦帯電装置において帯電した前記２種以上のプラスチックの混合物の帯電状態により前記２種以上のプラスチックの混合物を選別するように構成された選別装置とを備えた、静電選別装置。"
JP5534800B2,選別装置,https://patents.google.com/patent/JP5534800B2/ja,この発明は、プラスチックなどの粒状体を、帯電量により選別する選別装置に関する。,"プラスチックをリサイクルするに当たり、プラスチックの種類ごとに分ける必要がある。プラスチックを選別する方式には、比重による選別や帯電量による選別などがある。
帯電量による選別とは、プラスチック同士を摩擦した場合に発生する静電気により、プラスチックの種類を判別して選別する方式である。例えば、プラスチック片などの粒状体を電場のなかに落下させ、プラス電極に引き寄せられるか、マイナス電極に引き寄せられるかによって、選別する。","粒状体が電場から受けるクーロン力は、粒状体の帯電量が大きいほど大きい。また、粒状体がクーロン力を受ける時間が長いほど、帯電量の違いが粒状体の速度に反映するので、帯電量による選別の精度が高くなる。
この発明は、例えば、上記のような課題を解決するためになされたものであり、帯電量による選別の精度を高めることを目的とする。","この発明にかかる選別装置は、電極と、導電トラフと、振動装置と、電場発生装置とを有し、
上記導電トラフは、所定の電場空間を挟んで上記電極と対面した電極対面部と、帯電した粒状体を載せる載粒部とを有し、導電体により形成され、
上記振動装置は、上記導電トラフを振動させて、上記載粒部に載った粒状体を上記電場空間へ落下させ、
上記電場発生装置は、直流電圧を生成し、上記電極と上記導電トラフとの間に、生成した直流電圧を印加し、上記電場空間に電場を発生させることを特徴とする。",この発明にかかる選別装置によれば、電場空間の上端が粒状体の落下開始位置になるので、粒状体が電場空間内に発生した電場からクーロン力を受ける時間が長くなり、帯電量による選別の精度が高くなる。,"粒状体が電場から受けるクーロン力は、粒状体の帯電量が大きいほど大きい。また、粒状体がクーロン力を受ける時間が長いほど、帯電量の違いが粒状体の速度に反映するので、帯電量による選別の精度が高くなる。
この発明は、例えば、上記のような課題を解決するためになされたものであり、帯電量による選別の精度を高めることを目的とする。
この発明にかかる選別装置は、電極と、導電トラフと、振動装置と、電場発生装置とを有し、
上記導電トラフは、所定の電場空間を挟んで上記電極と対面した電極対面部と、帯電した粒状体を載せる載粒部とを有し、導電体により形成され、
上記振動装置は、上記導電トラフを振動させて、上記載粒部に載った粒状体を上記電場空間へ落下させ、
上記電場発生装置は、直流電圧を生成し、上記電極と上記導電トラフとの間に、生成した直流電圧を印加し、上記電場空間に電場を発生させることを特徴とする。
この発明にかかる選別装置によれば、電場空間の上端が粒状体の落下開始位置になるので、粒状体が電場空間内に発生した電場からクーロン力を受ける時間が長くなり、帯電量による選別の精度が高くなる。","","Claims (
3
)
電極と、導電トラフと、
補助電極と、
振動装置と、電場発生装置とを有し、
上記導電トラフは、所定の電場空間を挟んで上記電極と対面した電極対面部と、帯電した粒状体を載せる載粒部とを有し、導電体により形成され、
上記補助電極は、上記電極対面部とともに、上記電場空間を挟んで上記電極と対面し、上記導電トラフと電気接続し、
上記電極対面部は、上記電極と上記補助電極との間に位置し、
上記振動装置は、上記導電トラフを振動させて、上記載粒部に載った粒状体を上記電場空間へ落下させ、
上記電場発生装置は、直流電圧を生成し、上記電極と上記導電トラフとの間に、生成した直流電圧を印加し、上記電場空間に電場を発生させることを特徴とする選別装置。
上記導電トラフは、長尺状の板の先端が折れ曲がった形状であり、
上記電極対面部は、上記導電トラフの先端の折れ曲がった部分であることを特徴とする請求項
１に
記載の選別装置。
上記選別装置は、更に、静電発生装置と、複数の回収装置とを有し、
上記静電発生装置は、静電気を発生し、発生した静電気により上記粒状体を帯電させ、
上記導電トラフは、上記静電発生装置が帯電させた粒状体を載せ、
上記複数の回収装置は、上記電場空間の下に位置し、上記電場空間内に発生した電場の方向に並んで位置し、上記電場空間内を落下した粒状体を回収することを特徴とする請求項１
又は２
に記載の選別装置。"
JP5126699B2,静電選別装置,https://patents.google.com/patent/JP5126699B2/ja,本発明は、静電選別装置に関し、特に、帯電したプラスチックを落下させることにより選別する静電選別装置に関するものである。,"帯電挙動を示すプラスチック（粒子）の混合物（混合プラスチック）を摩擦帯電させると、混合物中の構成材料の帯電のしやすさおよびプラスチックの材料種（樹脂種）に応じて個々の粒子がプラスに帯電したりマイナスに帯電したりすることが知られている。この帯電した混合物の粒子を電界場中に自由落下させ、それぞれの構成材料毎に選別する静電選別装置が知られている。
二種以上のプラスチックを選別する静電選別装置として、たとえば特開２００３−３１１１８３号公報（特許文献１）に記載の静電選別装置が提案されている。この静電選別装置は、帯電された選別材料が投入されるとともに選別材料を落下する落下シュートと、落下シュートの下方向に設けられ、選別材料に静電場を付与して選別材料を偏向させる平行電極およびハの字形電極を有している。
また、たとえば、特開２００２−１７７８２０号公報（特許文献２）には、帯電したプラスチック粉砕物を静電場に導入して種類別に分離する静電分離部の電極に逆極性の電圧を印加して電極表面に付着したプラスチック粉砕物を除去するプラスチック粉砕物の静電選別装置が提案されている。","上記特開２００３−３１１１８３号公報の静電選別装置においては、選別される構成材料は平行電極およびハの字形電極により形成された電界場で分離されることにより選別され、第１および第２の容器に回収される。この方式では通常、使用済みの回収製品を分解および破砕して得られたプラスチックの破砕混合粒子が用いられる場合が多い。破砕混合粒子は、たとえば、代表長さが数ｍｍ〜２０ｍｍ程度の板状および粒状粒子が主体である。しかし、その他に粉状のもの、厚みの極薄い板状およびフィルム状のものも破砕時に生成される。そのため、破砕混合粒子は、それらの混在状態になっている。
現実の静電選別では、全ての混合プラスチックが１００％理論通りに、樹脂種に応じて異なる極性に帯電し、帯電極性や帯電量に応じて樹脂種毎に静電選別されるわけでは無い。何らかの理由で選別が不十分になり、２つの回収容器の中間位置に一部のプラスチック粒子が落下し、あるいは本来回収されるはずのない逆の容器に不純物としてプラスチック粒子が回収されるため、回収率と回収純度は共に１００％に至らない。十分な工夫が無ければ、回収率はたとえば７０％前後、回収純度は例えば９０％前後が一般的である。
このような選別不良の要因の一つに、静電選別中に帯電したプラスチック粒子が異なる極性の電極表面に付着し、電界場の電界強度を弱め、性能を低下させるという課題がある。具体的には、粉状、薄板状またはフィルム状のプラスチック粒子は、重量に対する帯電量が大きく、電界場を落下中に電極に極度に引き寄せられるため、それらの一部の粒子が電極表面に付着する。電極に付着したプラスチック粒子は、電極と逆極性に帯電しているため、対向電極間の電界強度を低下させ選別性能を低下させる。このため電極表面に付着したプラスチック粒子の除去が必要になる。
上記特開２００２−１７７８２０号公報のプラスチック粉砕物の静電選別装置においては、電極に逆極性の電圧が印加されることにより反対向きの静電力によりプラスチック粒子が電極表面から離れる。その後、電圧印加が停止されることによりプラスチック粒子は自重により落下して電極表面から除去される。また逆極性の電圧が印加される前にプラスチック粉砕物の供給が停止されている。５分間隔で逆電圧が印加され、電圧印加停止時間が３秒間に設定されることにより、プラスチック粒子（ポリプロピレン）の回収率および純度の低下が抑制されることが記載されている。
選別を一時的に止めて付着プラスチックを除去し、その後選別を再開し上記工程を繰り返すことは、特に選別作業の生産性や設備コストの面で課題がある。具体的には、付着プラスチックの除去作業に伴い、混合プラスチックの供給停止、回収容器へのプラスチック回収の停止および除去したプラスチックの系外への取り出し、高電圧の印加および極性転換などの動作が必要になるため、設備の追加と人的な作業が必要になる。また、除去あるいは取り出しの際の付着プラスチックの落下または製品側への混入によって製品の純度が低下するリスクなどの課題がある。作業時間面では、ラインの停止、付着プラスチックの除去および回収、ラインの再開などの一連の作業を安全確認なども含めて行う必要があるため、逆極性の印加時間および電圧印加停止時間が約３秒間と短時間であっても、少なくとも５分程度の追加時間が必要である。その結果、静電選別装置の生産性が約半減する。
本発明は、上記課題を鑑みてなされたものであり、その目的は、混合プラスチックの構成材料を高純度にかつ効率的に選別できる静電選別装置を提供することである。",本発明の静電選別装置は、帯電したプラスチックを落下させることにより選別する静電選別装置であって、帯電したプラスチックを落下させるための落下領域に向かい合う第１の面を有する第１の電極部と、落下領域に向かい合う第２の面を有し、かつ第１の電極部と異なる電圧を印加可能な第２の電極部と、第１および第２の面の各々に付着したプラスチックを除去するために第１および第２の面の各々に沿って移動可能で、かつ落下領域内と落下領域外との間で移動可能で、かつ電気絶縁材料からなるスクレーパ部と、第１および第２の電極部に電圧が印加された状態でスクレーパ部の落下領域内での移動と落下領域外での停止とを繰り返すように制御する駆動制御部とを備えている。,本発明の静電選別装置によれば、電気絶縁材料からなるスクレーパ部が、第１および第２の電極部に電圧が印加された状態で、落下領域内での移動と落下領域外での停止とを繰り返すため、静電選別を停止することなく第１および第２の面の各々に付着したプラスチックが除去される。よって、選別の効率を向上することができる。また、スクレーパ部は落下領域外で停止するため、停止時にはスクレーパ部に帯電したプラスチックが衝突しない。そのため、選別純度を向上することができる。これにより、混合プラスチックの構成材料を高純度にかつ効率的に選別することができる。,"上記特開２００３−３１１１８３号公報の静電選別装置においては、選別される構成材料は平行電極およびハの字形電極により形成された電界場で分離されることにより選別され、第１および第２の容器に回収される。この方式では通常、使用済みの回収製品を分解および破砕して得られたプラスチックの破砕混合粒子が用いられる場合が多い。破砕混合粒子は、たとえば、代表長さが数ｍｍ〜２０ｍｍ程度の板状および粒状粒子が主体である。しかし、その他に粉状のもの、厚みの極薄い板状およびフィルム状のものも破砕時に生成される。そのため、破砕混合粒子は、それらの混在状態になっている。
現実の静電選別では、全ての混合プラスチックが１００％理論通りに、樹脂種に応じて異なる極性に帯電し、帯電極性や帯電量に応じて樹脂種毎に静電選別されるわけでは無い。何らかの理由で選別が不十分になり、２つの回収容器の中間位置に一部のプラスチック粒子が落下し、あるいは本来回収されるはずのない逆の容器に不純物としてプラスチック粒子が回収されるため、回収率と回収純度は共に１００％に至らない。十分な工夫が無ければ、回収率はたとえば７０％前後、回収純度は例えば９０％前後が一般的である。
このような選別不良の要因の一つに、静電選別中に帯電したプラスチック粒子が異なる極性の電極表面に付着し、電界場の電界強度を弱め、性能を低下させるという課題がある。具体的には、粉状、薄板状またはフィルム状のプラスチック粒子は、重量に対する帯電量が大きく、電界場を落下中に電極に極度に引き寄せられるため、それらの一部の粒子が電極表面に付着する。電極に付着したプラスチック粒子は、電極と逆極性に帯電しているため、対向電極間の電界強度を低下させ選別性能を低下させる。このため電極表面に付着したプラスチック粒子の除去が必要になる。
上記特開２００２−１７７８２０号公報のプラスチック粉砕物の静電選別装置においては、電極に逆極性の電圧が印加されることにより反対向きの静電力によりプラスチック粒子が電極表面から離れる。その後、電圧印加が停止されることによりプラスチック粒子は自重により落下して電極表面から除去される。また逆極性の電圧が印加される前にプラスチック粉砕物の供給が停止されている。５分間隔で逆電圧が印加され、電圧印加停止時間が３秒間に設定されることにより、プラスチック粒子（ポリプロピレン）の回収率および純度の低下が抑制されることが記載されている。
選別を一時的に止めて付着プラスチックを除去し、その後選別を再開し上記工程を繰り返すことは、特に選別作業の生産性や設備コストの面で課題がある。具体的には、付着プラスチックの除去作業に伴い、混合プラスチックの供給停止、回収容器へのプラスチック回収の停止および除去したプラスチックの系外への取り出し、高電圧の印加および極性転換などの動作が必要になるため、設備の追加と人的な作業が必要になる。また、除去あるいは取り出しの際の付着プラスチックの落下または製品側への混入によって製品の純度が低下するリスクなどの課題がある。作業時間面では、ラインの停止、付着プラスチックの除去および回収、ラインの再開などの一連の作業を安全確認なども含めて行う必要があるため、逆極性の印加時間および電圧印加停止時間が約３秒間と短時間であっても、少なくとも５分程度の追加時間が必要である。その結果、静電選別装置の生産性が約半減する。
本発明は、上記課題を鑑みてなされたものであり、その目的は、混合プラスチックの構成材料を高純度にかつ効率的に選別できる静電選別装置を提供することである。
本発明の静電選別装置は、帯電したプラスチックを落下させることにより選別する静電選別装置であって、帯電したプラスチックを落下させるための落下領域に向かい合う第１の面を有する第１の電極部と、落下領域に向かい合う第２の面を有し、かつ第１の電極部と異なる電圧を印加可能な第２の電極部と、第１および第２の面の各々に付着したプラスチックを除去するために第１および第２の面の各々に沿って移動可能で、かつ落下領域内と落下領域外との間で移動可能で、かつ電気絶縁材料からなるスクレーパ部と、第１および第２の電極部に電圧が印加された状態でスクレーパ部の落下領域内での移動と落下領域外での停止とを繰り返すように制御する駆動制御部とを備えている。
本発明の静電選別装置によれば、電気絶縁材料からなるスクレーパ部が、第１および第２の電極部に電圧が印加された状態で、落下領域内での移動と落下領域外での停止とを繰り返すため、静電選別を停止することなく第１および第２の面の各々に付着したプラスチックが除去される。よって、選別の効率を向上することができる。また、スクレーパ部は落下領域外で停止するため、停止時にはスクレーパ部に帯電したプラスチックが衝突しない。そのため、選別純度を向上することができる。これにより、混合プラスチックの構成材料を高純度にかつ効率的に選別することができる。","","Claims (
7
)
帯電したプラスチックを落下させることにより選別する静電選別装置であって、
帯電した前記プラスチックを落下させるための落下領域に向かい合う第１の面を有する第１の電極部と、
前記落下領域に向かい合う第２の面を有し、かつ前記第１の電極部と異なる電圧を印加可能な第２の電極部と、
前記第１および第２の面の各々に付着した前記プラスチックを除去するために前記第１および第２の面の各々に沿って移動可能で、かつ前記落下領域内と前記落下領域外との間で移動可能で、かつ電気絶縁材料からなるスクレーパ部と、
前記第１および第２の電極部に電圧が印加された状態で前記スクレーパ部の前記落下領域内での移動と前記落下領域外での停止とを繰り返すように制御する駆動制御部とを備えた、静電選別装置。
前記スクレーパ部は、前記第１および第２の面に接触可能であり、かつ前記第１の電極部と前記第２の電極部との間に連続的に延びるように構成されており、
前記スクレーパ部が移動する方向の前記第１および前記第２の電極部の長さをＥＬとし、
前記プラスチックの前記スクレーパ部への衝突頻度許容値をＣＰとし、
前記スクレーパ部の停止時間をＳＩとし、
前記スクレーパ部の移動速度をＳＶとし、
前記スクレーパ部の移動回数をＳＦとし、
前記プラスチックの前記第１の電極部と前記第２の電極部との間の落下時間をＦＴとしたときに、
前記スクレーパ部の移動する方向の前記スクレーパ部の長さＳＴは、
ＳＴ≦ＥＬ×ＣＰ＋ＳＩ×ＳＶ×ＣＰ／ＳＦ−ＦＴ×ＳＶ
の式を満たす、請求項１に記載の静電選別装置。
前記スクレーパ部は、互いに分離された第１のスクレーパ部と、第２スクレーパ部とを含み、
前記第１のスクレーパ部は前記第１の面に沿って移動し、かつ前記第２のスクレーパ部は前記第２の面に沿って移動するよう構成されている、請求項１に記載の静電選別装置。
前記第１および第２のスクレーパ部は、それぞれ前記第１および第２の面に接触可能であり、
前記第１および第２スクレーパ部が移動する方向の前記第１および前記第２の電極部の長さをＥＬとし、
前記プラスチックの前記第１および第２のスクレーパ部への衝突頻度許容値をＣＰとし、
前記第１および第２のスクレーパ部が移動する方向と交差する方向の前記第１の電極部と前記第２の電極部との間の間隔に対する前記第１および第２のスクレーパ部の長さの合計の割合をＳＲとし、
前記第１および第２のスクレーパ部の停止時間をＳＩとし、
前記第１および第２のスクレーパ部の移動速度をＳＶとし、
前記第１および第２のスクレーパ部の移動回数をＳＦとし、
前記プラスチックの前記第１の電極部と前記第２の電極部との間の落下時間をＦＴとしたときに、
前記第１および第２のスクレーパ部が移動する方向の前記第１および第２のスクレーパ部のそれぞれの長さＳＴは、
ＳＴ≦ＥＬ×ＣＰ／ＳＲ＋ＳＩ×ＳＶ×ＣＰ／ＳＦ／ＳＲ−ＦＴ×ＳＶ
の式を満たす、請求項３に記載の静電選別装置。
前記スクレーパ部は、前記停止時には、前記第１および第２の電極部から離れて保持されている、請求項１〜４のいずれかに記載の静電選別装置。
前記スクレーパ部は、
本体と、
前記本体に取り付けられ、前記第１および第２の面の各々に付着した前記プラスチックを掃き落とすための掃き落とし部とを含み、
前記掃き落とし部は、前記本体より高い可撓性を有している、請求項１〜５のいずれかに記載の静電選別装置。
前記第１および第２の電極部は、平板形状を有しており、かつ前記プラスチックの落下方向に向かって前記第１の電極部と前記第２の電極部との間隔が拡がるよう配置されている、請求項１〜６のいずれかに記載の静電選別装置。"
JP7270860B1,配向方向検出装置,https://patents.google.com/patent/JP7270860B1/ja,本開示は、導電性複合材料を有する検査対象における繊維の配向方向を検出する配向方向検出装置に関する。,導電性の繊維を含む導電性複合材料である炭素繊維強化プラスチック（ＣＦＲＰ）は、炭素繊維織布に樹脂を含侵させた繊維シートであるプリプレグの積層過程において、各層の繊維の巨視的又は局所的な配向方向が設計値からずれるミスアライメントが発生することがある。特許文献１は、導電性複合材料における繊維の配列が乱れている部分を検出する検出装置を開示している。,"しかしながら、上記従来の装置は、磁界センサが磁界を測定することで導電性複合材料の繊維の配列が乱れている部分を検出するが、繊維の配向のずれを示す角度を定量的に求めることは困難である。
本開示は、上記した課題を解決するためになされたものであり、導電性複合材料を有する検査対象の繊維の配向方向を示す角度を定量的に検出することができる配向方向検出装置を提供することを目的とする。",本開示の配向方向検出装置は、導電性の繊維を含む１枚以上の導電性複合材料を有する検査対象における前記繊維の配向方向を検出する装置であって、前記検査対象に交流磁界を印加する励磁用コイルと、前記励磁用コイルとの間で一定の位置関係が維持された位置に配置され、前記交流磁界により生じた誘導磁界を検出し、前記誘導磁界に対応する電圧を出力する１つ以上の磁界センサと、前記励磁用コイルと前記１つ以上の磁界センサとを含むセンサ部及び前記検査対象の少なくとも一方を移動させる搬送装置と、前記励磁用コイル、前記１つ以上の磁界センサ、及び前記搬送装置を制御する制御部と、を有し、前記制御部は、前記１つ以上の磁界センサのうちの各磁界センサから出力される前記電圧の分布を、前記各磁界センサの大きさと、前記各磁界センサと前記検査対象との間の距離と、に対応する径方向空間周波数に基づいて帯域制限し、前記帯域制限された前記電圧の分布を、前記径方向空間周波数における空間角度に対する出力強度の波形に変換し、前記波形のピーク位置となるピーク角度を、前記配向方向を示す配向角度として算出することを特徴とする。,本開示によれば、導電性複合材料を有する検査対象の繊維の配向方向を示す角度を定量的に検出することができる。,"しかしながら、上記従来の装置は、磁界センサが磁界を測定することで導電性複合材料の繊維の配列が乱れている部分を検出するが、繊維の配向のずれを示す角度を定量的に求めることは困難である。
本開示は、上記した課題を解決するためになされたものであり、導電性複合材料を有する検査対象の繊維の配向方向を示す角度を定量的に検出することができる配向方向検出装置を提供することを目的とする。
本開示の配向方向検出装置は、導電性の繊維を含む１枚以上の導電性複合材料を有する検査対象における前記繊維の配向方向を検出する装置であって、前記検査対象に交流磁界を印加する励磁用コイルと、前記励磁用コイルとの間で一定の位置関係が維持された位置に配置され、前記交流磁界により生じた誘導磁界を検出し、前記誘導磁界に対応する電圧を出力する１つ以上の磁界センサと、前記励磁用コイルと前記１つ以上の磁界センサとを含むセンサ部及び前記検査対象の少なくとも一方を移動させる搬送装置と、前記励磁用コイル、前記１つ以上の磁界センサ、及び前記搬送装置を制御する制御部と、を有し、前記制御部は、前記１つ以上の磁界センサのうちの各磁界センサから出力される前記電圧の分布を、前記各磁界センサの大きさと、前記各磁界センサと前記検査対象との間の距離と、に対応する径方向空間周波数に基づいて帯域制限し、前記帯域制限された前記電圧の分布を、前記径方向空間周波数における空間角度に対する出力強度の波形に変換し、前記波形のピーク位置となるピーク角度を、前記配向方向を示す配向角度として算出することを特徴とする。
本開示によれば、導電性複合材料を有する検査対象の繊維の配向方向を示す角度を定量的に検出することができる。","","Claims (
20
)
導電性の繊維を含む１枚以上の導電性複合材料を有する検査対象における前記繊維の配向方向を検出する配向方向検出装置であって、
前記検査対象に交流磁界を印加する励磁用コイルと、
前記励磁用コイルとの間で一定の位置関係が維持された位置に配置され、前記交流磁界により生じた誘導磁界を検出し、前記誘導磁界に対応する電圧を出力する１つ以上の磁界センサと、
前記励磁用コイルと前記１つ以上の磁界センサとを含むセンサ部及び前記検査対象の少なくとも一方を移動させる搬送装置と、
前記励磁用コイル、前記１つ以上の磁界センサ、及び前記搬送装置を制御する制御部と、
を有し、
前記制御部は、
前記１つ以上の磁界センサのうちの各磁界センサから出力される前記電圧の分布を、前記各磁界センサの大きさと、前記各磁界センサと前記検査対象との間の距離と、に対応する径方向空間周波数に基づいて帯域制限し、
前記帯域制限された前記電圧の分布を、前記径方向空間周波数における空間角度に対する出力強度の波形に変換し、
前記波形のピーク位置となるピーク角度を、前記配向方向を示す配向角度として算出する
ことを特徴とする配向方向検出装置。
前記検査対象は、複数の導電性複合材料を含む積層体である
ことを特徴とする請求項１に記載の配向方向検出装置。
前記１つ以上の磁界センサは、第１の磁界センサと第２の磁界センサとを含み、
前記励磁用コイルと前記第１の磁界センサと前記第２の磁界センサとは、同軸に配置されており、
前記第１の磁界センサは、前記第２の磁界センサより前記検査対象に近い位置に配置されている
ことを特徴とする請求項１又は２に記載の配向方向検出装置。
前記第１の磁界センサは、前記励磁用コイルより前記検査対象に近い位置に配置され、
前記第２の磁界センサは、前記励磁用コイルより前記検査対象から遠い位置に配置されている
ことを特徴とする請求項３に記載の配向方向検出装置。
前記第１の磁界センサ及び前記第２の磁界センサは、前記励磁用コイルの内側に配置されている
ことを特徴とする請求項３に記載の配向方向検出装置。
前記励磁用コイルは、第１の励磁用コイルと、前記第１の励磁用コイルよりも前記検査対象から遠い位置に配置された第２の励磁用コイルとを有し、
前記第１の磁界センサは、前記第１の励磁用コイルの内側に配置され、
前記第２の磁界センサは、前記第２の励磁用コイルの内側に配置されている
ことを特徴とする請求項３に記載の配向方向検出装置。
前記励磁用コイルと同じ構造を持ち、前記検査対象と同じ構造を持つ比較対象に交流磁界を印加する比較対象用励磁用コイルと、
前記磁界センサと同じ構造を持ち、前記比較対象用励磁用コイルにより生じた誘導磁界に対応する電圧を出力する比較対象用磁界センサと、
をさらに有し、
前記制御部は、
前記磁界センサから出力される前記電圧の分布を、前記磁界センサの大きさと、前記磁界センサと前記検査対象との間の距離と、に対応する径方向空間周波数に基づいて帯域制限し、
前記帯域制限された前記電圧の分布と前記比較対象用磁界センサから出力される電圧との差分を、前記径方向空間周波数における空間角度に対する出力強度の波形に変換し、
前記波形のピーク位置となるピーク角度を、前記配向方向を示す配向角度として算出する
ことを特徴とする請求項１又は２に記載の配向方向検出装置。
前記１つ以上の磁界センサは、２行２列に並ぶ第１から第４の磁界センサを有し、
前記検査対象から前記第１から第４の磁界センサまでの距離は、等距離である
ことを特徴とする請求項１又は２のいずれか１項に記載の配向方向検出装置。
前記搬送装置は、
前記センサ部を前記検査対象の表面に平行な第１の方向に移動させる第１の搬送部と、
前記センサ部を前記検査対象の表面に平行であって、前記第１の方向に交差する第２の方向に移動させる第２の搬送部と、
を含むことを特徴とする請求項１から８のいずれか１項に記載の配向方向検出装置。
前記搬送装置は、
前記センサ部を前記検査対象の表面に平行な方向に直線移動させる搬送部と、
前記検査対象を回転させる回転搬送部と、
を含むことを特徴とする請求項１から７のいずれか１項に記載の配向方向検出装置。
前記１つ以上の磁界センサは、
予め決められた配列方向に配列された複数の第１の磁界センサと、
前記配列方向に配列され、前記複数の第１の磁界センサと同数である複数の第２の磁界センサと、
を有し、
前記複数の第１の磁界センサは、前記複数の第２の磁界センサより前記検査対象に近い位置に配置されている
ことを特徴とする請求項１又は２に記載の配向方向検出装置。
前記１つ以上の磁界センサは、
予め決められた配列方向に配列された複数の第１の磁界センサと、
前記配列方向に配列され、前記複数の第１の磁界センサと同数である複数の第２の磁界センサと、
を有し、
前記検査対象から前記複数の第１の磁界センサまでの距離は、前記検査対象から前記複数の第２の磁界センサまでの距離に等しい
ことを特徴とする請求項１又は２に記載の配向方向検出装置。
前記搬送装置は、前記センサ部を前記検査対象の表面に平行で且つ前記配列方向に直交する方向に直線移動させる搬送部を含む
ことを特徴とする請求項１１又は１２に記載の配向方向検出装置。
前記搬送装置は、前記検査対象を回転させる回転搬送部を含む
ことを特徴とする請求項１１又は１２のいずれか１項に記載の配向方向検出装置。
前記１つ以上の磁界センサは、１つ以上の検出用コイルを含み、
前記制御部は、前記帯域制限における通過帯域を、前記１つ以上の検出用コイルの各検出用コイルの大きさと、前記各検出用コイルと前記検査対象との間の距離との和に比例する径方向空間周波数の帯域とする
ことを特徴とする請求項２から６のいずれか１項に記載の配向方向検出装置。
前記検出用コイルの大きさは、直径又は短辺長さである
ことを特徴とする請求項１５に記載の配向方向検出装置。
前記検出用コイルは、同一構造の２つのコイルの電圧出力の差分を出力する作動型コイルを含む
ことを特徴とする請求項１５に記載の配向方向検出装置。
前記制御部は、前記配向角度に対する出力強度波形とする信号処理としてラドン変換を用いる
ことを特徴とする請求項１から１７のいずれか１項に記載の配向方向検出装置。
前記磁界センサは、検出用コイル、磁気抵抗素子センサ、磁気インピーダンスセンサ、ホールセンサ、フラックスゲートセンサ、磁気光学センサ、光ポンピング原子磁気センサ、及び超電導量子干渉計のうちの１つを少なくとも含む
ことを特徴とする請求項１から１８のいずれか１項に記載の配向方向検出装置。
前記繊維は、炭素繊維、又は金属細線、又は炭化ケイ素繊維である
ことを特徴とする請求項１から１９のいずれか１項に記載の配向方向検出装置。"
JP6498365B1,集塵デバイスおよび集塵デバイスを搭載した空気調和機,https://patents.google.com/patent/JP6498365B1/ja,本発明は、摩擦によって静電気を発生させ空気中の塵埃を捕集する集塵デバイスおよび集塵デバイスを搭載した空気調和機に関する。,従来、この種の集塵デバイスとして、空気の通過方向と交差する方向に互いに間隔を空けて配列された複数の捕集板と、捕集板間の隙間に差し込まれ、捕集板の表面に接触するように配置されたブラシとを備えたものがある（例えば特許文献１参照）。特許文献１では、捕集板を回転させてブラシと摩擦させることにより捕集板の表面に静電気を発生させ、捕集板間を通過する空気中に含まれる塵埃を静電的に捕集している。,"特許文献１では、ブラシが捕集板間に差し込まれて配置されているが、捕集板に対するブラシの姿勢が明確にされていない。よって、ブラシの姿勢によっては、捕集板間の風路が狭められて通風抵抗が増大し、十分な集塵性能が得られない可能性があった。
本発明は、上記のような課題を解決するためになされたものであり、通風抵抗が小さく、集塵性能が高い集塵デバイスおよび集塵デバイスを搭載した空気調和機を提供することを目的とする。","本発明に係る集塵デバイスは、空気が通過する風路内に空気の通過方向と交差する方向に間隔を空けて配列され、摩擦により帯電する複数の捕集板と、捕集板間の空気が通過する隙間に差し込まれて配置され、捕集板の表面を摩擦するとともに、捕集板で捕集した塵埃を払い落とす複数のブラシとを備え、ブラシは、
捕集板の配列方向を軸とした軸回りの回転角度であって、空気の通過方向を０°としたとき−４５°から＋４５°の角度範囲内の
姿勢で捕集板間の隙間に差し込まれているものである。",本発明によれば、ブラシが空気の通過方向に沿った姿勢にあるため、捕集板間の風路の狭まりが抑制され、通風抵抗が小さく、集塵性能が高い集塵デバイスを実現できる。,"特許文献１では、ブラシが捕集板間に差し込まれて配置されているが、捕集板に対するブラシの姿勢が明確にされていない。よって、ブラシの姿勢によっては、捕集板間の風路が狭められて通風抵抗が増大し、十分な集塵性能が得られない可能性があった。
本発明は、上記のような課題を解決するためになされたものであり、通風抵抗が小さく、集塵性能が高い集塵デバイスおよび集塵デバイスを搭載した空気調和機を提供することを目的とする。
本発明に係る集塵デバイスは、空気が通過する風路内に空気の通過方向と交差する方向に間隔を空けて配列され、摩擦により帯電する複数の捕集板と、捕集板間の空気が通過する隙間に差し込まれて配置され、捕集板の表面を摩擦するとともに、捕集板で捕集した塵埃を払い落とす複数のブラシとを備え、ブラシは、
捕集板の配列方向を軸とした軸回りの回転角度であって、空気の通過方向を０°としたとき−４５°から＋４５°の角度範囲内の
姿勢で捕集板間の隙間に差し込まれているものである。
本発明によれば、ブラシが空気の通過方向に沿った姿勢にあるため、捕集板間の風路の狭まりが抑制され、通風抵抗が小さく、集塵性能が高い集塵デバイスを実現できる。","以下、本発明に係る集塵デバイスの好適な実施の形態について図面を用いて説明する。また、各図において同一または相当する部分については、同一符号を付して説明する。
実施の形態１．
図１から図４を参照して、実施の形態１に係る集塵デバイスおよび集塵デバイスを搭載した空気調和機について説明する。
図１は、本発明の実施の形態１に係る集塵デバイスを搭載した空気調和機の概略断面図である。なお、図１および後述の各図に図示された白抜き矢印は、空気の流れを示している。
空気調和機は、集塵デバイス１と、熱交換換気装置１０とを備えており、家屋の室内の下がり天井２０内に収納されている。下がり天井２０とは、図１に示すように天井の一部が下がっている領域を指す。室内美観の点から、図１のように下がり天井２０内に空気調和機およびその他の空調機器をまとめて収納する家屋も多い。設置スペースとして下がり天井２０を用いる場合、一般に室内に設置する場合と比較して、広い設置スペースを確保できる。
図１において、室外の壁面には、室外給気口２１と室外排気口２２とが設けられている。また、室内の下がり天井２０に室内給気口２３と室内排気口２４とが設けられている。そして、下がり天井２０内には給気風路３０と排気風路４０とが形成されている。給気風路３０は、室外空気を室外給気口２１から下がり天井２０内に取り入れて、室内給気口２３から室内に送風する風路である。排気風路４０は、室内空気を室内排気口２４から下がり天井２０内に取り入れて室外排気口２２から室外に排気する風路である。
そして、給気風路３０には、上流側から順に、集塵デバイス１と熱交換換気装置１０とが配置されている。また、排気風路４０に、熱交換換気装置１０が配置されている。給気風路３０において、室外給気口２１と室内給気口２３とは、集塵デバイス１と熱交換換気装置１０とを介してダクト３１で接続されている。また、排気風路４０において、室内排気口２４と室外排気口２２とは、熱交換換気装置１０を介してダクト４１で接続されている。
熱交換換気装置１０は、換気機能と空調補助機能とを有する換気装置である。換気機能とは、室外空気を室内へ給気し、室内空気を室外に排気する機能である。この換気機能を実現する構成として、熱交換換気装置１０は、給気風路３０において室外から室内に向けて空気を送風するファン（図示せず）と、排気風路４０において室内から室外に向けて空気を送風するファン（図示せず）とを有している。
また、空調補助機能とは、排気する室内空気から熱を回収し、回収した熱を、給気する空気へ与えることで、エアコンなどの室内温度を調整する機器の空調動作を補助する機能である。空調補助機機能は、機器におけるエネルギー負担を軽減する機能であることから省エネ機能とも言える。この空調補助機能を実現する構成として、熱交換換気装置１０は排気風路４０を通過する空気と給気風路３０を通過する空気とを熱交換する熱交換器（図示せず）を備えている。
集塵デバイス１は、室外給気口２１から下がり天井２０内に流入した室外空気中の塵埃を捕集するデバイスである。集塵デバイス１の詳細については改めて説明する。集塵デバイス１の上流側と下流側にはそれぞれ、空気の塵埃濃度をセンシングするパーティクルセンサ１１ａおよびパーティクルセンサ１１ｂが設けられている。上流側のパーティクルセンサ１１ａは、室外空気中の塵埃濃度を検出し、下流側のパーティクルセンサ１１ｂは、塵埃除去後の空気中の塵埃濃度を検出する。パーティクルセンサ１１ａおよびパーティクルセンサ１１ｂのそれぞれの検出信号は後述の連携制御部２５に出力される。
空気調和機はさらに、集塵デバイス１と熱交換換気装置１０との運転を連携させる連携制御部２５を備えている。連携制御部２５は、集塵デバイス１および熱交換換気装置１０のそれぞれと電気的に接続されている。また、連携制御部２５は、パーティクルセンサ１１ａおよびパーティクルセンサ１１ｂからの検出信号に基づいて集塵デバイス１および熱交換換気装置１０の運転を制御する。連携制御部２５は、その機能を実現する回路デバイスのようなハードウェアで構成することもできるし、マイコンまたはＣＰＵのような演算装置と、その上で実行されるソフトウェアとにより構成することもできる。
図２は、本発明の実施の形態１に係る集塵デバイスの斜視図である。図３は、図２のブラシの斜視図である。
集塵デバイス１は、筐体１５内に、回転駆動される複数の捕集板２と、複数のブラシ３と、ダストボックス４とが収納された構成を有する。筐体１５は、吸入口１３と、排出口１４とを有し、吸入口１３から吸入された空気が排出口１４から排気される風路１６が筐体１５内に形成されている。集塵デバイス１は、図１に示したように給気風路３０に設けられているため、室外給気口２１から流入した室外空気が通過するようになっている。
捕集板２は、例えば厚さ１ｍｍ、例えば直径３００ｍｍ、負の摩擦帯電傾向を有するＰＰ（Ｐｏｌｙ  Ｐｒｏｐｙｌｅｎｅ）の円状のプラスチック板である。捕集板２は、筐体１５における室外空気の通過方向と交差する方向に例えば３ｍｍの間隔を開けて複数配列され、捕集板２の中央部を貫通する第１シャフト８によって結合されて全体が一体化されている。
ブラシ３は、捕集板２の表面を摩擦して捕集板２の表面に静電気を帯電させるとともに、捕集板２で捕集した塵埃を払い落とすものである。ブラシ３は、例えば厚さ１ｍｍのアルミニウムの長方形状の支持板３ａに、正の摩擦帯電傾向を有する例えばＰＡ６（Ｐｏｌｙａｍｉｄｅ６）繊維の不織布３ｂを貼り付けた構成を有する。支持板３ａには、２つの取付穴３ｃが空けられており、各取付穴３ｃに第２シャフト９がそれぞれ挿入されて各ブラシ３が結合するとともに動かないように固定化されている。
ブラシ３は、不織布３ｂが捕集板２の表面に接触するように捕集板２間の隙間に差し込まれ、捕集板２の下流側に配置されている。また、ブラシ３は、筐体１５内を通過する室外空気に対する通風抵抗が少なくなるように、室外空気の通過方向に沿った姿勢で捕集板２間に配置されている。この例では、ブラシ３は水平姿勢で配置されている。このようにブラシ３を配置することにより、通風抵抗の低減に効果的である。また、各ブラシ３はすべてアースと接続されている。
筐体１５内において、ブラシ３の下方には、捕集板２に付着してブラシ３で除去された塵埃等の塊である凝集体１７を回収するダストボックス４が配置されている。
筐体１５内にはさらに、捕集板２を挟んで対向するように第１バッフル材１８および第２バッフル材１９が配置されている。第１バッフル材１８および第２バッフル材１９は、筐体１５内に流入した室外空気が捕集板２を通過するように整流するものである。第１バッフル材１８は、筐体１５の上面１５ａの内面側に配置され、捕集板２の外周面に沿う面形状を有する。第２バッフル材１９は、筐体１５の下面１５ｂの内面側に配置され、平坦な面形状を有する。また、第２バッフル材１９は、ダストボックス４へ空気が衝突することによるがたつき音を阻止するとともに、ダストボックス４内に回収した塵埃が、ダストボックス４内部への空気流入によって舞い上がるのを阻止する役割も担う。このため、第２バッフル材１９の配置位置は、ダストボックス４の先端部４ａと同等以上の高さであることが望ましい。
また、集塵デバイス１は、筐体１５外にモーター６とモーター６の制御を行う駆動制御部７とを備える。モーター６は第１シャフト８にギアを介して連結されており、モーター６の回転により第１シャフト８が回転する。第１シャフト８が回転すると、第１シャフト８に固定された捕集板２も回転する。
次に、本発明の実施の形態１に係る集塵デバイス１の動作について説明する。
集塵デバイス１を初めて或いは１ケ月以上の長期間停止した後、運転する場合、捕集板２の表面に静電気を帯電させるための摩擦帯電動作を行う。すなわち、集塵デバイス１の駆動制御部７からモーター６への命令により、捕集板２を回転させる。ここでは、捕集板２を１ｒｐｍの速さで２０秒間、正回転（図２の矢印１２方向の回転）させる。捕集板２が回転して捕集板２の表面がブラシ３と擦れることで、捕集板２の表面に負の静電気が発生する。捕集板２の回転が停止すると摩擦帯電が完了し、摩擦帯電動作が終了する。捕集板２の回転は、静電気が発生するように行えばよく、ここで示した回転速度および回転時間等は一例を示したに過ぎず、それらは実使用条件等に応じて適宜設定すれば良い。
そして、摩擦帯電動作後、室外空気が集塵デバイス１内に取り込まれると、室外空気は、第１バッフル材１８および第２バッフル材１９により整流されて捕集板２間の中心部を通過する。捕集板２間を室外空気が通過する際、室外空気中の塵埃５が、捕集板２の表面に発生した静電気によって捕集板２の表面に捕集される。
ここで、ブラシ３は空気の通過方向に沿った姿勢で、例えば空気の通過方向に平行な姿勢で捕集板２間に配置されているため、捕集板２間を通過する室外空気の流れを大きく阻害せず、通風抵抗が小さい。よって、高い集塵性能を得ることができる。
また、集塵デバイス１の動作として、捕集板２の自動表面清掃および自動再帯電動作（以下、清掃兼帯電動作という）がある。清掃兼帯電動作では、まず、前述した初期の摩擦帯電動作と同様、集塵デバイス１の駆動制御部７からモーター６への命令により、捕集板２を１ｒｐｍの速さで２０秒間、正回転させる。捕集板２が回転して捕集板２の表面がブラシ３と擦れることで、捕集板２の表面に付着した塵埃がブラシ３により払い落とされるとともに、捕集板２が摩擦帯電する。つまり、捕集板２の回転により、付着した塵埃の払い落としと捕集板２の摩擦帯電との両方が行われる。なお、ブラシ３の下部には塵埃の一部が凝集体１７となって付着し、凝集体１７が一定以上の大きさになると、重力で落下し、ブラシ３の下部に備えられたダストボックス４に回収される。
清掃兼帯電動作ではさらに、捕集板２とブラシ３との間に詰まった凝集体１７を除去するため、捕集板２を１ｒｐｍの速さで逆方向に半回転（以下、逆半回転という）させる。捕集板２の逆半回転により、捕集板２とブラシ３との間に詰まった凝集体１７に下向き方向の摩擦力がかかり、凝集体１７が落下してダストボックス４に回収される。
以上の清掃兼帯電動作における捕集板２の回転速度および回転時間等は、一例を示したに過ぎず、それらは実使用条件等に応じて適宜設定すれば良い。
図４は、本発明の実施の形態１に係る集塵デバイスを搭載した空気調和機の動作を説明するフローチャートである。以下、図４を参照して空気調和機の動作について説明する。
連携制御部２５は、集塵デバイス１の上述の初期の摩擦帯電動作が必要な場合（ステップＳ１）、熱交換換気装置１０のファン（図示せず）を停止させた状態で、駆動制御部７に命令して、上述した初期の摩擦帯電動作を行わせる（ステップＳ２）。そして、初期の摩擦帯電動作が終了すると、換気を開始する。つまり、連携制御部２５は、熱交換換気装置１０のファン（図示せず）を運転させる（ステップＳ３）。これにより、室外から取り込まれた室外空気が集塵デバイス１を通過して室外空気中の塵埃が除去される。塵埃が除去された空気は、熱交換換気装置１０に供給される。熱交換換気装置１０に供給された室外空気は、室内排気口２４を介して熱交換換気装置１０に流入した室内空気と熱交換して熱回収し、室内給気口２３から室内に供給される。
連携制御部２５は、集塵デバイス１に配置されたパーティクルセンサ１１ａおよびパーティクルセンサ１１ｂのそれぞれからの検出信号に基づいて、集塵デバイス１の集塵性能の低下をチェックしている（ステップＳ４）。そして、連携制御部２５は、各検出信号に基づいて集塵デバイス１の集塵性能の低下を検知すると、熱交換換気装置１０のファン（図示せず）を停止させる（ステップＳ５）。このように、空気の流れを停止した状態で、集塵デバイス１に清掃兼帯電動作を行わせる（ステップＳ６）。清掃兼帯電動作により、捕集板２の集塵性能が復活すると、再び捕集板２で塵埃の捕集が行われる。以上のステップＳ３〜ステップＳ６の動作が、空気調和機の運転が停止されるまで繰り返される。
なお、パーティクルセンサ１１ａおよびパーティクルセンサ１１ｂからの検出信号に基づく集塵デバイス１の集塵性能の低下の検知は、例えば、以下のようにすればよい。集塵デバイス１の通過前後の塵埃濃度の差が、予め設定された濃度以下となった場合、集塵デバイス１の集塵性能の低下と判断すればよい。
以上のように、実施の形態１によれば、集塵デバイス１のブラシ３が空気の通過方向に沿った姿勢で捕集板２間に差し込まれている。これにより、通風抵抗が小さく、集塵性能が高い集塵デバイス１を実現できる。なお、「空気の通過方向に沿った姿勢」とは、各捕集板２の配列方向を軸とした軸回りの回転角度であって、空気の通過方向を０°としたとき−４５°から＋４５°の角度範囲内とした姿勢が該当する。この角度範囲内であれば、十分に通風抵抗の低下に効果があり、集塵性能が高い集塵デバイス１を実現できる。なお、図２にはブラシ３の姿勢が回転角度０°の例を示している。
また、捕集板２を挟んで対向して第１バッフル材１８および第２バッフル材１９を配置し、風路１６内の空気が捕集板２の中心部を流れるように整流するようにしたので、集塵性能が高い集塵デバイス１を実現できる。なお、第１バッフル材１８および第２バッフル材１９の形状は、空気が捕集板２の中心部を流れるよう整流されればよく、図２に示す形状に限定されない。
なお、上記実施の形態１では、捕集板２を負に帯電する例で説明したが、捕集板２の繊維をＰＡ６とするか、捕集板２の摩擦体の材料に負帯電傾向の強いＰＴＦＥを用いるなどして、捕集板２を正に帯電してもよい。
また、実施の形態１において、ブラシ３の繊維がＰＡ６繊維である例を示したが、ＰＡＮ（Ｐｏｌｙａｃｒｙｌｏｎｉｔｒｉｌｅ）繊維などを用いてもよい。ブラシ３の帯電飽和を抑制するため、摩擦体の導電性は高い方が好ましく、前記材料に炭素を付与した材料を用いる等して導電性を付与してもよい。またブラシ３は不織布状以外にも、はけ状、スポンジ状または板状等であってもよい。
また実施の形態１において、ブラシ３は捕集板２の下流側から上流側に向け捕集板２の間隔に差し込まれている構成を示したが、捕集板２の上流側から下流側に向け捕集板２の間隔に差し込まれた構成としてもよい。この構成の場合、ダストボックス４も同様にブラシ３の下方に配置すればよい。
実施の形態２．
上記実施の形態１では、集塵デバイス１の清掃兼帯電を行うタイミングを、パーティクルセンサの検出信号に基づいて制御していたが、実施の形態２ではタイマーで制御する。実施の形態２に係る集塵デバイス１は、基本的には実施の形態１に係る集塵デバイス１と同様の構成だが、タイマーを備えている点で実施の形態１と異なる。以下、実施の形態２が実施の形態１と異なる点を中心に説明するものとし、実施の形態２で説明されていない構成は実施の形態１と同様である。
図５は、本発明の実施の形態２に係る集塵デバイスの構成を示す斜視図である。
図５に示すように、本実施の形態２の集塵デバイス１は、タイマー５０を備えている。タイマー５０は、筐体１５の外部に設けられ、モーター６および駆動制御部７と接続されている。タイマー５０は、カウントを開始してから予め設定した設定時間が経過すると、駆動制御部７に信号を出力するものである。
図６は、本発明の実施の形態２に係る集塵デバイスを備えた空気調和機の動作を説明するフローチャートである。以下、図６を参照して空気調和機の動作について説明する。なお、図４に示した実施の形態１と同様の処理については同一のステップ番号を示している。以下、実施の形態１と異なる動作を中心に説明する。
実施の形態２において、タイマー５０は初期の摩擦帯電動作の直後からカウントを開始する（ステップＳ１１）。カウント開始から、予め設定された設定時間（ここでは例えば２４時間）が経過するまでの間は、熱交換換気装置１０のファンを運転して換気を続ける（ステップＳ１２、ステップＳ３）。そして、カウント開始から２４時間が経過すると（ステップＳ１２）、タイマー５０から信号が出力され、その信号を駆動制御部７が受信すると、駆動制御部７は熱交換換気装置１０のファンを停止させる（ステップＳ５）。その後、駆動制御部７は、モーター６を駆動して清掃兼帯電を行わせる（ステップＳ６）。そして、ステップＳ１１に戻り、改めてタイマー５０はカウントを開始する。これにより、空気調和機の運転が停止されるまで２４時間毎に清掃兼帯電動作が繰り返される。
以上のように、本実施の形態２によれば実施の形態１と同様の効果が得られるとともに、以下の効果が得られる。すなわち、清掃兼帯電を行うタイミングを、タイマー５０で制御するため、実施の形態１のようにパーティクルセンサなど高価な機器が不要である。よって、長期にわたって性能を持続できる集塵デバイス１を安価に実現できる。
なお、本実施の形態２では、タイマー５０の設定時間を２４時間としたが、設定時間は、使用する外気環境によって適宜決定してよい。外気の塵埃濃度が高い場合は２４時間より短く、外気の塵埃濃度が低い場合は２４時間より長い間隔としてもよい。
実施の形態３．
実施の形態３は、常にモーター音が静かな集塵デバイス１に関する。実施の形態３に係る集塵デバイス１は、基本的には実施の形態１に係る集塵デバイス１と同様の構成だが、負荷センサを備えている点で実施の形態１と異なる。以下、実施の形態３が実施の形態１と異なる点を中心に説明するものとし、実施の形態３で説明されていない構成は実施の形態１と同様である。
図７は、本発明の実施の形態３に係る集塵デバイスの構成を示す斜視図である。
図７に示すように、本実施の形態３の集塵デバイス１は、モーター６の負荷を測定する負荷センサ５１を備えている。負荷センサ５１は、モーター６に流れる電流を測定する電流測定素子で構成されている。負荷センサ５１は筐体１５の外部に備えられ、モーター６および駆動制御部７と接続されている。なお、モーター６の負荷を測定する負荷センサ５１として、ここでは電流測定素子を用いるとしたが、モーター６のトルクを検出するトルクセンサを用いてもよい。
図８は、本発明の実施の形態３に係る集塵デバイスを備えた空気調和機の動作を説明するフローチャートである。以下、図８を参照して空気調和機の動作について説明する。なお、図４に示した実施の形態１と同様の処理については同一のステップ番号を示している。以下、実施の形態１と異なる動作を中心に説明する。
集塵デバイス１の繰り返しの使用により、自動表面清掃を行っていても捕集板２とブラシ３との間には、僅かながら凝集体１７が詰まっていく。捕集板２とブラシ３との間に凝集体１７が詰まると、凝集体１７が捕集板２の回転時の抵抗となり、モーター６の電流値が徐々に増大し、モーター音が増大する。
負荷センサ５１は、モーター６の負荷を測定しており、測定負荷が予め設定された設定負荷以上となると（ステップＳ２１）、駆動制御部７は、凝集体１７の詰まりを解消する動作を捕集板２に行わせる（ステップＳ２２）。具体的には、負荷センサ５１は、モーター６に流れる電流値を測定しており、その測定値が、初期と比べて例えば１．２倍以上に増加した場合、駆動制御部７は、凝集体１７の詰まりを解消する動作を行う。
凝集体１７の詰まりを解消する動作として、駆動制御部７は、捕集板２を逆半回転させ、捕集板２とブラシ３との間に詰まった凝集体１７を落とし、その後、捕集板２を４分の１、正回転させる動作を行う。駆動制御部７は、詰まりが解消するまで凝集体１７の詰まりを解消する動作を繰り返す（ステップＳ２２、ステップＳ２３）。具体的には、負荷センサ５１で測定された電流値が初期と同等の値に低下するまで、捕集板２の逆半回転と、４分の１正回転とを交互に繰り返し行う。
そして、凝集体１７の詰まりが解消すると、ステップＳ３に戻り、連携制御部２５は熱交換換気装置１０のファンを運転させ、再び換気を開始する。
以上のように、本実施の形態３によれば実施の形態１と同様の効果が得られるとともに、以下の効果が得られる。すなわち、負荷センサ５１の測定負荷に基づいて凝集体１７の詰まりを検知した場合、凝集体１７の詰まりを解消する動作を捕集板２に行わせ、凝集体１７の詰まりを解消する。これにより、常にモーター音が静かな集塵デバイス１を実現できる。
なお、本実施の形態３では、凝集体１７の詰まりを解消する動作を始めるトリガーとして、モーター６の電流値が初期と比べて１．２倍以上に増加した場合を挙げたが、これに限られたものではない。トリガーとする電流値の閾値は、用いるモーターの特性に応じて適宜決定してよい。
また、凝集体１７の詰まりを解消する動作として、捕集板２の逆半回転と、４分の１正回転とを交互に繰り返す例を示したが、これらの回転量はあくまでも一例であって、逆方向への回転と正方向への回転が交互に繰り返されればよい。また、凝集体１７の詰まりを解消する動作として、他に例えば、モーター６の電流値が閾値を下回るまで、捕集板２に逆回転駆動を与え続ける動作であってもよい。凝集体１７の詰まりを解消する動作は、要するに少なくとも清掃兼帯電の際とは異なる動作であればよい。
実施の形態４．
実施の形態４に係る集塵デバイス１は、基本的には実施の形態１に係る集塵デバイス１と同様の構成を備えるが、エアフィルタを備える点で異なる。以下、実施の形態４が実施の形態１と異なる点を中心に説明するものとし、実施の形態４で説明されていない構成は実施の形態１と同様である。
図９は、本発明の実施の形態４に係る集塵デバイスの構成を示す斜視図である。図９に示すように、本実施の形態４の集塵デバイス１は、筐体１５の下流側に、塵埃を捕集するエアフィルタ５２を備えている。
エアフィルタ５２として、ここではＰＰのメルトブローン帯電不織布をプリーツ形状に成型したＨＥＰＡフィルタを用いている。ＨＥＰＡフィルタは、繊維密度が高く、高い塵埃捕集率を有している。
このように筐体１５の下流側にエアフィルタ５２を備えることで、捕集板２で空気中の塵埃等が除去された空気を、さらに清浄にすることができ、高い集塵性能を得ることができる。
以上のように、実施の形態４によれば実施の形態１と同様の効果が得られるとともに、以下の効果が得られる。すなわち、集塵デバイス１で空気中の塵埃等が除去された空気を、エアフィルタ５２でさらに清浄化することができ、高い集塵性能を得ることができる。
なお、エアフィルタ５２として用いるＨＥＰＡフィルタは、繊維密度が高く、捕集した塵埃により比較的早く目詰まりし、圧力損失が増大するため、数ヶ月毎のメンテナンス（フィルタ交換）が推奨されている。本実施の形態４の集塵デバイス１は、見方を変えれば、ＨＥＰＡフィルタの上流に捕集板２を備えた構成である。このため、ＨＥＰＡフィルタの上流で塵埃を除去することで、ＨＥＰＡフィルタへの塵埃負荷を低減できる。これによりＨＥＰＡフィルタの目詰まりによる圧力損失増加が緩やかとなる。このため、ＨＥＰＡフィルタのメンテナンス期間を向上でき、高い集塵性能かつロングライフな集塵を両立できる。
以上、上記各実施の形態１〜４においてそれぞれ別の実施の形態として説明したが、各実施の形態の特徴的な構成を適宜組み合わせて集塵デバイスを構成してもよい。例えば、実施の形態２と実施の形態３とを組み合わせ、図４の構成にさらに負荷センサ５１を加えた構成としてもよい。また、例えば実施の形態２と実施の形態４とを組み合わせ、図４の構成にさらにエアフィルタ５２を加えた構成としてもよい。","Claims (
7
)
空気が通過する風路内に前記空気の通過方向と交差する方向に間隔を空けて配列され、摩擦により帯電する複数の捕集板と、
前記捕集板間の前記空気が通過する隙間に差し込まれて配置され、前記捕集板の表面を摩擦するとともに、前記捕集板で捕集した塵埃を払い落とす複数のブラシとを備え、
前記ブラシは、前記捕集板の配列方向を軸とした軸回りの回転角度であって、空気の通過方向を０°としたとき−４５°から＋４５°の角度範囲内の姿勢で前記捕集板間の前記隙間に差し込まれている集塵デバイス。
前記捕集板を挟んで対向するように配置され、前記風路内の空気が前記捕集板を通過するように整流する第１バッフル材および第２バッフル材を備えた請求項１記載の集塵デバイス。
前記捕集板の下流に、エアフィルタを備える請求項１または請求項２記載の集塵デバイス。
前記捕集板を回転させて前記捕集板と前記ブラシとの間で摩擦を生じさせるモーターと、
前記モーターを制御して前記捕集板を回転させる駆動制御部とを備え、
前記駆動制御部は、前記捕集板を回転させ、この回転により前記捕集板を摩擦帯電させて空気中の塵埃の捕集を行わせる請求項１〜請求項３のいずれか一項に記載の集塵デバイス。
前記駆動制御部は、前記捕集板を回転させ、前記ブラシとの摩擦により前記捕集板に付着した塵埃を除去するとともに前記捕集板の表面を帯電させ、その後、前記捕集板を逆回転させ、前記捕集板間の隙間の塵埃を除去する、清掃兼帯電動作を行う請求項４記載の集塵デバイス。
予め設定された設定時間が経過すると信号を出力するタイマーを備え、
前記駆動制御部は、前記タイマーが前記信号を出力すると、前記清掃兼帯電動作を行う請求項５記載の集塵デバイス。
請求項１〜請求項
６
のいずれか一項に記載の集塵デバイスを備えた空気調和機。"
JP6180698B1,撥水性被膜及びそれが形成された製品,https://patents.google.com/patent/JP6180698B1/ja,本発明は、撥水性被膜及びそれが形成された製品に関するものである。,"微小な凹凸構造を有する撥水性表面の形成方法として、例えば、基材表面に機械的加工又はエッチングを施す方法、微粒子又は微粒子前駆体と樹脂とを含むコーティング組成物を基材表面に塗布する方法等が提案されている。
これらの方法の中でも、コーティング組成物を用いる方法は、様々な形状の基材に樹脂溶液を塗布するだけで撥水性を付与できるため、生産性及び製造コストの面で有利である。このような方法の具体例としては、疎水処理が施されたシリカ微粒子と、フッ素含有樹脂等の疎水性樹脂とを、揮発後の重量分率でそれぞれ３０〜１００％、０〜７０％となるように含有し、超音波照射によってシリカ微粒子を有機溶媒中に分散させた超撥水剤を、基材に塗布後、硬化させることにより超撥水被膜を形成する方法（特許文献１を参照）、金属板材の表面に、微粒子を添加した有機系塗料により粗面状被膜を形成した後、その粗面状被膜の上に撥水性被膜を形成する方法（特許文献２を参照）、金属材の表面に、親水性微粒子と有機樹脂とを含有する塗料により下地塗膜を形成した後、その下地塗膜の上にフッ素系樹脂又はシリコーン系樹脂を主成分とする塗料により仕上げ塗膜を形成する方法（特許文献３を参照）等が挙げられる。","しかしながら、特許文献１のような撥水性被膜は、被膜自体が破壊されたり剥離し易いため、撥水性が容易に失われてしまうという問題がある。また、特許文献２及び３のような二層構造の撥水性被膜では、摩擦等により撥水性を有する最表層だけでなく下地層の摩耗も進行し、最表層の剥離が生じるため、撥水性が容易に失われてしまうという問題がある。
本発明は、上記のような課題を解決するためになされたものであり、摩擦等により表面が摩耗しても撥水性が低下し難い撥水性被膜を提供することを目的とする。",本発明は、基材表面上に形成され、２μｍ以上５０μｍ以下の平均粒径を有し且つ球状溶融シリカ粒子、球状溶融アルミナ粒子及び球状シリコーン樹脂粒子からなる群から選択される少なくとも１種の球状粒子と、下地樹脂とを含有する下塗り層、並びに前記下塗り層上に形成され、２ｎｍ以上２０ｎｍ以下の平均粒径を有する無機微粒子と、撥水性樹脂とを含有する上塗り層を備えることを特徴とする撥水性被膜である。,本発明によれば、摩擦等により表面が摩耗しても撥水性が低下し難い撥水性被膜を提供することができる。,"しかしながら、特許文献１のような撥水性被膜は、被膜自体が破壊されたり剥離し易いため、撥水性が容易に失われてしまうという問題がある。また、特許文献２及び３のような二層構造の撥水性被膜では、摩擦等により撥水性を有する最表層だけでなく下地層の摩耗も進行し、最表層の剥離が生じるため、撥水性が容易に失われてしまうという問題がある。
本発明は、上記のような課題を解決するためになされたものであり、摩擦等により表面が摩耗しても撥水性が低下し難い撥水性被膜を提供することを目的とする。
本発明は、基材表面上に形成され、２μｍ以上５０μｍ以下の平均粒径を有し且つ球状溶融シリカ粒子、球状溶融アルミナ粒子及び球状シリコーン樹脂粒子からなる群から選択される少なくとも１種の球状粒子と、下地樹脂とを含有する下塗り層、並びに前記下塗り層上に形成され、２ｎｍ以上２０ｎｍ以下の平均粒径を有する無機微粒子と、撥水性樹脂とを含有する上塗り層を備えることを特徴とする撥水性被膜である。
本発明によれば、摩擦等により表面が摩耗しても撥水性が低下し難い撥水性被膜を提供することができる。","","Claims (
5
)
基材表面上に形成され、２μｍ以上５０μｍ以下の平均粒径を有し且つ球状溶融シリカ粒子、球状溶融アルミナ粒子及び球状シリコーン樹脂粒子からなる群から選択される少なくとも１種の球状粒子と、下地樹脂とを含有する下塗り層、並びに
前記下塗り層上に形成され、２ｎｍ以上２０ｎｍ以下の平均粒径を有する無機微粒子と、撥水性樹脂とを含有する上塗り層
を備え
、
前記下塗り層が、１μｍ以上１５μｍ以下であり且つ前記球状粒子の平均粒径未満である平均粒径を有する多孔質粒子を更に含有する
ことを特徴とする撥水性被膜。
前記下塗り層が、０．０５μｍ以上１５μｍ以下であり且つ前記球状粒子の平均粒径未満である平均粒径を有するフッ素樹脂粒子を更に含有することを特徴とする請求項１に記載の撥水性被膜。
前記下地樹脂が、ポリウレタン樹脂又はフッ素樹脂であることを特徴とする請求項１
又は２
に記載の撥水性被膜。
前記撥水性樹脂が、フッ素樹脂又はシリコーン樹脂であることを特徴とする請求項１〜
３
の何れか一項に記載の撥水性被膜。
請求項１〜
４
の何れか一項に記載の撥水性被膜が基材表面に形成されたことを特徴とする製品。"
JP6359193B2,活動記録装置、活動記録プログラム、および、活動記録方法,https://patents.google.com/patent/JP6359193B2/ja,本発明は、生産現場など作業者が活動する領域における作業者の活動を記録する活動記録装置、活動記録プログラム、および、活動記録方法に関し、特に作業者の活動の全容を簡便に記録するものである。,"生産現場には生産設備（機械）と作業者（人）が存在し、それらが互いに各々の役割を担って生産活動を行っている。材料の加工や製品の組み立てなどを作業者が行う場合もあれば、機械を用いて自動的に行う場合もある。機械が自動的に生産活動を行う場合であっても、作業者が材料を供給したり、製品を運搬したり、あるいは、機械の運転状態が正常に行われていることを確認したりといったように、生産現場における作業者の果たす役割は大きい。そのため、作業者の生産活動（以下、作業者活動）が、どのような効率で行われているかを把握することは、生産現場全体の生産性を評価する上で重要である。
従来、作業者活動を記録・分析するにあたっては、作業者を第三者が生産現場で観測する、いわゆるＩＥ（Ｉｎｄｕｓｔｒｉａｌ  Ｅｎｇｉｎｅｅｒｉｎｇ）手法にて、作業者の行動を記録し、分析に利用してきた。例えば”ビデオ（ＶＴＲ、ｖｉｄｅｏｔａｐｅ  ｒｅｃｏｒｄｅｒ）動作分析”法では、作業者活動を観測者がビデオ機材を用いて連続的に撮影記録し、作業順序のあり方や動作一つひとつについて分析するものであり（例えば、非特許文献１参照）、”ワーク・サンプリング法”では、人や機械の稼働状態および仕事の種類などを瞬間的に観測し、各観測項目の時間構成などを分析するものである（例えば、非特許文献２参照）。
しかしこれらＩＥ手法では、観測者の観測に費やされる労力が大きく、より詳細に正確に大量に作業者活動を記録することが困難であるという課題があった。この課題に対し、作業者自らが自身の作業者活動実績を端末入力する作業実績取得技術（例えば、特許文献１参照）や、センサ等を用いて作業者の動作を自動で取得する技術（例えば、特許文献２参照）が開発されている。","しかし、作業者は機械のようにあらかじめ固定された場所で、決められた動作を続けるとは限らず、時には製品の運搬などで工場の中を動き回ったり、時には疲れて作業を中断したりすることがある。特許文献１、２のようにＩＥ手法を端末入力やセンサによって自動化した技術は存在するものの、上記のような作業者の活動を記録することはできず、生産性分析にとって必要な作業者活動の全容を記録しているとはいえないという課題があった。
この発明は上記のような課題を解決するためになされたものであり、作業者の活動の全容を簡便に記録できる活動記録装置、活動記録プログラム、および、活動記録方法を提供することを目的とする。","本発明に係る活動記録装置は、
作業者の活動を活動データとして記録する活動記録装置において、
前記作業者を特定する第一特定部と、
前記作業者の位置を特定する第二特定部と、
前記作業者の対象物を特定する第三特定部と、
前記作業者の様態を特定する第四特定部と、
前記作業者、前記位置、前記対象物および前記様態の関連性データを格納する関連性データベースを備え、
前記第一特定部、前記第二特定部、および前記第三特定部の少なくともいずれか１つは、特定された前記作業者、前記位置、又は前記対象物に対応する前記関連性データを前記関連性データベースから抽出し、
前記第一特定部、前記第二特定部、前記第三特定部、および前記第四特定部の少なくともいずれか１つは、前記抽出された前記関連性データから、前記作業者、前記位置、前記対象物および前記様態を特定するものである。
また、本発明に係る活動記録プログラムは、
作業者の活動を活動データとして記録する活動記録プログラムにおいて、
コンピュータに、
作業者を特定する第一特定ステップと、
前記作業者の位置を特定する第二特定ステップと、
前記作業者の対象物を特定する第三特定ステップと、
前記作業者の様態を特定する第四特定ステップと、
を行わせる活動記録プログラムであって、
前記コンピュータに、前記作業者、前記位置、前記対象物および前記様態の関連性データを格納する関連性データベースを備え、
前記第一特定ステップ、前記第二特定ステップ、および前記第三特定ステップの少なくともいずれか１つは、特定された前記作業者、前記位置、又は前記対象物に対応する前記関連性データを前記関連性データベースから抽出し、
前記第一特定ステップ、前記第二特定ステップ、前記第三特定ステップ、および前記第四特定ステップの少なくともいずれか１つは、前記抽出された前記関連性データから、前記作業者、前記位置、前記対象物および前記様態を特定するものである。
また、本発明に係る活動記録方法は、
作業者の活動を活動データとして記録する
活動記録装置の
活動記録方法において、
作業者を特定する第一特定工程と、
前記作業者の位置を特定する第二特定工程と、
前記作業者の対象物を特定する第三特定工程と、
前記作業者の様態を特定する第四特定工程と、
前記第一特定工程、前記第二特定工程、前記第三特定工程、および前記第四特定工程により特定された、作業者、位置、対象物、および、様態に対して、特定された時刻を活動時刻を関連付けて前記活動データとして記録する記録工程とを備える活動記録方法であって、
前記作業者、前記位置、前記対象物および前記様態の関連性データを格納する関連性データベースを備え、
前記活動記録装置は、
前記第一特定工程、前記第二特定工程、および前記第三特定工程の少なくともいずれか１つは、特定された前記作業者、前記位置、又は前記対象物に対応する前記関連性データを前記関連性データベースから抽出し、
前記第一特定工程、前記第二特定工程、前記第三特定工程、および前記第四特定工程の少なくともいずれか１つは、前記抽出された前記関連性データから、前記作業者、前記位置、前記対象物および前記様態を特定するものである。","本発明に係る活動記録装置、活動記録プログラム、および、活動記録方法によれば、
作業者の活動の全容を簡便に記録する。","しかし、作業者は機械のようにあらかじめ固定された場所で、決められた動作を続けるとは限らず、時には製品の運搬などで工場の中を動き回ったり、時には疲れて作業を中断したりすることがある。特許文献１、２のようにＩＥ手法を端末入力やセンサによって自動化した技術は存在するものの、上記のような作業者の活動を記録することはできず、生産性分析にとって必要な作業者活動の全容を記録しているとはいえないという課題があった。
この発明は上記のような課題を解決するためになされたものであり、作業者の活動の全容を簡便に記録できる活動記録装置、活動記録プログラム、および、活動記録方法を提供することを目的とする。
本発明に係る活動記録装置は、
作業者の活動を活動データとして記録する活動記録装置において、
前記作業者を特定する第一特定部と、
前記作業者の位置を特定する第二特定部と、
前記作業者の対象物を特定する第三特定部と、
前記作業者の様態を特定する第四特定部と、
前記作業者、前記位置、前記対象物および前記様態の関連性データを格納する関連性データベースを備え、
前記第一特定部、前記第二特定部、および前記第三特定部の少なくともいずれか１つは、特定された前記作業者、前記位置、又は前記対象物に対応する前記関連性データを前記関連性データベースから抽出し、
前記第一特定部、前記第二特定部、前記第三特定部、および前記第四特定部の少なくともいずれか１つは、前記抽出された前記関連性データから、前記作業者、前記位置、前記対象物および前記様態を特定するものである。
また、本発明に係る活動記録プログラムは、
作業者の活動を活動データとして記録する活動記録プログラムにおいて、
コンピュータに、
作業者を特定する第一特定ステップと、
前記作業者の位置を特定する第二特定ステップと、
前記作業者の対象物を特定する第三特定ステップと、
前記作業者の様態を特定する第四特定ステップと、
を行わせる活動記録プログラムであって、
前記コンピュータに、前記作業者、前記位置、前記対象物および前記様態の関連性データを格納する関連性データベースを備え、
前記第一特定ステップ、前記第二特定ステップ、および前記第三特定ステップの少なくともいずれか１つは、特定された前記作業者、前記位置、又は前記対象物に対応する前記関連性データを前記関連性データベースから抽出し、
前記第一特定ステップ、前記第二特定ステップ、前記第三特定ステップ、および前記第四特定ステップの少なくともいずれか１つは、前記抽出された前記関連性データから、前記作業者、前記位置、前記対象物および前記様態を特定するものである。
また、本発明に係る活動記録方法は、
作業者の活動を活動データとして記録する
活動記録装置の
活動記録方法において、
作業者を特定する第一特定工程と、
前記作業者の位置を特定する第二特定工程と、
前記作業者の対象物を特定する第三特定工程と、
前記作業者の様態を特定する第四特定工程と、
前記第一特定工程、前記第二特定工程、前記第三特定工程、および前記第四特定工程により特定された、作業者、位置、対象物、および、様態に対して、特定された時刻を活動時刻を関連付けて前記活動データとして記録する記録工程とを備える活動記録方法であって、
前記作業者、前記位置、前記対象物および前記様態の関連性データを格納する関連性データベースを備え、
前記活動記録装置は、
前記第一特定工程、前記第二特定工程、および前記第三特定工程の少なくともいずれか１つは、特定された前記作業者、前記位置、又は前記対象物に対応する前記関連性データを前記関連性データベースから抽出し、
前記第一特定工程、前記第二特定工程、前記第三特定工程、および前記第四特定工程の少なくともいずれか１つは、前記抽出された前記関連性データから、前記作業者、前記位置、前記対象物および前記様態を特定するものである。
本発明に係る活動記録装置、活動記録プログラム、および、活動記録方法によれば、
作業者の活動の全容を簡便に記録する。","","Claims (
19
)
作業者の活動を活動データとして記録する活動記録装置において、
前記作業者を特定する第一特定部と、
前記作業者の位置を特定する第二特定部と、
前記作業者の対象物を特定する第三特定部と、
前記作業者の様態を特定する第四特定部と、
前記作業者、前記位置、前記対象物および前記様態の関連性データを格納する関連性データベースを備え、
前記第一特定部、前記第二特定部、および前記第三特定部の少なくともいずれか１つは、特定された前記作業者、前記位置、又は前記対象物に対応する前記関連性データを前記関連性データベースから抽出し、
前記第一特定部、前記第二特定部、前記第三特定部、および前記第四特定部の少なくともいずれか１つは、前記抽出された前記関連性データから、前記作業者、前記位置、前記対象物および前記様態を特定する活動記録装置。
前記第一特定部、前記第二特定部、前記第三特定部、および前記第四特定部により特定された、前記作業者、前記位置、前記対象物、および、前記様態に対して、特定された時刻を活動時刻として関連付けて前記活動データとして記録する記録部を備える請求項１に記載の活動記録装置。
前記記録部は、特定された前記作業者、前記位置、前記対象物および前記様態の要素の内、少なくともいずれか１つの要素が変化するたびに、特定された時刻を活動時刻として付加して前記活動データとして記録する請求項２に記載の活動記録装置。
前記第一特定部は、タッチパネル、ＩＣカード読取り部、顔認識カメラ、または、指紋認識センサの少なくともいずれか１つの入力部からの情報に基づいて前記作業者を特定する請求項２に記載の活動記録装置。
前記第二特定部は、タッチパネル、ＧＰＳ装置、電波強度センサ、または、加速度センサおよび地磁気センサの少なくともいずれか１つの入力部からの情報に基づいて前記位置を特定する請求項２に記載の活動記録装置。
前記第三特定部は、タッチパネル、または、前記対象物に対するセンサの少なくともいずれか１つの入力部からの情報に基づいて前記対象物を特定する請求項２に記載の活動記録装置。
前記第四特定部は、タッチパネル、モーションキャプチャ、または、加速度センサの少なくともいずれか１つの入力部からの情報に基づいて前記様態を特定する請求項２に記載の活動記録装置。
タッチパネルを有するディスプレイを備える請求項２に記載の活動記録装置。
前記ディスプレイには、作業完了ボタンが表示され、
前記記録部は、前記作業完了ボタンが押されると、特定された前記作業者、前記位置、前記対象物および前記様態に対して、作業完了した時刻を活動時刻として付加して対応付けて前記活動データとして記録するとともに、前記活動データから実績作業時間を算出して、あらかじめ設定されている標準作業時間と前記実績作業時間とを対比して前記ディスプレイに表示する請求項８に記載の活動記録装置。
前記ディスプレイには、中断ボタンが表示し、前記中断ボタンが押されると複数の中断作業が選択肢として表示され、
前記第四特定部は、いずれかの前記中断作業が選択されると、前記様態として特定し、
前記記録部は、特定された、前記作業者、前記位置、前記対象物に対して、選択された前記中断作業を様態として、特定された時刻を活動時刻として付加して対応付けて前記活動データとして記録する請求項８または請求項９に記載の活動記録装置。
前記活動データを、他の通信機器に送信し、且つ、他の前記通信機器から送信された情報を受信する通信モジュールを備えた請求項１から請求項１０のいずれか１項に記載の活動記録装置。
作業者の活動を活動データとして記録する活動記録プログラムにおいて、
コンピュータに、
作業者を特定する第一特定ステップと、
前記作業者の位置を特定する第二特定ステップと、
前記作業者の対象物を特定する第三特定ステップと、
前記作業者の様態を特定する第四特定ステップと、
を行わせる活動記録プログラムであって、
前記コンピュータに、前記作業者、前記位置、前記対象物および前記様態の関連性データを格納する関連性データベースを備え、
前記第一特定ステップ、前記第二特定ステップ、および前記第三特定ステップの少なくともいずれか１つは、特定された前記作業者、前記位置、又は前記対象物に対応する前記関連性データを前記関連性データベースから抽出し、
前記第一特定ステップ、前記第二特定ステップ、前記第三特定ステップ、および前記第四特定ステップの少なくともいずれか１つは、前記抽出された前記関連性データから、前記作業者、前記位置、前記対象物および前記様態を特定する活動記録プログラム。
前記第一特定ステップ、前記第二特定ステップ、前記第三特定ステップ、および前記第四特定ステップにより特定された、前記作業者、前記位置、前記対象物、および、前記様態に対して、特定された時刻を活動時刻として関連付けて前記活動データとして記録する記録ステップとを行わせる請求項１２に記載の活動記録プログラム。
前記記録ステップは、特定された前記作業者、前記位置、前記対象物および前記様態の要素の内、少なくともいずれか１つの要素が変化するたびに、特定された時刻を活動時刻として付加して前記活動データとして記録する請求項１３に記載の活動記録プログラム。
前記コンピュータは、タッチパネルを有するディスプレイからの情報を入力する請求項１３に記載の活動記録プログラム。
前記ディスプレイに、作業完了ボタンを表示し、
前記記録ステップは、前記作業完了ボタンが押されると、特定された前記作業者、前記位置、前記対象物および前記様態に対して、作業完了した時刻を活動時刻として付加して対応付けて前記活動データとして記録するとともに、前記活動データから実績作業時間を算出して、あらかじめ設定されている標準作業時間と前記実績作業時間とを対比して前記ディスプレイに表示する請求項１５に記載の活動記録プログラム。
前記ディスプレイには、中断ボタンを表示し、前記中断ボタンが押されると複数の中断作業が選択肢として表示され、
前記第四特定ステップは、いずれかの前記中断作業が選択されると、前記様態として特定し、
前記記録ステップは、特定された、前記作業者、前記位置、前記対象物に対して、選択された前記中断作業を様態として、特定された時刻を活動時刻として付加して対応付けて前記活動データとして記録する請求項１５または請求項１６に記載の活動記録プログラム。
作業者の活動を活動データとして記録する
活動記録装置の
活動記録方法において、
作業者を特定する第一特定工程と、
前記作業者の位置を特定する第二特定工程と、
前記作業者の対象物を特定する第三特定工程と、
前記作業者の様態を特定する第四特定工程と、
前記第一特定工程、前記第二特定工程、前記第三特定工程、および前記第四特定工程により特定された、作業者、位置、対象物、および、様態に対して、特定された時刻を活動時刻を関連付けて前記活動データとして記録する記録工程とを備える活動記録方法であって、
前記作業者、前記位置、前記対象物および前記様態の関連性データを格納する関連性データベースを備え、
前記活動記録装置は、
前記第一特定工程、前記第二特定工程、および前記第三特定工程の少なくともいずれか１つは、特定された前記作業者、前記位置、又は前記対象物に対応する前記関連性データを前記関連性データベースから抽出し、
前記第一特定工程、前記第二特定工程、前記第三特定工程、および前記第四特定工程の少なくともいずれか１つは、前記抽出された前記関連性データから、前記作業者、前記位置、前記対象物および前記様態を特定する活動記録方法。
前記記録工程は、特定された前記作業者、前記位置、前記対象物および前記様態の要素の内、少なくともいずれか１つの要素が変化するたびに、特定された時刻を活動時刻として付加して前記活動データとして記録する請求項１８に記載の活動記録方法。"
JP6714170B2,活動記録装置、活動記録プログラム、および、活動記録方法,https://patents.google.com/patent/JP6714170B2/ja,本願は、作業者の活動を記録する活動記録装置、活動記録プログラム、および、活動記録方法に関するものである。,"生産現場などでは生産設備（装置）と作業者（人）が存在し、それらが互いに各々の役割を担って生産活動（以下、活動として称す）を行っている。材料の加工または製品の組立てなどを作業者が行う場合もあれば、装置を用いて自動的に行う場合もある。装置が自動的に活動を行う場合であっても、作業者が材料を供給したり、製品を運搬したり、あるいは装置の運転状態が正常に行われていることを確認したりといったように、生産現場における作業者の果たす役割は大きい。そのため、作業者の生産活動（以下、作業者活動として称す）がどのような効率で行われているかを把握することは、生産現場全体の生産性を評価する上で重要である。
従来、作業者活動を記録・分析するにあたっては、作業者を第三者が生産現場で観測する、いわゆるＩＥ（Ｉｎｄｕｓｔｒｉａｌ  Ｅｎｇｉｎｅｅｒｉｎｇ）手法にて、作業者の行動を記録し、分析に利用されてきた。例えば、”ビデオ動作分析”法では作業者活動を観測者がビデオ機材を用いて連続的に撮影記録し、作業順序のあり方および動作一つひとつについて分析するものであり（例えば、非特許文献１参照）、”ワーク・サンプリング法”では人、機械の稼働状態および仕事の種類などを瞬間的に観測し、各観測項目の時間構成などを分析するものである（例えば、非特許文献２参照）。
しかし、これらのＩＥ手法では観測者の観測に費やされる労力が大きく、より詳細に正確に大量に作業者活動を記録することが困難であるという課題があった。この課題に対し、予め測位範囲内に設置したビーコンの電波を利用した測位技術（例えば、特許文献１参照）、またはＧＰＳおよび自律航法を用いて作業者の動作を自動で取得する技術（例えば、特許文献２参照）が開発されている。","生産現場などにおける作業者に対し改善活動を高速に進めるにあたっては、データ取得、分析に掛かるコストを小さくし、分析及び改善のサイクルを多数回繰り返していく必要がある。特許文献１、特許文献２における手法は作業者の位置データを自動で取得することは可能であるが、地図データにそれぞれ分析の特徴となる事前準備データを用意する必要があるなど、計算負荷が大きいといった課題があった。
本願は前記のような課題を解決するためになされたものであり、小さい計算負荷で、精度よく作業者の位置が特定される活動記録装置、活動記録プログラム、および、活動記録方法を提供することを目的とする。","本願に開示される活動記録装置は、作業者の作業を特定する作業特定部と、前記作業者の位置座標から前記作業者の位置を特定する位置特定部と、前記位置特定部で特定された位置から前記作業者の作業の様態を特定する様態特定部と、前記作業、前記位置、前記様態を活動時刻と関連付けて活動データとして記録する記録部と
、送受信が可能な通信モジュールと
を備えた活動記録装置であって、前記位置特定部は、前記作業者の移動速さと前記作業者の方向の履歴とから前記作業者の位置を推定する位置推定部と、前記作業者が存在する予め定められた空間で使用される複数のビーコンが発信する電波のうち前記活動記録装置が受信する受信強度があらかじめ決められた強度に満たない期間を抽出し、この期間の前後のビーコンの座標位置の差分と前記位置推定部で推定された位置の差分とに応じて前記期間の前記作業者の位置を補正する位置補正部とを備え
、前記通信モジュールは、記録した前記活動データを他の活動記録装置に送信し、かつ前記他の活動記録装置から送信された他の活動データを受信する
ものである。",本願に開示される活動記録装置、活動記録プログラム、および、活動記録方法によれば、小さい計算負荷で作業者の位置を特定することができる。また、特定された作業者の位置の精度は、容易に向上される。,"生産現場などにおける作業者に対し改善活動を高速に進めるにあたっては、データ取得、分析に掛かるコストを小さくし、分析及び改善のサイクルを多数回繰り返していく必要がある。特許文献１、特許文献２における手法は作業者の位置データを自動で取得することは可能であるが、地図データにそれぞれ分析の特徴となる事前準備データを用意する必要があるなど、計算負荷が大きいといった課題があった。
本願は前記のような課題を解決するためになされたものであり、小さい計算負荷で、精度よく作業者の位置が特定される活動記録装置、活動記録プログラム、および、活動記録方法を提供することを目的とする。
本願に開示される活動記録装置は、作業者の作業を特定する作業特定部と、前記作業者の位置座標から前記作業者の位置を特定する位置特定部と、前記位置特定部で特定された位置から前記作業者の作業の様態を特定する様態特定部と、前記作業、前記位置、前記様態を活動時刻と関連付けて活動データとして記録する記録部と
、送受信が可能な通信モジュールと
を備えた活動記録装置であって、前記位置特定部は、前記作業者の移動速さと前記作業者の方向の履歴とから前記作業者の位置を推定する位置推定部と、前記作業者が存在する予め定められた空間で使用される複数のビーコンが発信する電波のうち前記活動記録装置が受信する受信強度があらかじめ決められた強度に満たない期間を抽出し、この期間の前後のビーコンの座標位置の差分と前記位置推定部で推定された位置の差分とに応じて前記期間の前記作業者の位置を補正する位置補正部とを備え
、前記通信モジュールは、記録した前記活動データを他の活動記録装置に送信し、かつ前記他の活動記録装置から送信された他の活動データを受信する
ものである。
本願に開示される活動記録装置、活動記録プログラム、および、活動記録方法によれば、小さい計算負荷で作業者の位置を特定することができる。また、特定された作業者の位置の精度は、容易に向上される。","実施の形態１．
本願は、生産現場など作業者が存在する予め定められた空間で活動する作業者に対し、小さい計算負荷で、精度よく作業者の位置が特定される、作業者が携帯する活動記録装置を提示する。
図１は、実施の形態１における活動記録装置１１のハードウェア構成を示す図である。図において、実施の形態１に係る活動記録装置１１はＣＰＵ（中央演算処理装置）１、ＣＰＵ１が実行する作業を記憶したプログラムメモリ２、ＣＰＵ１が演算処理するために一時的にデータを移すワークメモリ３、主メモリ４（各種データベース４ａおよび活動データが記録されるストレージ４ｂを含む）、インターフェイス６がデータバス５に接続されている。
プログラムメモリ２は、活動記録装置１１が読み取り可能なプログラムが記録された記録媒体であり、プログラムメモリ２には作業者の活動の記録のデータを構成する４つの要素（作業、位置、様態、活動時刻）をそれぞれ特定し、記録するための活動記録プログラムが格納されている。活動記録装置１１は活動記録プログラムに基づいて動作する。ここで「作業」とはあらかじめ定められた作業者の作業を指すものとし、「位置」とは作業者が活動を行う生産現場内の場所を指すものとする。また「様態」とは特定された作業者の生産現場での作業の状態について示すものとし、「活動時刻」とは作業者が活動した時刻を指すものとする。
インターフェイス６を介して、活動記録装置１１には作業者が入力を行う作業者入力部７ａとセンサによる自動入力部７ｂにて構成される入力部７、活動記録装置１１の外部の通信機器等と通信するための通信モジュール８、時刻を管理するためのタイマー９、ディスプレイ１０が接続されている。タイマー９は、時刻を付加する時刻付加部としても用いられる。ディスプレイ１０の表示画面は、作業者入力部７ａとしてのタッチパネルおよびキーボードを兼用してもよい。
図２は、実施の形態１における活動記録装置１１の機能構成図である。活動記録装置１１は、作業者入力部７ａ、自動入力部７ｂ、作業特定部１２、位置特定部１３、様態特定部１４、データベース４ａ、記録部１５、タイマー９、通信モジュール８、ディスプレイ１０、電源１８を備えている。自動入力部７ｂは、加速度センサ７ｃ、方位角センサ７ｄ、ビーコン電波強度センサ７ｅを備えている。また位置特定部１３は、位置推定部、接近ビーコン判定部、位置補正部を備えている。
作業特定部１２には、作業者２０から、作業者２０の作業を特定するためのデータが作業者入力部７ａを介して入力される。作業者２０は、作業者入力部７ａにＩＤ（ｉｄｅｎｔｉｆｉｃａｔｉｏｎの略）を入力する。作業者２０のＩＤにはあらかじめ作業者２０に割り当てられた後述する関連性データ内にある作業の情報が付与されており、ＩＤによって作業者２０の作業が特定される。作業者入力部７ａは、具体的にはキーボードまたはテンキーであるがこれらに限るものではない。ＩＣカード読み取り部、顔認識カメラ、指紋認識センサなどを作業者入力部７ａとして必要に応じて使用することができる。ディスプレイ１０の表示画面において、表示画面をタッチパネルとして作業者入力部７ａを兼用してもよい。
位置特定部１３には、自動入力部７ｂが備える加速度センサ７ｃ、方位角センサ７ｄ、ビーコン電波強度センサ７ｅからの出力が入力される。また、データベース４ａから、生産現場で使用される複数のビーコンの各座標の位置データであるビーコン座標情報が入力される。位置特定部１３は、入力された各センサからの出力およびビーコン座標情報を利用し、位置推定部、接近ビーコン判定部、位置補正部を使って作業者２０の位置座標を算出する。位置座標は後述する関連性データ内の位置と関連付けられ、位置特定部１３は作業者２０の位置を特定する。
図３は、生産現場に配置された一つのビーコン２１の構成概略を示す図である。ビーコン２１は電波発信モジュール２２とビーコン電源２３から構成される端末であり、小型の携帯電話をさらに小さくした程度の大きさである。それぞれのビーコン２１は固有のＩＤを有し、電波発信モジュール２２から発信されるビーコン電波にはそのＩＤの情報が付加される。それぞれのビーコン２１は、受信の相手方の有無にかかわらず、常にビーコン電波を発信し続ける。ビーコン電波強度センサ７ｅは、それぞれのビーコン２１が発信したビーコン電波を受信するモジュールである。
図４は、活動記録装置１１とビーコン２１の設置の例を示す図である。生産現場２４内を移動する作業者２０の活動を記録するために、作業者２０は活動記録装置１１を携帯している。生産現場２４内において作業者２０が訪れる可能性のある場所は、例えば生産設備（装置）ごと、部品の供給棚ごと、あるいは詰所または休憩所など、複数のポイントに限定される。作業者２０が訪れたことを検知したい生産現場２４内のそれぞれの場所に、それぞれ固有のＩＤを有するビーコン２１が配置される。図４では、ＩＤ１のビーコン２１ａ、ＩＤ２のビーコン２１ｂ、ＩＤ３のビーコン２１ｃの３個を生産現場２４内に設置した例であるが、実際に設置するビーコンの個数は任意である。図４において、作業者２０の携帯する活動記録装置１１内のビーコン電波強度センサ７ｅは、３個のビーコン２１ａ、２１ｂ、２１ｃからのビーコン電波を受信する。
様態特定部１４は、作業特定部１２にて特定された対象となる作業者２０の作業、および位置特定部１３にて特定された作業者２０の位置に応じて、あらかじめデータベース４ａに格納された関連性データから作業者２０の様態の候補を絞り込み、作業者２０の様態を特定する。図５は、関連性データの例を示す図である。関連性データは作業者２０の作業、位置および様態のフィールドを有し、それらを関連付けて定義されたものである。図５では、ライン作業Ａ、水すましＢの２つの作業の関連性データを例として示す。ここでライン作業とは、組立ラインにおいて組立作業を行う作業を指す。水すまし作業とは、生産現場において材料を供給したり、製品を運搬したりするような、定位置ではなく移動を伴う作業を指す。ライン作業Ａと作業が定められた作業者２０は、組立ライン１で組立作業を行うことが基本的な生産現場２４での活動となる。ライン作業Ａと作業が定められた作業者２０の位置が組立ライン２と特定された場合、様態はライン２応援と特定される。関連性データを用いることで、特定された位置のみから様態を特定する場合と比較して、様態の特定の精度は向上する。
記録部１５は、作業特定部１２、位置特定部１３、および様態特定部１４により特定された作業者２０の作業、位置、および様態を、タイマー９の活動時刻と関連付けて活動データとして記録する。記録部１５において、作業者２０の活動データは主メモリ４に含まれるストレージ４ｂに格納される。
また、記録部１５には通信モジュール８が接続され、ストレージ４ｂに格納された活動データは外部ＰＣ（パーソナルコンピュータ）によって分析が可能である。通信モジュール８は、外部の機器と活動データの内容を送受信できる。活動データはディスプレイ１０に送られ、作業者２０に作業実績データをディスプレイ１０は表示する。
活動記録装置１１は、内部に独立した電源１８を持つ。したがって、作業者２０は活動記録装置１１を携帯できる。携帯することにより、生産現場２４内を移動する作業者２０の活動を活動記録装置１１は常に記録し続けることが可能となる。
図６は、実施の形態１の活動記録装置１１における作業者２０の活動データを記録するフローチャートである。なお、このフローで示された処理はプログラムメモリ２に格納された活動記録プログラムに基づいて行われる。
活動記録の開始時（図６のステップＳ３１）に、作業者入力部７ａから、作業者２０がＩＤを入力する。作業特定部１２は、作業者２０に予め定められた作業を特定する（図６のステップＳ３２：作業特定ステップ）。
位置特定部１３で行われる作業者２０の位置の特定（図６のステップＳ３３：位置特定ステップ）を、図７で説明する。図７は、作業者の位置を特定する処理フロー図である。位置特定部１３に、図２で示された加速度センサ７ｃから鉛直加速度信号４１、方位角センサ７ｄから方位角４２、ビーコン電波強度センサ７ｅからビーコン電波強度４３、およびデータベース４ａからビーコン座標情報４４が入力される。鉛直加速度信号４１から、相対歩行速さ算出部４５にて、作業者２０の移動速さとしての相対歩行速さが算出される。算出された相対歩行速さと方位角４２が示す方向の履歴とから、自律航法による位置推定部４６にて、作業者２０の位置座標が推定される（位置推定ステップ）。ビーコン電波強度４３から、接近ビーコン判定部４７にて、作業者２０が生産現場において最も接近したビーコンＩＤが判定される。接近したビーコンＩＤの判定結果とビーコン座標情報４４とから、位置補正部４８にて、推定された作業者２０の位置座標は補正される（位置補正ステップ）。補正された作業者２０の位置座標に基づいて、位置特定部１３は関連性データを参照し、作業者２０の位置を特定する。
作業者２０の位置の特定のための各部の処理の詳細を、以下に説明する。まず、相対歩行速さ算出部４５の処理を説明する。図８は、鉛直加速度信号４１から相対歩行速さ５５を算出する処理フロー図である。図８に示す処理フロー係る図について説明する。図９は鉛直加速度信号４１の値の例を示す図で、タイマー９から取得した時刻と鉛直加速度の値からなる配列である。図１０は経過時間に対する鉛直加速度信号４１の例を示す図である。図１１は鉛直加速度信号４１に対して短時間フーリエ変換を施し、時間−周波数領域の鉛直加速度スペクトログラム配列を行った例を示す図である。図１２は鉛直加速度スペクトログラムの２Ｈｚに最も近い成分パワーＰ［２Ｈｚ、ｔ］に変換した例を示す図である。図１３は算出された相対歩行速さ５５の例を示す図である。
相対歩行速さ算出部４５には、自動入力部７ｂの加速度センサ７ｃから鉛直加速度信号４１（図９、図１０参照）が入力される。鉛直加速度信号４１は、短時間フーリエ変換部５１にて短時間フーリエ変換を施し、次に鉛直加速度スペクトログラム部５２にて時間−周波数領域の鉛直加速度スペクトログラム配列を行う（処理の詳細は、眞渓歩『ディジタル信号処理工学』, 昭光堂, 2004 参照）。処理の結果となる図１１は、時間に対する周波数領域毎のパワーを、パワーに応じたグレースケールにて表示している。次に、歩行周波数パワー変換部５３にて鉛直加速度スペクトログラムの２Ｈｚに最も近い成分パワー変換を行う（結果は図１２参照）。あるサンプリング間隔で取得した信号に対する短時間フーリエ変換でパワーが得られる周波数は自動的に定まるため、ここでは１．９Ｈｚ成分パワーとなっている。歩行速さ変換部５４にて、相対歩行速さｖ［ｔ］は、図１２に示した鉛直加速度スペクトログラムの２Ｈｚに最も近い成分パワーＰを用いて次式より算出される（式の詳細は、煤孫光俊et al. ""歩行周波数対加速度の信号エネルギーによる歩行速度推定"" , Proceedings SICE annual conference 2003 in Fukui : August 4-6, 2003 参照）。
上式を利用して歩行速さ変換を行い、相対歩行速さ５５が算出される（結果は図１３参照）。
次に、自律航法による位置推定部４６の処理を説明する。図１４は、自律航法による位置推定部４６において、相対歩行速さ５５と方位角４２が示す方向の履歴とから自律航法により作業者２０の作業者仮位置６２を算出する処理フロー図である。相対歩行速さ５５は、相対歩行速さ算出部４５にて算出されたものを利用する。
図１５は、自律航法による位置推定部４６が、自動入力部７ｂの方位角センサ７ｄから出力される方位角４２の例を示す図である。方位角４２は、図１５に示されるようにタイマー９から取得した時刻と、作業者が向いている方位角の値からなる配列である。方位角４２の値は、図１６に示すように、東を０として反時計回りに弧度法で測った値で表示する。弧度法の単位はラジアンとなるが通常は省略するため、図１５、図１６においても単位は省略する。なお方位角の表示はこれに限るものではなく、東の値は０でない任意の実数でもよいし、弧度法ではなく度数法による値であっても構わない。
入力された方位角４２が示す方向の履歴と相対歩行速さ５５とから、自律航法６１により作業者２０の仮位置を算出する。作業者２０の仮位置ｒ［ｔ］は、時刻τにおける歩行速さがｖ［τ］、方位角がθ［τ］、サンプリング間隔がΔｔ［τ］のとき、次式により算出され、作業者２０の仮位置が推定される。ｒ［０］は作業者２０の初期位置である。ここで座標軸は、図１６のように方位角と同じものとする。
次に、接近ビーコン判定部４７の処理を説明する。図１７は、接近ビーコン判定部４７において、各時刻でビーコン電波強度４３から作業者２０が生産現場において最も接近していた接近ビーコンＩＤ７４を算出する処理フロー図である。
図１８は、接近ビーコン判定部４７が、自動入力部７ｂのビーコン電波強度センサ７ｅから出力されるビーコン電波強度４３の例を示す図である。ビーコン電波強度４３は、図１８に示されるようにタイマー９から取得した時刻と、ビーコン電波を受信したビーコンのＩＤと、ビーコン電波の受信電波強度からなる配列である。
ビーコン電波強度センサ７ｅは、ビーコン電波の発信元となるビーコンＩＤと、ビーコン電波の受信電波強度指数（Ｒｅｃｅｉｖｅｄ  Ｓｉｇｎａｌ  Ｓｔｒｅｎｇｔｈ  Ｉｎｄｉｃａｔｏｒ、以下ＲＳＳＩと略す）を受信する。図１９は、特定のビーコン２１とビーコン電波強度センサ７ｅとの距離とＲＳＳＩの関係を示す図である。このように、ビーコン２１とビーコン電波強度センサ７ｅつまりは活動記録装置１１との距離が小さければ小さいほど、ＲＳＳＩは大きくなる性質を有している。
図２０は、各時刻ｔにおける各ビーコンＩＤと正規化した各ＲＳＳＩの例を示す図である。図２０では、各時刻ｔで、ビーコンＩＤ毎に正規化したＲＳＳＩが配列されるようにクロス集計（図１７のステップＳ７１）され、クロス表化されている（以下、クロス表として称す）。図２１は、ビーコン２１に接近したと判定されるＲＳＳＩの閾値を設定したクロス表の例を示す図である。閾値設定（図１７のステップＳ７２）は、ビーコン２１ごとに行われる。閾値の設定の仕方は、例えばビーコンごとに記録されたＲＳＳＩの単純加算平均、または中央値、あるいは上側Ｘパーセンタイル点を用いるが、定め方は任意である。図２１では、中央値にて閾値を設定している。
図２２は、各時刻ｔにおいて最も接近したビーコンＩＤを判定した結果の例を示す図である。最も接近したビーコンＩＤの判定（図１７のステップＳ７３）は、各時刻ｔにおいて、次に示す処理フロー１、処理フロー２を順次行うことで実施される。判定の結果、各時刻ｔにおける接近ビーコンＩＤ、つまりはＩＤ配列ＩＤ［ｔ］（図１７のステップＳ７４）が算出される。
処理フロー１：各時刻ｔにおいて、ＲＳＳＩが最大であるビーコンＩＤを抽出する。図２１および図２２における各時刻ｔのＲＳＳＩの最大値は、下線を付して示される。下線を付して示されたＲＳＳＩのビーコンＩＤが、抽出されたビーコンＩＤとなる。例えば図２１の時刻１では、ビーコン２が抽出される。
処理フロー２：各時刻ｔにおいて、抽出されたビーコンＩＤにおける閾値とＲＳＳＩの最大値を比較する。比較の結果、ＲＳＳＩの最大値の方が大きい場合は、抽出されたビーコンＩＤのビーコンに最も接近していたと判定する。ＩＤ配列ＩＤ［ｔ］に、抽出されたビーコンＩＤを記録する。例えば図２２の時刻１では、ビーコンＩＤとして２が記録される。
処理フロー２において、比較の結果、ＲＳＳＩの最大値の方が小さい場合はどのビーコンにも接近していなかったと判定する。ＩＤ配列ＩＤ［ｔ］には０を記録する。例えば図２２の時刻２では、ビーコンＩＤとして０が記録される。
以上のように、処理フロー１、２を実施して最も接近したビーコンＩＤが判定されることで、ＩＤ配列ＩＤ［ｔ］には最も接近したビーコンＩＤ、もしくはどのビーコンにも接近していなかったと判定されて０が記録される。
次に、位置補正部４８の処理を説明する。図２３は、位置補正部４８において、作業者仮位置６２を接近ビーコンＩＤとビーコン座標情報４４から拡大縮小変換により作業者２０の位置を補正するフローチャートである。作業者２０の位置を補正することで、作業者２０の位置が特定される。作業者仮位置６２は自律航法による位置推定部４６にて算出されたものを利用し、接近ビーコンＩＤは接近ビーコン判定部４７にて記録されたものを利用する。
図２４は、データベース４ａに格納されたビーコン座標情報４４の例を示す図である。ビーコン座標情報４４は、生産現場２４内における各ビーコン２１のＩＤ、Ｘ座標、Ｙ座標である。ビーコン座標情報４４は、予めデータベース４ａに格納されている。図２４では、１０個のビーコン２１が生産現場２４内に設置された場合の、それぞれのビーコン座標情報４４を例として示す。なお、座標軸は図１３における方位角の軸と一致させ、座標値の単位は任意であるが図２４での座標軸の単位は０．５ｍである。
位置補正部４８は、以下の処理を実施する。まず作業者２０がビーコン２１に接近していない区間を抽出する（図２３のステップＳ８１）。接近ビーコンＩＤから受け取るＩＤ配列ＩＤ［ｔ］を、時刻ｔの小さいほうから確認し、ＩＤ［ｔ１−１］≠０かつＩＤ［ｔ１］＝０となる時刻ｔ１を特定する。次に、ＩＤ［ｔ］を時刻ｔ１から開始して、ＩＤ［ｔ２］＝０かつＩＤ［ｔ２＋１］≠０となる時刻ｔ２を特定する。このとき、ｔ１≦ｔ≦ｔ２となる全ての時刻ｔにおいて、ＩＤ［ｔ］＝０であるため、この区間はどのビーコン２１にも活動記録装置１１が接近していない区間となる。この区間を、ビーコン２１に接近していない区間として抽出する。例えば図２２においては、ｔ１＝ｔ２＝２が接近していない区間となる。
次に仮位置差分とビーコン座標差分による拡大縮小変換行列を算出する（図２３のステップＳ８２）。まず、抽出した区間であるｔ１≦ｔ≦ｔ２における仮位置の差分ｄ１２を求める。すなわち、
となる。次にビーコン座標差分、つまりは当該区間の前後で接近していたビーコンの実座標の差分Ｒ１２を求める。ＩＤ［ｔ１−１］における接近ビーコンの座標を（Ｘ１、Ｙ１）、ＩＤ［ｔ２＋１］における接近ビーコンの座標を（Ｘ２、Ｙ２）とおくと、ビーコンの実座標の差分Ｒ１２は、
となる。このとき、仮位置から実座標への変換行列をＭ１２とすれば、ビーコンの実座標の差分Ｒ１２は、変換行列Ｍ１２と仮位置の差分ｄ１２の積であり、
となる。更にＭを拡大縮小変換とすれば、
となる。これを満たすｒ、θを求めれば変換行列をＭ１２が定まる。これが拡大縮小変換行列となる。
位置補正部４８は、最後に拡大縮小変換行列による仮位置の補正を実施する（図２３のステップＳ８３）。仮位置補正により、作業者の位置が特定される。切り出した区間であるｔ１≦ｔ≦ｔ２を満たすｔにおける補正後の特定位置は、Ｒ［ｔ］は、
で求められる。この仮位置補正をビーコン２１に接近していない、切り出した区間の全てに適用することで、作業者２０の位置座標を特定することができる。
図２５は、生産現場２４における仮位置補正の前後の作業者２０の位置座標の例を示す図である。四角で示された枠内が、作業者２０の生産現場２４である。この生産現場２４内に、図２４に示された１０個のビーコン２１が設置されている。例えば生産現場２４の中央付近に示した数字９は、ビーコンＩＤが９のビーコンが設置された位置を示すものである。図４では生産現場２４におけるビーコン２１の設置の例を模式的に示したが、図２５では実際の生産現場２４にビーコン２１を設置した例を示している。図２５に示された◆は、活動記録装置１１を携帯して移動する作業者２０の補正前の位置座標の軌跡を示す。●は、活動記録装置１１を携帯して移動する作業者２０の補正後の位置座標の軌跡を示す。補正前は、作業者２０の位置座標は生産現場２４の範囲を越えた、大きな誤差を含むものであった。補正により、作業者２０の位置座標は生産現場２４の範囲内に収まるものとなる。ビーコン２１の情報を利用して作業者２０の仮位置補正を行うことで、作業者２０の位置座標が補正され、補正された位置座標で作業者２０の位置が特定される。作業者２０の位置座標の精度は、事前の準備がビーコン座標情報のみであるため、小さい計算負荷で容易に向上する。
次いで、作業者２０の様態を特定する（図６のステップＳ３４：様態特定ステップ）。様態特定部１４には、作業特定部１２から特定された作業者２０の作業の情報と、位置特定部１３から作業者２０の特定された位置の情報が入力される。様態特定部１４は、特定された作業者２０の作業と作業者２０の特定された位置とから、関連性データに基づいて作業者２０の様態、つまりは作業者２０の生産現場２４での作業の状態を特定する。様態特定部１４は、関連性データ（図５参照）を参照し、特定された作業者２０の作業と特定された位置とから、作業者２０の取り得る様態を絞り込む。例えば図５の例において、作業＝ライン作業Ａ、位置＝組立ライン２と、作業と位置が特定されたのであれば、作業者２０のとる様態は「ライン２応援」であると絞り込まれ、作業者２０の様態が特定される。このように、実施の形態１における活動記録装置１１では、生産現場２４において作業者２０が取り得る様態は作業者の作業と位置のそれぞれの特定から類推可能であるという関連性に基づいて特定される。
次いで、作業者２０の活動時刻を特定する（図６のステップＳ３５）。この処理は、活動記録装置１１における記録部１５で実施される。記録部１５には、作業、位置、様態を組としたデータが入力され、当該データに活動時刻を付加する。これにより、各様態に係った時間を記録する。活動時刻の情報は、タイマー９から入力される。
最後に、記録部１５は作業、位置、様態、活動時刻を組とした作業者２０の活動の記録のデータを活動データとして記録し、活動記録を終了する（図６のステップ３６：記録ステップ）。記録されたデータは、通信モジュール８を用いて外部に送信され、生産性分析およびトレーサビリティ管理に利用される。また、活動記録装置１１のディスプレイ１０に活動データは表示される。
実施の形態１における活動記録装置１１は、自動入力部７ｂとして、加速度センサ７ｃ、方位角センサ７ｄ、ビーコン電波強度センサ７ｅを活動記録装置１１の内部に備えるものとしたがこれに限るものではない。これらのセンサの何れかもしくは全てを作業者２０が活動記録装置１１と別に備え、各センサからの出力が自動入力部７ｂに入力されるものであっても構わない。これらのセンサの出力の精度向上を鑑みて、作業者２０がセンサを携帯する位置を活動記録装置１１の外部に定めて構わない。また、生産現場２４内を歩行により移動する作業者２０について歩行速さを算出したがこれに限るものではなく、フォークリフトなど歩行ではない移動手段にて移動する作業者２０については移動速さを算出するものでも構わない。
以上のように、実施の形態１の活動記録装置１１では事前の準備がビーコン座標情報のみであるため、小さい計算負荷で作業者２０の位置を特定することができ、かつ特定された作業者２０の位置の精度を向上することができる。また、生産性分析において有用な、作業、位置、様態、活動時刻を組み合わせた活動データを、関連性データを用いることで、精度よく取得することができる。
実施の形態２．
実施の形態２における活動記録装置２５について説明する。図２６は実施の形態２に係る活動記録装置２５の機能構成図で、図２７は作業者２０の位置がパターン化された標準的な活動データ（以下、標準活動データとして称す）の例を示す図である。実施の形態１では記録された作業者２０の活動データと標準活動データとの比較は行わなかったが、実施の形態２では活動記録装置２５に比較検出部１６を設けて記録された活動データと標準活動データとの比較を行い、標準活動データとは異なる標準外の作業を検出するものである。なお、他の構成については、実施の形態１の記載と同様であるため同一の符号を付して説明を省略する。
図２７には、水すまし作業を行う作業者が周回するルートのパターンとして、時系列に位置をパターン化して表している。組立ライン１から組立ライン４まで、この順に現場を周回することを標準的な作業としているため、図２７が標準活動データとして予めデータベース４ａに格納されている。
図２８は、水すまし作業（以下、水すましＢとして称す）について、生産現場において記録された活動データの例を示す図である。記録部１５から比較検出部１６に図２８に示された活動データが入力される。比較検出部１６は、データベース４ａに格納されている標準活動データと入力された活動データとを比較する。図２８の時刻２０時２２分において、活動データにおける位置の履歴と標準活動データの位置のパターンとの比較から、水すましＢは組立ライン３を経由せずに組立ライン４へ周回していることがわかる。図２８の時刻２０時２２分において、組立ライン３を経由しないという標準活動データとは異なる標準外の作業が発生し、比較検出部１６は標準外の作業を検出する。
比較検出部１６から、通信モジュール８を用いて検出した標準外の作業が外部に送信され、生産性分析およびトレーサビリティ管理に利用される。また、検出した標準外の作業については作業者２０の活動記録装置２５のディスプレイ１０に表示され、標準外の作業を行った作業者２０に対して標準作業への復帰を促す。
以上のように、実施の形態２の活動記録装置２５では比較検出部１６を備えるようにしたため、記録された活動データと標準活動データとを比較することができる。比較により、標準活動データとは異なる標準外の作業を検出することができる。標準外の作業の検出により、生産現場では標準外の作業という異常事態に対して対応することが可能となる。
実施の形態３．
実施の形態３における活動記録装置２６について説明する。図２９は実施の形態３に係る活動記録装置２６の機能構成図で、図３０は同じ生産現場２４内で複数の作業者が活動する例を示す図である。実施の形態１では他の作業者（以下、作業者２７ａ、２７ｂとして称す）の活動データとの比較は行わなかったが、実施の形態３においては活動記録装置２６に異常検出部１７を設け、受信した作業者２７の活動データを統合して比較を行い、複数の作業者の位置集中の検出を行うものである。なお、他の構成については、実施の形態１の記載と同様であるため同一の符号を付して説明を省略する。
実施の形態３に係る活動記録装置２６は、通信モジュール８により、作業者２０が携帯する活動記録装置２６で記録された作業者２０の活動データを同じ生産現場２４内で活動する作業者２７ａ、２７ｂが携帯する他の活動記録装置２６ａ、２６ｂへ送信する。また作業者２７ａ、２７ｂが携帯する他の活動記録装置２６ａ、２６ｂが記録した作業者２７ａ、２７ｂの活動データを、活動記録装置２６は通信モジュール８により受信する。
通信モジュール８から作業者２７ａ、２７ｂの活動データが異常検出部１７に入力され、作業者２０の活動データと合わせて、異常検出部１７は複数の作業者の活動データを統合する。図３１は、統合された活動データの例を示す図である。図３１は、３人のフォークリフト作業者の同一時刻における位置情報について統合されたデータである。位置についての活動データが統合されることで、同一時刻に各作業者がどの位置にいるかを容易に比較できる。比較により、複数の作業者の位置集中を検出することができる。３人のフォークリフト作業者は、各人がそれぞれフォークリフトを稼働する。従って３台のフォークリフトＡ、Ｂ、Ｃが、生産現場２４内の資材、部品、製品などを運搬している。図３１の時刻２０時４５分以降において、フォークリフトＡおよびフォークリフトＢが組立ライン３および製品倉庫に集中しており、物量が多く逼迫していることがわかる。よって複数の作業者の位置が集中していることを異常検出部１７は異常として検出する。なお、あらかじめ定めた時間内に、複数の作業者が同一位置に集中していることを異常とする。
図３２は異常が検出された際の対応の例を示す図で、図３３は異常検出時のフローチャートである。異常が検出された際（図３３のステップＳ９１）、通信モジュール８を用いて、異常検出部１７から生産現場２４の管理者２８が使用する管理端末２９に検出した複数の作業者の位置集中の異常についての警告が送信される（図３３のステップＳ９２）。警告の送信により、生産現場２４における複数の作業者の位置集中への対応を管理者２８に促す。警告を受信した管理者２８は、他のフォークリフトを応援として呼ぶこと、または組立ライン３以外の物量バランスを考慮してフォークリフトの配置を指示するなどの対策を実施して位置集中を緩和させる（図３３のステップＳ９３）。位置集中が緩和するまで、各ステップは繰り返される。また、検出した複数の作業者の位置集中については活動記録装置２６、２６ａ、２６ｂのディスプレイ１０に表示され、位置集中している複数の作業者へ位置集中の緩和を促す。なお図３２において、管理者２８は生産現場２４内にいるものとしたがこれに限るものではなく、生産現場２４外にいても構わない。
以上のように、実施の形態３の活動記録装置２６では異常検出部１７を備えるようにしたため、複数の作業者の活動データを統合し比較することができる。比較により、複数の作業者の位置集中の異常を検出することができる。複数の作業者の位置集中の異常の検出により、生産現場では複数の作業者の位置集中という異常事態に対して対応でき、適切な人員配置に寄与することができる。
実施の形態４．
実施の形態４における活動記録装置３０について説明する。図３４は実施の形態４に係る活動記録装置３０の機能構成図で、図３５は複数の生産装置３３ａ、３３ｂ、３３ｃを含む生産現場２４内で複数の作業者２０、２７ａ、２７ｂが活動する例を示す図である。実施の形態１では異常が発生した生産装置の復旧は行わなかったが、実施の形態４においては活動記録装置３０に作業指示部３１を設け、作業指示部３１を通じて異常が発生した生産装置３３ｂの復旧指示を異常が発生した生産装置３３ｂに接近している作業者２０に対して行うものである。なお、他の構成については、実施の形態１の記載と同様であるため同一の符号を付して説明を省略する。
図３５に示すように、生産現場２４では作業者２０、２７ａ、２７ｂが作業をしており、活動記録装置３０、３０ａ、３０ｂを各作業者は所持している。作業者が異なるため活動記録装置にはそれぞれ異なる符号を付しているが、活動記録装置３０ａ、３０ｂも活動記録装置３０と同等の装置である。生産現場２４には生産装置３３ａ、３３ｂ、３３ｃが配置されており、ビーコン２１ａ、２１ｂ、２１ｃを各生産装置は備えている。生産現場２４内には、活動記録装置３０、３０ａ、３０ｂの外部に作業指示システム３２が設けられている。活動記録装置３０、３０ａ、３０ｂは、図１７で示した接近ビーコン判定により各作業者がどの生産装置に接近しているかを判定し、記録することができる。また、活動記録装置３０、３０ａ、３０ｂは判定した作業者の位置を含む活動データを、通信モジュール８を介して作業指示システム３２へ送信する。
一方、生産装置３３ａ、３３ｂ、３３ｃは異常が発生して生産が停止した際に、生産装置３３ａ、３３ｂ、３３ｃに発生した異常を示すフラグ等の異常ステータスを作業指示システム３２へ通信機等で送信する。異常が発生していない場合、生産装置３３ａ、３３ｂ、３３ｃは通常ステータスを作業指示システム３２へ送信している。なお、作業指示システム３２への送信は無線であっても有線であっても構わない。
異常が発生した生産装置３３ｂの復旧について説明する。図３６は異常が発生した生産装置３３ｂの復旧シナリオを示す図であり、列方向に示された生産装置３３ｂ、作業指示システム３２、活動記録装置３０、作業者２０がどのように動作するかを、行方向にフローとして示している。作業指示システム３２は、生産装置３３ａ、３３ｂ、３３ｃから通常ステータスもしくは異常ステータスを受信し、作業者２０、２７ａ、２７ｂから活動データを受信する。作業指示システム３２は、生産装置３３ｂの異常ステータスを受信した際に、異常が発生した生産装置３３ｂに接近している作業者２０を各作業者から送信された活動データを利用して特定する。次に作業指示システム３２は、活動データと異常ステータスとから異常が発生した生産装置３３ｂを復旧させる作業指示メッセージを作成し、特定した作業者２０が所持する活動記録装置３０に対して作業指示メッセージを送信する。図３４に示すように活動記録装置３０の作業指示部３１は通信モジュール８を介して作業指示メッセージを受信し、活動記録装置３０の表示画面であるディスプレイ１０に作業指示メッセージを表示させる。活動記録装置３０を所持する作業者２０は、ディスプレイ１０に表示された作業指示メッセージに応じて異常が発生した生産装置３３ｂまで移動して、生産装置３３ｂを復旧させる。異常が復旧した生産装置３３ｂは、通常ステータスを作業指示システム３２へ送信する。なお図３５において、作業指示システム３２は生産現場２４内に設置するものとしたがこれに限るものではなく、生産現場２４の外に設置しても構わない。
以上のように、実施の形態４の活動記録装置３０では作業指示部３１を備え、作業指示システム３２からの作業指示メッセージが通信モジュール８を介して受信できるようにしたため、生産装置３３ａ、３３ｂ、３３ｃに異常が発生した際に異常が発生した生産装置に最も接近している作業者に対して復旧指示を出すことができ、生産現場２４において異常が発生した生産装置の復旧を迅速に行うことができる。
本願は、様々な例示的な実施の形態及び実施例が記載されているが、１つ、または複数の実施の形態に記載された様々な特徴、態様、及び機能は特定の実施の形態の適用に限られるのではなく、単独で、または様々な組み合わせで実施の形態に適用可能である。
従って、例示されていない無数の変形例が、本願明細書に開示される技術の範囲内において想定される。例えば、少なくとも１つの構成要素を変形する場合、追加する場合または省略する場合、さらには、少なくとも１つの構成要素を抽出し、他の実施の形態の構成要素と組み合わせる場合が含まれるものとする。","Claims (
9
)
作業者の作業を特定する作業特定部と、
前記作業者の位置座標から前記作業者の位置を特定する位置特定部と、
前記位置特定部で特定された位置から前記作業者の作業の様態を特定する様態特定部と、
前記作業、前記位置、前記様態を活動時刻と関連付けて活動データとして記録する記録部と
、
送受信が可能な通信モジュールと、
を備えた活動記録装置であって、
前記位置特定部は、
前記作業者の移動速さと前記作業者の方向の履歴とから前記作業者の位置を推定する位置推定部と、
前記作業者が存在する予め定められた空間で使用される複数のビーコンが発信する電波のうち前記活動記録装置が受信する受信強度があらかじめ決められた強度に満たない期間を抽出し、この期間の前後のビーコンの座標位置の差分と前記位置推定部で推定された位置の差分とに応じて前記期間の前記作業者の位置を補正する位置補正部とを備え
、
前記通信モジュールは、記録した前記活動データを他の活動記録装置に送信し、かつ前記他の活動記録装置から送信された他の活動データを受信する
ことを特徴とする活動記録装置。
前記作業、前記位置および前記様態はデータベースに格納された関連性データのあらかじめ定められた項目から選択して特定されることを特徴とする請求項１に記載の活動記録装置。
前記作業のパターン化された標準的な活動である標準活動データがあらかじめデータベースに格納され、
前記標準活動データと記録した前記活動データとを比較し、標準活動データとは異なる標準外の作業を検出する比較検出部を備えたことを特徴とする請求項１または２に記載の活動記録装置。
前
記活動データと前記他の活動データとを比較し、複数の前記作業者の位置の集中を検出する異常検出部を備えたことを特徴とする請求項１または２に記載の活動記録装置。
作業者の作業を特定する作業特定部と、
前記作業者の位置座標から前記作業者の位置を特定する位置特定部と、
前記位置特定部で特定された位置から前記作業者の作業の様態を特定する様態特定部と、
前記作業、前記位置、前記様態を活動時刻と関連付けて活動データとして記録する記録部と
、
送受信が可能な通信モジュールと、
を備えた活動記録装置であって、
前記位置特定部は、
前記作業者の移動速さと前記作業者の方向の履歴とから前記作業者の位置を推定する位置推定部と、
前記作業者が存在する予め定められた空間で使用される複数のビーコンが発信する電波のうち前記活動記録装置が受信する受信強度があらかじめ決められた強度に満たない期間を抽出し、この期間の前後のビーコンの座標位置の差分と前記位置推定部で推定された位置の差分とに応じて前記期間の前記作業者の位置を補正する位置補正部とを備え
、
前記通信モジュールは、
前記活動データと前記作業者が存在する予め定められた空間に配置された生産装置に発生した異常を示す異常ステータスを受信し、前記活動データと前記異常ステータスとから作成した作業指示メッセージを送信する、当該活動記録装置の外部に設けられた作業指示システムに、
前記活動データを送信し、前記作業指示システムが送信した作業指示メッセージを受信し、
前記作業指示メッセージを前記活動記録装置の表示画面に表示させる作業指示部
を
備えたことを特徴とする活動記録装置。
作業者の作業を特定する作業特定ステップと、
前記作業者の位置座標から前記作業者の位置を特定する位置特定ステップと、
前記位置特定ステップで特定された位置から前記作業者の作業の様態を特定する様態特定ステップと、
前記作業、前記位置、前記様態を活動時刻と関連付けて活動データとして記録する記録ステップと
、
他の活動記録装置と送受信を行う通信ステップと、
を行わせる活動記録装置の活動記録プログラムであって、
前記位置特定ステップは、
前記作業者の移動速さと前記作業者の方向の履歴とから前記作業者の位置を推定する位置推定ステップと、
前記作業者が存在する予め定められた空間で使用される複数のビーコンが発信する電波のうち前記活動記録装置が受信する受信強度があらかじめ決められた強度に満たない期間を抽出し、この期間の前後のビーコンの座標位置の差分と前記位置推定ステップで推定された位置の差分とに応じて前記期間の前記作業者の位置を補正する位置補正ステップと、を備え
、
前記通信ステップは、
記録した前記活動データを前記他の活動記録装置に送信する送信ステップと、前記他の活動記録装置から送信された他の活動データを受信する受信ステップと、を備え
たことを特徴とする活動記録プログラム。
前記活動データと前記他の活動データとを比較し、複数の前記作業者の位置の集中を検出する異常検出ステップを備えたことを特徴とする請求項６に記載の活動記録プログラム。
作業者の作業を特定し、
前記作業者の位置座標から前記作業者の位置を特定し、
特定された位置から前記作業者の作業の様態を特定し、
前記作業、前記位置、前記様態を活動時刻と関連付けて活動データとして記録
し、
他の活動記録装置と送受信を行う
活動記録装置の活動記録方法であって、
前
記作業者の移動速さと前記作業者の方向の履歴とから前記作業者の位置を推定し、
前記作業者が存在する予め定められた空間で使用される複数のビーコンが発信する電波のうち前記活動記録装置が受信する受信強度があらかじめ決められた強度に満たない期間を抽出し、この期間の前後のビーコンの座標位置の差分と推定された前記位置の差分とに応じて前記期間の前記作業者の位置を補正
することにより前記作業者の位置を特定し、
記録した前記活動データを他の活動記録装置に送信し、かつ前記他の活動記録装置から送信された他の活動データを受信
することを特徴とする活動記録方法。
前記活動データと前記他の活動データとを比較し、複数の前記作業者の位置の集中を検出することを特徴とする請求項８に記載の活動記録方法。"
JP6765449B2,作業分析装置および作業分析方法,https://patents.google.com/patent/JP6765449B2/ja,この発明は、作業者に対して作業効率の良い作業内容であるとして設定された標準作業から逸脱するような作業（以下、標準外作業という）の有無を分析して適切な標準作業を行うように指導することができる作業分析装置および作業分析方法に関するものである。,"工場などの生産現場においては、標準作業の内容を規定し、作業の生産性維持、品質保証または作業者の労働衛生上などで、悪影響が出ないようにしている。この場合、標準外作業が発生していないかを確認するには、作業内容のチェックを行う分析者が作業者の動きを観察し、作業者の動作の軌跡または動作に要する時間をビデオ機材等を用いて測定することで、標準作業を行うように促す古典的ＩＥ手法が知られている（例えば、下記の非特許文献１参照）。
このような従来技術では、作業者の両手動作の分析を行う両手作業分析、または人間の動作を基本要素に分割しそれらの情報に基づいて微動作分析などの動作研究を行う手法が紹介されている。しかし、このような従来の動作分析方法においては、分析者が観測結果を分析整理しなければならず、分析者にとって多くの労力を要し、分析結果のフィードバックに時間が掛かるという問題がある。
そこで、近年では、下記の特許文献１や特許文献２のような、各種センサ類を用いたモーションキャプチャ技術を利用し、自動的に人物の作業動作を識別し、作業分析に利用しようとする技術が開示されている。","ここに、上記の特許文献１では、標準作業の内容を予め「動作辞書」なるデータベースとして登録しておくと共に、人間の動きをセンサによって検出し、当該検出値を上記の「動作辞書」と比較することで、当該検出値に対応する動作を特定するようにした技術が開示されている。
しかし、このように特定された動作が標準作業から外れているか否かの判断は、分析者自身が判断する必要があり、実作業が予め決められている標準作業から外れているか否かの良し悪しを自動的に判断することができない。このため、分析者に過大な負担を強いることになるとともに、客観的な判断を行えない。
また、特許文献２では、製品の製造に従事する作業者自身が分析対象となる姿勢を入力し、当該姿勢の良し悪しを各種センサを用いて客観的に評価するようにした技術が開示されている。
しかし、この引用文献２記載の構成のものは、作業者自身で意図的に評価対象となる標準作業の内容を選定しなければならず、一連の作業の中に標準外作業が含まれるような場合でもそのような動作が見過ごされてしまい、標準作業を実施していると誤って判断される可能性がある。
この発明は、上記の課題を解決するためになされたもので、作業内容のチェックを行う分析者に過大な負担を強いることなく、標準外作業の有無を自動的、客観的、かつ迅速に分析して、常に適切な標準作業を行うように指導することができる、作業分析装置および作業分析方法を提供することを目的とする。","この発明に係る作業分析装置は、作業者の関節部位の部位座標と作業者の存在位置座標とを検出する座標情報取得部と、
上記座標情報取得部で取得された上記部位座標と上記存在位置座標とに基づいて作業者の一連の作業に伴う作業動作の手順と移動経路、およびそれらに要する時間を作業内容情報として抽出する作業内容抽出部と、
上記作業内容抽出部で得られる上記作業内容情報に基づいて作業者が行う作業内容を分析して標準作業から逸脱する標準外作業の有無を判断する作業内容分析部と、
上記作業内容分析部で作業者の作業が上記標準外作業であると判定された場合には、作業者に対して標準作業に復帰するように促す指示を与えるフィードバック部と、
上記作業内容抽出部で抽出される前回の作業内容情報と今回の作業内容情報とを比較して作業効率の良い方の作業内容情報を、上記作業内容分析部で作業内容を分析する際の基準となるように学習する学習部と、
上記学習部で学習された上記作業内容情報を過去に遡って記録する学習内容記録部と、
上記作業内容分析部と共に上記学習部を同時に動作させるかどうかを選択する処理選択部とを備え、
上記学習部において、作業者が一連の動作手順に沿った作業を繰り返し実施した結果、上記標準作業として確立されたと判断できる場合には、
分析者の指示により、
上記処理選択部によって上記学習部の学習動作は停止され、上記学習内容記録部に登録された最適な作業内容情報が基準の標準作業情報として利用されるものである。
また、この発明に係る作業分析方法は、作業者の関節部位の部位座標と作業者の存在位置座標とを検出する座標情報取得ステップと、
上記座標情報取得ステップで取得された上記部位座標と上記存在位置座標とに基づいて作業者の一連の作業に伴う作業動作の手順と移動経路、およびそれらに要する時間を作業内容情報として抽出する作業内容抽出ステップと、
上記作業内容抽出ステップで得られる上記作業内容情報に基づいて作業者が行う作業内容を分析して標準作業から逸脱する標準外作業の有無を判断する作業内容分析ステップと、
上記作業内容分析ステップで作業者の作業が上記標準外作業であると判定された場合には、作業者に対して標準作業に復帰するように促す指示を与えるフィードバックステップと、
上記作業内容抽出ステップで抽出される前回の作業内容情報と今回の作業内容情報とを比較して作業効率の良い方の作業内容情報を、上記作業内容分析ステップで作業内容を分析する際の基準となるように学習する学習ステップと、
上記学習ステップで学習された上記作業内容情報を過去に遡って記録する学習内容記録ステップと、
上記作業内容分析ステップと共に上記学習ステップを同時に動作させるかどうかを選択する処理選択ステップを備え、
上記学習ステップにおいて、作業者が一連の動作手順に沿った作業を繰り返し実施した結果、上記標準作業として確立されたと判断できる場合には、
分析者の指示により、
上記処理選択ステップによって上記学習ステップの学習動作は停止され、上記学習内容記録ステップに登録された最適な作業内容情報が基準の標準作業情報として利用されるものである。",この発明によれば、作業者が行う作業内容についてチェックする分析者に過大な負担を強いることなく、標準外作業の有無を自動的、客観的、かつ迅速に分析して、常に適切な標準作業を行うように指導することができる。このため、作業の安全性確保、作業効率の向上、さらには製品の品質保証を図ることができる。,"ここに、上記の特許文献１では、標準作業の内容を予め「動作辞書」なるデータベースとして登録しておくと共に、人間の動きをセンサによって検出し、当該検出値を上記の「動作辞書」と比較することで、当該検出値に対応する動作を特定するようにした技術が開示されている。
しかし、このように特定された動作が標準作業から外れているか否かの判断は、分析者自身が判断する必要があり、実作業が予め決められている標準作業から外れているか否かの良し悪しを自動的に判断することができない。このため、分析者に過大な負担を強いることになるとともに、客観的な判断を行えない。
また、特許文献２では、製品の製造に従事する作業者自身が分析対象となる姿勢を入力し、当該姿勢の良し悪しを各種センサを用いて客観的に評価するようにした技術が開示されている。
しかし、この引用文献２記載の構成のものは、作業者自身で意図的に評価対象となる標準作業の内容を選定しなければならず、一連の作業の中に標準外作業が含まれるような場合でもそのような動作が見過ごされてしまい、標準作業を実施していると誤って判断される可能性がある。
この発明は、上記の課題を解決するためになされたもので、作業内容のチェックを行う分析者に過大な負担を強いることなく、標準外作業の有無を自動的、客観的、かつ迅速に分析して、常に適切な標準作業を行うように指導することができる、作業分析装置および作業分析方法を提供することを目的とする。
この発明に係る作業分析装置は、作業者の関節部位の部位座標と作業者の存在位置座標とを検出する座標情報取得部と、
上記座標情報取得部で取得された上記部位座標と上記存在位置座標とに基づいて作業者の一連の作業に伴う作業動作の手順と移動経路、およびそれらに要する時間を作業内容情報として抽出する作業内容抽出部と、
上記作業内容抽出部で得られる上記作業内容情報に基づいて作業者が行う作業内容を分析して標準作業から逸脱する標準外作業の有無を判断する作業内容分析部と、
上記作業内容分析部で作業者の作業が上記標準外作業であると判定された場合には、作業者に対して標準作業に復帰するように促す指示を与えるフィードバック部と、
上記作業内容抽出部で抽出される前回の作業内容情報と今回の作業内容情報とを比較して作業効率の良い方の作業内容情報を、上記作業内容分析部で作業内容を分析する際の基準となるように学習する学習部と、
上記学習部で学習された上記作業内容情報を過去に遡って記録する学習内容記録部と、
上記作業内容分析部と共に上記学習部を同時に動作させるかどうかを選択する処理選択部とを備え、
上記学習部において、作業者が一連の動作手順に沿った作業を繰り返し実施した結果、上記標準作業として確立されたと判断できる場合には、
分析者の指示により、
上記処理選択部によって上記学習部の学習動作は停止され、上記学習内容記録部に登録された最適な作業内容情報が基準の標準作業情報として利用されるものである。
また、この発明に係る作業分析方法は、作業者の関節部位の部位座標と作業者の存在位置座標とを検出する座標情報取得ステップと、
上記座標情報取得ステップで取得された上記部位座標と上記存在位置座標とに基づいて作業者の一連の作業に伴う作業動作の手順と移動経路、およびそれらに要する時間を作業内容情報として抽出する作業内容抽出ステップと、
上記作業内容抽出ステップで得られる上記作業内容情報に基づいて作業者が行う作業内容を分析して標準作業から逸脱する標準外作業の有無を判断する作業内容分析ステップと、
上記作業内容分析ステップで作業者の作業が上記標準外作業であると判定された場合には、作業者に対して標準作業に復帰するように促す指示を与えるフィードバックステップと、
上記作業内容抽出ステップで抽出される前回の作業内容情報と今回の作業内容情報とを比較して作業効率の良い方の作業内容情報を、上記作業内容分析ステップで作業内容を分析する際の基準となるように学習する学習ステップと、
上記学習ステップで学習された上記作業内容情報を過去に遡って記録する学習内容記録ステップと、
上記作業内容分析ステップと共に上記学習ステップを同時に動作させるかどうかを選択する処理選択ステップを備え、
上記学習ステップにおいて、作業者が一連の動作手順に沿った作業を繰り返し実施した結果、上記標準作業として確立されたと判断できる場合には、
分析者の指示により、
上記処理選択ステップによって上記学習ステップの学習動作は停止され、上記学習内容記録ステップに登録された最適な作業内容情報が基準の標準作業情報として利用されるものである。
この発明によれば、作業者が行う作業内容についてチェックする分析者に過大な負担を強いることなく、標準外作業の有無を自動的、客観的、かつ迅速に分析して、常に適切な標準作業を行うように指導することができる。このため、作業の安全性確保、作業効率の向上、さらには製品の品質保証を図ることができる。","実施の形態１．
図１はこの発明の実施の形態１における作業分析装置の全体を示す構成図である。
この実施の形態１における作業分析装置は、作業者Ｍの三次元空間（３Ｄｓｐａｃｅ）上の位置情報を取得するモーションキャプチャ１と、このモーションキャプチャ１で得られる位置情報に基づいて作業者Ｍの作業内容を分析する分析機器の例としてのパーソナルコンピュータ（以下、ＰＣと称する）２とを備え、モーションキャプチャ１とＰＣ２とはＵＳＢケーブル３を介して互いに接続されている。なお、モーションキャプチャ１には電源１Ａが接続されている。
図２は、分析機器としてのＰＣ２のハードウエアの構成例を示すブロック図である。ＰＣ２は、プロセッサ２００、記憶装置２０１、及び入出力部２０２を備えている。記憶装置２０１は図示していないが、ランダムアクセスメモリ等の揮発性記憶装置と、フラッシュメモリ等の不揮発性の補助記憶装置を備える。フラッシュメモリ等の代わりにハードディスクの補助記憶装置を備えてもよい。プロセッサ２００は、記憶装置２０１から入力されたプログラムを実行する。この場合、補助記憶装置から揮発性記憶装置を介してプロセッサ２００にプログラムが入力される。また、プロセッサ２００は、演算処理結果等のデータを記憶装置２０１の揮発性記憶装置に出力してもよいし、揮発性記憶装置を介して補助記憶装置にデータを保存してもよい。入出力部２０２には、モーションキャプチャ１からのデータが、ＵＳＢケーブル３を介して入力される。
この実施の形態１におけるモーションキャプチャ１としては、例えばマイクロソフト社のＫｉｎｅｃｔ（登録商標）を用いることで、作業者Ｍにセンサマーカ等を付けずに三次元空間（３Ｄｓｐａｃｅ）上の位置情報を取得することができる。図３はモーションキャプチャ１の設置位置を観測原点として、ｘ、ｙ、ｚの各方向を示した図であり、ｘを水平方向、ｙを鉛直方向、ｚを奥行方向の位置を意味している。
なお、モーションキャプチャ１としてはこのような構成のものに限らず、作業者Ｍにセンサマーカを付けて使用する構成、または赤外線カメラによって熱検知する構成など、さまざまな検出方法のモーションキャプチャ１を使用可能である。
図４は実施の形態１における作業分析装置の機能ブロック図である。
この作業分析装置は、作業者の関節部位の部位座標情報を取得する部位座標情報取得部５、作業者の存在位置座標情報を取得する存在位置座標情報取得部６、部位座標情報取得部５で取得された部位座標情報を記録する部位座標情報記録部７、存在位置座標情報取得部６で取得された存在位置座標情報を記録する存在位置座標情報記録部８、部位座標情報記録部７に記録されている部位座標情報に基づいて作業者の作業動作の一連の手順とそれに要する時間を動作手順情報として抽出する動作手順情報抽出部９、存在位置座標情報記録部８に記録されている存在位置座標情報に基づいて作業者の移動経路とそれに要する時間を移動情報として抽出する移動情報抽出部１０、動作手順情報抽出部９で抽出される作業者の動作手順情報と移動情報抽出部１０で抽出される移動情報とに基づいて無駄の無い最適な作業内容となるように学習を行う学習部１１、学習部１１で得られる作業内容の学習結果を記録する学習内容記録部１５、上記の動作手順情報抽出部９で抽出される動作手順情報、移動情報抽出部１０で抽出される移動情報、および学習内容記録部１５で記録されている情報に基づいて作業者が行う作業内容を分析して標準外作業の有無を判断する作業内容分析部１２、作業内容分析部１２と共に学習部１１を同時に動作させるかどうかを選択する処理選択部１３、および作業内容分析部１２で標準作業以外の作業が行われたと判断された場合に作業者に対して標準作業に復帰するように促す指示を与えるフィードバック部１４を備えている。
ここで、上記の部位座標情報取得部５と存在位置座標情報取得部６とがモーションキャプチャ１に対応する。また、上記の動作手順情報抽出部９、移動情報抽出部１０、学習部１１、作業内容分析部１２、処理選択部１３およびフィードバック部１４は、ＰＣ２の記憶装置２０１に所定のプログラムをインストールし、プロセッサ２００により当該プログラムを実行することにより動作する。さらに、部位座標情報記録部７、存在位置座標情報記録部８、および学習内容記録部１５は、ＰＣ２が備える記憶装置２０１に対応する。
なお、上記の部位座標情報取得部５および存在位置座標情報取得部６が、請求の範囲（請求項１）における座標情報取得部に対応し、また、上記の動作手順情報抽出部９および移動情報抽出部１０が、請求の範囲（請求項１）における作業内容抽出部にそれぞれ対応している。
このように、部位座標情報取得部５と存在位置座標情報取得部６とを市販のモーションキャプチャ１を適用して構成することで、柔軟な機器構成にすることが可能となる。また、それ以外の各部はＰＣ２を用いているが、これに限らずＰＣ２と同等の機能をもつタブレット端末やスマートホンを用いてもよく、パーソナルコンピュータに限定するものではない。
また、この実施の形態１では、部位座標情報取得部５と存在位置座標情報取得部６とが１台のモーションキャプチャ１により構成されているが、一般的に、部位座標情報は人の体の可動域であるので、５０ｃｍ以下の精度の記録が必要であるのに対し、存在位置座標情報は作業域(数メートル四方)であるので、１ｍ以上のスケールでの記録が必要となることがある。そのため、部位座標情報の取得には、体の形状を詳細記録できるモーションキャプチャ１を用い、存在位置座標情報の取得には、ＧＰＳ（Ｇｒｏｂａｌ  Ｐｏｓｉｔｉｏｎｉｎｇ  Ｓｙｓｔｅｍ）装置、ビーコン、カメラ、画像認識装置を用いるなど、装置を使い分けることも可能である。
また、作業者Ｍの移動範囲が広くて、モーションキャプチャ１の検出限界を超える場合には、作業者Ｍにビーコンを所持させ、存在位置座標の検出を継続することで、検出限界を超えるような外乱があった場合に、何を実施していたかを推定することができる。
次に、図４に示した作業分析装置の各部の具体的な処理動作について説明する。
モーションキャプチャ１で構成される部位座標情報取得部５は、作業者の人体各部の部位座標情報を取得する。図５は部位座標情報取得部５において取得対象となる作業者の関節部位を示すものであり、頭部（ＨＥＡＤ、以下Ｈと表記）から右足先（ＦＯＯＴ＿ＲＩＧＨＴ、以下ＦＲと表記）および左足先（ＦＯＯＴ＿ＬＥＦＴ、以下ＦＬと表記する）まで合計２０箇所の関節部位の座標情報が取得対象となっている。
図６は部位座標情報取得部５によって記録された作業者の部位座標情報の一例である。部位座標情報は、データを取得した日付・時刻と、関節部位の名称と、関節部位の座標（ｘ、ｙ、ｚ）の各情報が含まれている。そして、この部位座標情報は、部位座標情報記録部７に記録される。
また、存在位置座標情報取得部６は、作業者の存在位置座標情報を取得する。この場合、例えば人体の頭部Ｈの三次元空間上の位置を存在位置座標情報とする。この存在位置座標情報は、部位座標情報と同期した日付時刻情報と共に存在位置座標情報記録部８に記録される。
移動情報抽出部１０は、存在位置座標情報記録部８に記録されている存在位置座標情報に基づいて作業者の移動経路およびそれに要する時間を移動情報として抽出する。図７は、移動情報抽出部１０で抽出された作業者の移動情報の一例を示すものである。
また、動作手順情報抽出部９は、部位座標情報記録部７に記録されている部位座標情報に基づいて作業者の作業動作の一連の手順およびそれに要する時間を動作手順情報として抽出する。この動作手順情報抽出部９における処理内容について、図８に示すフローチャートを参照して説明する。なお、以下において符号Ｓは各処理ステップを意味する。
動作手順情報抽出部９に対しては、作業内容をチェックする分析者が、作業者の各種の動作（例えば、歩く、振り向く、屈む、昇り降りなどの各種動作）の内から、作業者が動作すると想定される動作（以下、評価対象動作という）を予め設定しておく（ステップＳ１１）。例えば、床面が平らな場所で作業するような場合には、歩く動作は評価対象動作となるが、階段の昇り降りなどの作業動作は評価対象動作から除外される。
そして、動作手順情報抽出部９は、部位座標情報記録部７に記録されている部位座標情報を取り込み（ステップＳ１２）、この部位座標情報に基づいて後述の作業動作を抽出するためのルールと照合して、作業者がどのような動作を行ったかを判定する（ステップＳ１３）。これをステップＳ１１で予め設定した全ての評価対象動作について実施し、全ての評価対象動作についての動作抽出が完了すれば（ステップＳ１４のＹＥＳ）、それらの評価対象動作の一連の手順を示す情報（評価対象動作の時系列情報）、およびこの一連の動作手順に要する時間情報を抽出し、それらの情報を動作手順情報として出力する（ステップＳ１５）。
次に、図８に示したルール照合ステップ（ステップＳ１３）において、部位座標情報に基づいて評価対象動作を抽出する場合の処理内容の詳細について説明する。
ここでは、各種の作業動作の内から、代表的な６つの動作を評価対象動作として挙げて説明するが、必ずしもこのような６つの動作に限定されるものではない。いずれの動作も、直前時刻の部位座標情報との間の変化量を用いて照合する。
（１）歩く
図９は、「歩く」動作の照合ルールの例を示している。
「歩く」動作であるか否かを照合するには、入力された部位座標情報から、肩中央部（Ｓｈｏｕｌｄｅｒ＿Ｃｅｎｔｅｒ、以下ＳＣと表記）の水平方向（ｘ−ｚ座標）の移動距離を用いる。移動前の肩中央部ＳＣのｘ座標をＳＣｘ、ｚ座標をＳＣｚとし、移動後の肩中央部ＳＣ’のｘ座標をＳＣ'ｘ、ｚ座標をＳＣ'ｚとすれば、肩中央部ＳＣの移動距離が作業者の歩幅０．５ｍより大きい場合に、「歩く」動作が行われたと見做すことができる。下記の式（１）において、左辺が肩中央部ＳＣの移動距離を意味し、右辺が作業者の歩幅（判断閾値）を意味している。
式（１）の例では、「歩く」動作の判断閾値としての歩幅を０．５ｍとしているが、この値は０．５ｍに限定しているわけではなく、作業内容をチェックする分析者の判断によって自由に設定することができる。
（２）振り向く
図１０は、「振り向く」動作の照合ルールの例を示している。「振り向く」動作であるか否かを照合するには、入力された部位座標情報から、左肩（Ｓｈｏｕｌｄｅｒ＿Ｌｅｆｔ、以下ＳＬと表記）のｘ座標であるＳＬｘおよびｚ座標であるＳＬｚ、あるいは右肩（Ｓｈｏｕｌｄｅｒ＿Ｒｉｇｈｔ、以下ＳＲと表記）のｘ座標であるＳＲｘおよびｚ座標であるＳＲｚと、観測原点ｘ０およびｚ０を結ぶ直線のなす角度θを計算する。θの角度差が９０°以上の場合に、「振り向く」動作が行われたと見做すことができる。
式（２）の例では、「振り向く」動作の移動前後の肩中央部と左肩とを結ぶベクトルの角度差が９０°（π/２）を判断閾値に設定しているが、この値は９０°（π/２）に限定しているわけではなく、作業内容をチェックする分析者の判断によって自由に設定することができる。
（３）昇り降り
図１１は、「昇り降り」動作の照合ルールの例を示している。
「昇り降り」動作であるか否かを照合するには、入力された部位座標情報から、左足先（以下ＦＬと表記）と右足先（以下ＦＲと表記）の両方の垂直方向の移動距離を用いる。移動前の左足先ＦＬの鉛直方向のｙ座標であるＦＬｙと、右足先ＦＲの鉛直方向のｙ座標であるＦＲｙと、のどちらか小さい方（低い位置にある方）の値をＦＬ/Ｒｙとし、移動後の左足先ＦＬの鉛直方向のｙ座標であるＦＬ'ｙと右足先ＦＲの鉛直方向ｙ座標であるＦＲ'ｙの小さい方（低い位置にある方）の値をＦＬ'/Ｒ'ｙとすれば、移動前後の両者の差（すなわち段差）が大きい時に、「昇り降り」動作が行われたと見做すことができる。下記の式（３）において、左辺が移動前後の右足先ＦＲと左足先ＦＬのいずれか低い位置にある方の位置の変化量、すなわち段差を意味し、右辺が昇り降りの判断閾値を意味している。
式（３）の例では、「昇り降り」動作の移動前後の段差が０．１ｍとしているが、この値は０．１ｍに限定しているわけではなく、作業内容をチェックする分析者の判断によって自由に設定することができる。
（４）しゃがむ
図１２は、「しゃがむ」動作の照合ルールの例を示している。
「しゃがむ」動作であるか否かを照合するには、入力された部位座標情報から、臀部（Ｈｉｐ＿Ｃｅｎｔｅｒ、以下ＨＣと表記）の鉛直方向のｙ座標であるＨＣｙと、「昇り降り」動作の判断時に使用した上記のＦＬ/Ｒｙとの近接度合いを用いる。「しゃがむ」動作では、臀部ＨＣが床面に近づき、結果的に左右足先との鉛直方向の距離差が縮まることから、臀部ＨＣとＦＬ/Ｒｙとの差が小さい時に、「しゃがむ」動作が行われたと見做すことができる。式（４）において、左辺が臀部ＨＣと左右足先との距離を意味し、右辺が「しゃがむ」動作の判断閾値を意味している。
式（４）の例では、「しゃがむ」動作の判断閾値を０．３ｍとしているが、この値は０．３ｍに限定しているわけではなく、作業内容をチェックする分析者の判断によって自由に設定することができる。
（５）背伸び
図１３は、「背伸び」動作の照合ルールの例を示している。
「背伸び」動作であるか否かを照合するには、入力された部位座標情報から、左足踵（Ａｎｋｌｅ＿Ｌｅｆｔ、以下ＡＬと表記）の鉛直方向のｙ座標であるＡＬｙと右足踵（Ａｎｋｌｅ＿Ｒｉｇｈｔ、以下ＡＲと表記）の鉛直方向のｙ座標であるＡＲｙのどちらか小さい方（低い位置にある方）の値をＡＬ/Ｒｙとし、左右足先のＦＬ/Ｒｙとの距離を用いる。背伸び姿勢では、踵が床面から離れ、結果的に左右足先と踵との鉛直方向の距離が広がることから、ＡＬ/ＲｙとＦＬ/Ｒｙとの差が大きい時に、「背伸び」動作が行われたと見做すことができる。下記の式（５）において、左辺が左右足先と左右踵との鉛直方向の距離差を意味し、右辺が背伸び姿勢の判断閾値を意味している。
式（５）の例では、「背伸び」動作の判断閾値を０．０５ｍとしているが、この値は０．０５ｍに限定しているわけではなく、作業内容をチェックする分析者の判断によって自由に設定することができる。
（６）屈む
図１４は、「屈む」動作の照合ルールの例を示している。
「屈む」動作であるか否かを照合するには、入力された部位座標情報から、頭部Ｈの鉛直方向のｙ座標であるＨｙと臀部ＨＣの鉛直方向のｙ座標であるＨＣｙの距離を用いる。屈む姿勢では、頭部Ｈが床面に近づき、結果的に臀部ＨＣとの鉛直方向の距離が近づくことから、ＨｙとＨＣｙとの差が小さい時に、「屈む」動作が行われたと見做すことができる。下記の式（６）において、左辺が頭部Ｈと臀部ＨＣの鉛直方向の距離差を意味し、右辺が屈む姿勢の判断閾値を意味している。
式（６）の例では、「屈む」動作の判断閾値を０．４ｍとしているが、この値は０．４ｍに限定しているわけではなく、作業内容をチェックする分析者の判断によって自由に設定することができる。
作業者の作業動作にムリまたはムダが無く、作業者が効率良く作業を進める上での最適な作業内容を標準作業として確立するには、作業者が試行錯誤的に一連の動作手順に沿って作業を繰り返し実施して、最適な作業内容となるように学習して行くのが好ましい。そして、一連の動作手順に沿った作業を実施した結果、それに要する時間が最も短く、かつ作業動作にムリやムダが無い場合には、その一連の最適な動作手順に沿った作業を標準作業として設定する。
そこで、この実施の形態１では、一連の動作手順に沿った作業内容にムリまたはムダが無く、かつその作業に要する時間が最も短い作業を標準作業として確立するための学習部１１を設けている。
標準作業として未だ確立されていない初期段階では、処理選択部１３によって作業内容分析部１２と共に学習部１１も動作するように選択される。この学習部１１による学習動作について、図１５に示すフローチャートを参照して説明する。
前述のように、作業者が一連の作業する際には、動作手順情報抽出部９によって動作手順情報（すなわち、作業者の各々の評価対象動作とこれらの各評価対象動作の一連の手順、およびこの一連の動作手順に要する時間情報）が抽出され、また、移動情報抽出部１０によって移動情報（すなわち、作業者の移動経路とそれに要する時間情報）が抽出されているので、学習部１１は、これらの動作手順情報および移動情報（以下、両者を合わせて作業内容情報という）を取り込む（ステップＳ２１、ステップＳ２２）。
次に、学習部１１は、これらの作業内容情報（動作手順情報および移動情報）に基づいて、今回（ｎ回目）の作業内容と前回（ｎ−１回目）の作業内容とを比較し（ステップＳ２３）、今回の作業内容が前回に比較してムリまたはムダが無く、かつ作業に要する時間が短い場合には、今回の作業内容が最適な作業であるとして採用する（ステップＳ２４）。そして、ステップＳ２４の最適な作業内容情報を作業内容分析部１２で作業内容を分析する際の基準として学習内容記録部１５に記録する（ステップＳ２６）。これに対して、前回の作業内容が今回に比較してムリまたはムダが無く、かつ作業に要する時間が短い場合には、前回の作業内容が最適な作業であるとして採用する（ステップＳ２５）。そして、ステップＳ２５の最適な作業内容情報を作業内容分析部１２で作業内容を分析する際の基準として学習内容記録部１５に記録する（ステップＳ２６）。これにより、例えば生産ラインの変更、作業現場の改善等により、作業内容が変更された場合でも常に最適な動作手順に従う作業を基準とした評価を行える。
なお、上記の学習部１１において、作業者が試行錯誤的に一連の動作手順に沿った作業を繰り返し実施した結果、標準作業として確立されたと判断できるような場合には、分析者の指示により、処理選択部１３によって学習部１１の学習動作は停止され、学習内容記録部１５に登録された最適な作業内容情報（動作手順情報および移動情報）が基準の標準作業情報として、次に述べる作業内容分析部１２が作業者の作業内容を判断する際の比較対象として利用される。
作業内容分析部１２において、作業者が行う作業内容を分析して標準外作業の有無、すなわち標準作業と一致しているか否かを判断する場合の処理動作について、図１６に示すフローチャートを参照して説明する。
作業内容分析部１２は、まず、動作手順情報抽出部９によって得られた作業者に関する動作手順情報（すなわち、作業者の各評価対象動作の一連の手順、およびこの一連の動作手順に要する時間情報）と、移動情報抽出部１０によって得られた作業者の移動情報（作業者の移動経路とそれに要する時間情報）とを作業内容情報として取り込む（ステップＳ３１、ステップＳ３２）。
次に、作業内容分析部１２は、作業者の作業に伴って得られた現在の作業内容と学習内容記録部１５に記録されている最適な作業内容とを比較し（ステップＳ３３）、両者の作業内容が一致しているかどうかを判定する（ステップＳ３４）。ステップＳ３４において現在の作業内容と最適な作業内容が一致しておれば、さらに、一連の作業（動作手順や移動）に要する時間が一致しているかどうかを判定する（ステップＳ３５）。一連の作業に要する時間が一致しておれば、標準作業であると判定する（ステップＳ３６）。
一方、ステップＳ３４で、作業者の作業に伴って得られた現在の作業内容と学習内容記録部１５に記録されている最適な作業内容とが一致しない場合には、標準作業と不一致、すなわち標準外作業であると判定する（ステップＳ３７）。また、ステップＳ３５において一連の作業（動作手順や移動）に要する時間が不一致であれば、作業ペースに乱れがあると判定する（ステップＳ３８）。それらの判定結果は、フィードバック部１４へ送出される。
フィードバック部１４は、作業内容分析部１２による判定結果に応じて、作業者に対して標準作業順守のための指示を出す。すなわち、図１７に示すように、標準作業と一致していると判定した場合には、作業者には何ら指示は出さない。ペース乱れと判定した場合には、標準作業のペースへの復帰を促す指示を出す。また、標準作業と不一致（標準外作業）と判定した場合には、作業停止の警告を発生させる。
次に、フィードバック部１４による作業者に対するフィードバック処理の具体例について説明する。
図１８は、フィードバック部１４からの指示により作業者Ｍに対して標準作業への復帰を促すフィードバック装置の一例であり、音響を利用したものを示している。
作業現場に作業者Ｍに対して指向性を持たせたスピーカ１６を設置し、このスピーカ１６を音階発生装置１７を介してフィードバック部１４に接続している。そして、標準作業が正常に実施されている場合には、スピーカ１６からメトロノームのように標準作業の１サイクルに同期させた一定周期の音階音を発生させ、作業者Ｍに作業ペースを意識させるようにする。
そして、標準作業と一致している場合には、作業者Ｍへの特別なフィードバックはないが、ペース乱れと判定された場合には、フィードバック部１４からの指示により、図１９に示すように、音階スピードを変化させて標準作業のペースへの復帰を促す。すなわち、ペース遅れの場合では徐々に音階スピードを速くし、ペース進みの場合には徐々に音階スピードを遅くすることで、作業者Ｍにインパクトを与えずに自然に標準作業ペースへの復帰を促す。また、標準作業と不一致（標準外作業）と判定した場合には、作業停止の警告を発生させる。
図２０は、フィードバック部１４からの指示により作業者Ｍに対して標準作業への復帰を促すフィードバック装置の他の一例であり、振動発生器と警報器を備えたウェアラブル端末１８を利用したものを示している。
作業者Ｍの作業に伴う移動範囲が広い場合には、指向性のスピーカなどの設備を一箇所に固定して設置することが困難となる。そのため、作業者Ｍにウェアラブル端末１８を装着させ、フィードバック部１４から作業指示発生装置１９を介して無線通信ＲＣでウェアラブル端末１８に指示が送られる。そして、標準作業が正常に実施されている場合には、ウェアラブル端末１８の振動発生器により標準作業の１サイクルに同期させた振動を発生させ、作業者Ｍに作業ペースを意識させる。
そして、標準作業と一致している場合には、作業者Ｍへの特別なフィードバックはないが、ペース乱れと判定された場合には、フィードバック部１４からの指示により、ウェアラブル端末１８が備える振動発生器の振動スピードを変化させて標準作業のペースへの復帰を促す。すなわち、ペース遅れの場合では徐々に振動スピードを速くし、ペース進みの場合には徐々に振動スピードを遅くすることで、作業者Ｍにインパクトを与えずに自然に標準作業ペースへの復帰を促す。また、標準作業と不一致（標準外作業）と判定した場合には、ウェアラブル端末１８が備える警報器を作動させて作業停止の警告音を発生させるようにする。
実施の形態２．
本実施の形態２では、上記の実施の形態１の構成に加えて、
図４
に示した接続部５１、５２を、図２１に示す接続部５１Ａ、５２Ａのように、ネットワークの接続として置き換えるようにする。そして、学習部１１および学習内容記録部１５をクラウド上に配置することにより、遠隔地の作業分析を行うことが可能となる。その他の構成は実施の形態１の場合と同様である。
このような構成とすることで、学習部１１および学習内容記録部１５を作業情報に関するビッグデータとして保管する。これにより、新設する工場や生産ラインにおいても学習済みの標準作業を即時に適用することが可能となる。
上記の実施の形態１、２について、次のような変形例や応用例を考えることができる。
例えば、上記の実施の形態１、２では、部位座標情報取得部５および存在位置座標情報取得部６を１台のモーションキャプチャ１により構成しているが、これに限らず、例えば図２２に示すように、複数の作業者Ｍ１およびＭ２に対応して複数のモーションキャプチャ１ａおよび１ｂを設置し、それらにより部位座標情報取得部５と存在位置座標情報取得部６を構成することも可能である。この場合、複数のモーションキャプチャ１ａおよび１ｂをＬＡＮ２０を介して１台のＰＣ２に接続している。なお、モーションキャプチャ１ａおよび１ｂには電源１ａＡおよび１ｂＡが接続されている。このように、複数のモーションキャプチャ１ａおよび１ｂを用いることで、離れた場所で作業している作業者Ｍ１およびＭ２についても、その作業分析を効率的に行うことができる。
なお、モーションキャプチャ１ａおよび１ｂの数は、このような２台に限らず、３台以上設けることも可能である。
さらに、この実施の形態１、２では、主として工場において製品の製造に従事する作業者が行う作業が標準作業から逸脱しているか否かを分析対象とする場合について説明したが、この発明は、このような分野に限らず、非製造業におけるルーチン作業などを分析対象として、その作業内容が作業者の作業環境改善や労働衛生上、適切か否かを判断する場合でも有効に適用可能である。
さらに、この発明は、上記の実施の形態１、２の構成のみに限定されるものではなく、この発明の趣旨を逸脱しない範囲内において、実施の形態１、２の構成の一部を変更したり、その構成を省略することができる。","Claims (
6
)
作業者の関節部位の部位座標と作業者の存在位置座標とを検出する座標情報取得部と、
上記座標情報取得部で取得された上記部位座標と上記存在位置座標とに基づいて作業者の一連の作業に伴う作業動作の手順と移動経路、およびそれらに要する時間を作業内容情報として抽出する作業内容抽出部と、
上記作業内容抽出部で得られる上記作業内容情報に基づいて作業者が行う作業内容を分析して標準作業から逸脱する標準外作業の有無を判断する作業内容分析部と、
上記作業内容分析部で作業者の作業が上記標準外作業であると判定された場合には、作業者に対して標準作業に復帰するように促す指示を与えるフィードバック部と、
上記作業内容抽出部で抽出される前回の作業内容情報と今回の作業内容情報とを比較して作業効率の良い方の作業内容情報を、上記作業内容分析部で作業内容を分析する際の基準となるように学習する学習部と、
上記学習部で学習された上記作業内容情報を過去に遡って記録する学習内容記録部と、
上記作業内容分析部と共に上記学習部を同時に動作させるかどうかを選択する処理選択部とを備え、
上記学習部において、作業者が一連の動作手順に沿った作業を繰り返し実施した結果、上記標準作業として確立されたと判断できる場合には、
分析者の指示により、
上記処理選択部によって上記学習部の学習動作は停止され、上記学習内容記録部に登録された最適な作業内容情報が基準の標準作業情報として利用される作業分析装置。
上記学習部および上記学習内容記録部はネットワークに接続されて、上記学習部および上記学習内容記録部がクラウド上に配置されている請求項１に記載の作業分析装置。
上記座標情報取得部は、作業者の関節部位の部位座標を検出する部位座標情報取得部と、作業者の存在位置座標を検出する存在位置座標情報取得部とからなる請求項１又は請求項２に記載の作業分析装置。
上記作業内容抽出部は、上記部位座標情報取得部で検出された作業者の上記部位座標を動作手順情報に変換する動作手順情報抽出部と、上記存在位置座標情報取得部で検出された上記存在位置座標の情報を作業者の移動情報に変換する移動情報抽出部とからなる請求項３に記載の作業分析装置。
作業者の関節部位の部位座標と作業者の存在位置座標とを検出する座標情報取得ステップと、
上記座標情報取得ステップで取得された上記部位座標と上記存在位置座標とに基づいて作業者の一連の作業に伴う作業動作の手順と移動経路、およびそれらに要する時間を作業内容情報として抽出する作業内容抽出ステップと、
上記作業内容抽出ステップで得られる上記作業内容情報に基づいて作業者が行う作業内容を分析して標準作業から逸脱する標準外作業の有無を判断する作業内容分析ステップと、
上記作業内容分析ステップで作業者の作業が上記標準外作業であると判定された場合には、作業者に対して標準作業に復帰するように促す指示を与えるフィードバックステップと、
上記作業内容抽出ステップで抽出される前回の作業内容情報と今回の作業内容情報とを比較して作業効率の良い方の作業内容情報を、上記作業内容分析ステップで作業内容を分析する際の基準となるように学習する学習ステップと、
上記学習ステップで学習された上記作業内容情報を過去に遡って記録する学習内容記録ステップと、
上記作業内容分析ステップと共に上記学習ステップを同時に動作させるかどうかを選択する処理選択ステップを備え、
上記学習ステップにおいて、作業者が一連の動作手順に沿った作業を繰り返し実施した結果、上記標準作業として確立されたと判断できる場合には、
分析者の指示により、
上記処理選択ステップによって上記学習ステップの学習動作は停止され、上記学習内容記録ステップに登録された最適な作業内容情報が基準の標準作業情報として利用される作業分析方法。
上記作業者にビーコンを所持させ、上記座標情報取得ステップにおいて上記ビーコンからの情報に基づいて作業者の存在位置座標の検出を継続するようにしている請求項５に記載の作業分析方法。"
JP7195185B2,路面性状計測装置、路面性状計測システム、路面性状計測方法、および路面性状計測プログラム,https://patents.google.com/patent/JP7195185B2/ja,本発明は、路面性状計測データに位置情報を対応付けて管理する路面性状計測装置、路面性状計測システム、路面性状計測方法、および路面性状計測プログラムに関する。,"路面の健全度を診断するためのシステムを路面性状計測システムという。路面性状計測システムでは、路面が映った路面画像が用いられ、路面のひび割れ、わだち掘れ、および平たん性が計測される。通常、路面性状計測システムは、計測を開始した地点からの移動距離と対応付けて路面性状計測データを保存する。このため、路面性状計測データと計測場所との紐づけを行う際、計測開始地点と計測ルートを別途データ管理しておく必要がある。
特許文献１には、位置情報を取得する位置情報計測ユニットと、路面性状を計測する路面性状計測ユニットとを搭載した計測車両が開示されている。","特許文献１では、路面性状計測データの管理および解析のために、計測車両で取得された路面性状計測データと位置情報を有効活用することができない。
本発明に係る路面性状計測システムは、路面性状計測データの管理および解析を容易にすることを目的とする。","本発明の路面性状計測装置は、
路面を走行する計測車両に搭載されたラインカメラであって前記路面を撮像するラインカメラにより撮像されたライン画像を用いて、前記路面の画像を路面画像として成形する画像成形部と、
前記路面画像を複数の単位画像に分割する領域規定部と、
前記路面画像に基づいて、前記複数の単位画像の各単位画像における路面性状を検出し、単位画像と、前記単位画像の路面性状を表す路面性状データと、前記単位画像を撮像した時刻と前記単位画像に撮像された路面の位置と前記単位画像を撮像した計測車両の姿勢とを含む位置姿勢情報とを対応付けた単位路面性状情報を生成する路面性状検出部と
を備えた。",本発明に係る路面性状計測装置によれば、路面性状計測データを高精度な位置姿勢情報と対応付けて管理できるので、路面性状計測データの管理および解析を容易にすることができる。,"特許文献１では、路面性状計測データの管理および解析のために、計測車両で取得された路面性状計測データと位置情報を有効活用することができない。
本発明に係る路面性状計測システムは、路面性状計測データの管理および解析を容易にすることを目的とする。
本発明の路面性状計測装置は、
路面を走行する計測車両に搭載されたラインカメラであって前記路面を撮像するラインカメラにより撮像されたライン画像を用いて、前記路面の画像を路面画像として成形する画像成形部と、
前記路面画像を複数の単位画像に分割する領域規定部と、
前記路面画像に基づいて、前記複数の単位画像の各単位画像における路面性状を検出し、単位画像と、前記単位画像の路面性状を表す路面性状データと、前記単位画像を撮像した時刻と前記単位画像に撮像された路面の位置と前記単位画像を撮像した計測車両の姿勢とを含む位置姿勢情報とを対応付けた単位路面性状情報を生成する路面性状検出部と
を備えた。
本発明に係る路面性状計測装置によれば、路面性状計測データを高精度な位置姿勢情報と対応付けて管理できるので、路面性状計測データの管理および解析を容易にすることができる。","","Claims (
10
)
路面を走行する計測車両に搭載されたラインカメラであって、前記路面を撮像するラインカメラにより撮像されたライン画像を用いて、前記路面の画像を路面画像として成形する画像成形部と、
前記路面画像を複数の単位画像に分割する領域規定部と、
前記路面画像に基づいて、前記複数の単位画像の各単位画像における路面性状を検出し、単位画像と、前記単位画像の路面性状を表す路面性状データ
と、前
記単位画像に撮像された路面
におけるいずれか
の位置と前記単位画像を撮像した計測車両の姿勢とを含む位置姿勢情報と
が、前記単位画像を撮像した時刻で
対応付け
され
た単位路面性状情報を生成する路面性状検出部と
を備えた路面性状計測装置。
前記路面性状計測装置は、
入力インタフェースを介して地図情報における位置を表す地図位置データを取得し、前記地図位置データにより表される位置を含む路面の単位画像と路面性状データと位置姿勢情報とを路面表示情報として抽出し、前記路面表示情報に含まれる情報を前記地図情報に重畳して表示する地図重畳部を備えた請求項１に記載の路面性状計測装置。
前記地図重畳部は、
前記地図位置データにより表される位置を含む単位画像を前記地図情報に重畳して表示する請求項２に記載の路面性状計測装置。
前記地図重畳部は、
前記地図位置データにより表される位置を含む単位画像における路面性状データと位置姿勢情報とを前記地図情報に重畳して表示する請求項２または請求項３に記載の路面性状計測装置。
前記地図重畳部は、
前記地図位置データと前記単位路面性状情報とに基づいて、前記地図位置データにより表される位置を含む路面の路面性状データの分布を表す路面性状トレースを生成する請求項２から請求項４のいずれか１項に記載の路面性状計測装置。
前記路面性状検出部は、
前記路面性状として前記路面のひび割れを検出し、前記単位画像と、前記単位画像におけるひび割れの数と、前記単位画像の前記位置姿勢情報とを含む前記単位路面性状情報を生成する請求項１から請求項５のいずれか１項に記載の路面性状計測装置。
前記領域規定部は、
前記路面の白線を検出し、検出した白線に基づいて、前記路面画像を複数の単位画像に分割する請求項１から請求項６のいずれか１項に記載の路面性状計測装置。
路面を走行する計測車両であって、前記路面の路面性状を計測する路面性状計測ユニットと、前記計測車両の位置と姿勢を計測する位置姿勢計測ユニットとを備えた計測車両と、
前記路面性状計測ユニットにより計測された路面性状計測データと、前記位置姿勢計測ユニットにより計測された位置姿勢計測データとを用いて、前記路面性状を解析する路面性状計測装置と
を備え、
前記路面性状計測装置は、
前記路面性状計測ユニットに含まれるラインカメラにより撮像されたライン画像を用いて、前記路面の画像を路面画像として成形する画像成形部と、
前記路面画像を複数の単位画像に分割する領域規定部と、
前記路面画像に基づいて、前記複数の単位画像の各単位画像における路面性状を検出し、単位画像と、前記単位画像の路面性状を表す路面性状データと
、前
記単位画像に撮像された路面
におけるいずれか
の位置と前記単位画像を撮像した計測車両の姿勢とを含む位置姿勢情報と
が、前記単位画像を撮像した時刻で
対応付け
され
た単位路面性状情報を生成する路面性状検出部と
を備えた路面性状計測システム。
画像成形部が、路面を走行する計測車両に搭載されたラインカメラであって、前記路面を撮像するラインカメラにより撮像されたライン画像を用いて、前記路面の画像を路面画像として成形し、
領域規定部が、前記路面画像を複数の単位画像に分割し、
路面性状検出部が、前記路面画像に基づいて、前記複数の単位画像の各単位画像における路面性状を検出し、単位画像と、前記単位画像の路面性状を表す路面性状データと
、前
記単位画像に撮像された路面
におけるいずれか
の位置と前記単位画像を撮像した計測車両の姿勢とを含む位置姿勢情報と
が、前記単位画像を撮像した時刻で
対応付け
され
た単位路面性状情報を生成する路面性状計測方法。
路面を走行する計測車両に搭載されたラインカメラであって、前記路面を撮像するラインカメラにより撮像されたライン画像を用いて、前記路面の画像を路面画像として成形する画像成形処理と、
前記路面画像を複数の単位画像に分割する領域規定処理と、
前記路面画像に基づいて、前記複数の単位画像の各単位画像における路面性状を検出し、単位画像と、前記単位画像の路面性状を表す路面性状データと
、前
記単位画像に撮像された路面
におけるいずれか
の位置と前記単位画像を撮像した計測車両の姿勢とを含む位置姿勢情報と
が、前記単位画像を撮像した時刻で
対応付け
され
た単位路面性状情報を生成する路面性状検出処理と
をコンピュータである路面性状計測装置に実行させる路面性状計測プログラム。"
JP7250172B2,計測車両および遠隔管理システム,https://patents.google.com/patent/JP7250172B2/ja,本発明は、１台以上の計測車両のそれぞれによって行われる移動計測を遠隔管理するための技術に関するものである。,"モービルマッピングシステム（ＭＭＳ）による移動計測が知られている。
ＭＭＳによる移動計測では、各種の計測機器を備える計測システムが搭載された専用の車両（計測車両）が用意される。
ＭＭＳによる移動計測において、運転者と操作者とが二人一組で計測車両に乗車することが通例である。
しかし、計測コストを抑えるため、操作者を乗車させずに運転者だけで移動計測を行うことが望まれている。
運転者だけで移動計測が行われる場合、計測システムを運転中に操作することは交通安全のため禁止される。つまり、運転者は、計測車両を運転していないときにだけ計測システムを操作することができる。
特許文献１は、移動計測によって得られる点群画像をリアルタイムに表示するシステムを開示している。","特許文献１のシステムによって、計測車両の運転中に点群画像の表示を制御することが可能である。しかし、計測車両の運転中に計測システムを操作することはできない。
本発明は、操作者が計測車両に乗車しない場合であっても計測車両の運転中に計測システムを操作できるようにすることを目的とする。","本発明の計測車両は、移動計測のための計測システムが搭載される。
前記計測車両は、
計測環境を示す計測環境データを前記計測システムから取得し、取得した計測環境データを基地局へ送信するデータ通知部と、
前記移動計測に対する指示を示す移動計測指示データを前記基地局から受信する遠隔指示受付部と、
受信された移動計測指示データに示される指示にしたがって前記計測システムを制御する車載制御部と、を備える。",本発明によれば、計測システムを遠隔で操作することが可能となる。したがって、操作者が計測車両に乗車しない場合であっても計測車両の運転中に計測システムを操作することが可能である。,"特許文献１のシステムによって、計測車両の運転中に点群画像の表示を制御することが可能である。しかし、計測車両の運転中に計測システムを操作することはできない。
本発明は、操作者が計測車両に乗車しない場合であっても計測車両の運転中に計測システムを操作できるようにすることを目的とする。
本発明の計測車両は、移動計測のための計測システムが搭載される。
前記計測車両は、
計測環境を示す計測環境データを前記計測システムから取得し、取得した計測環境データを基地局へ送信するデータ通知部と、
前記移動計測に対する指示を示す移動計測指示データを前記基地局から受信する遠隔指示受付部と、
受信された移動計測指示データに示される指示にしたがって前記計測システムを制御する車載制御部と、を備える。
本発明によれば、計測システムを遠隔で操作することが可能となる。したがって、操作者が計測車両に乗車しない場合であっても計測車両の運転中に計測システムを操作することが可能である。","","Claims (
8
)
移動計測のための計測システムが搭載される計測車両であり、
前記移動計測の状態を示す移動計測状態データを管理する情報管理部と、
計測環境を示す計測環境データを前記計測システムから取得し、取得した計測環境データと前記移動計測状態データを
各種の状態情報を示す遠隔管理画面を表示するための
基地局へ送信するデータ通知部と、
前記計測車両の運転中に前記計測システムを操作するために
前記移動計測に対する指示を示す移動計測指示データを前記基地局から受信する遠隔指示受付部と、
受信された移動計測指示データに示される指示にしたがって前記計測システムを制御する車載制御部と、を備え、
前記計測環境データは、
前記計測車両の位置を示す車両位置データと、
前記計測システムに含まれる１つ以上の計測機器のそれぞれの状態を示すデータでありエラーに関する情報を含むデータである機器状態データと、
前記移動計測の一部である衛星測位の状況を示すデータであり前記衛星測位の可否を特定する情報を含むデータである測位状況データと、を含み、
前記移動計測状態データは、
前記衛星測位が実行中であるか否かを示す衛星測位状態データと、
前記移動計測の一部である周囲計測が実行中であるか否かを示す周囲計測状態データと、を含む
計測車両。
前記衛星測位状態データは、実行中の前記衛星測位を識別する測位識別子と、実行中の前記衛星測位の経過時間と、をさらに示し、
前記周囲計測状態データは、実行中の前記周囲計測を識別するシーン番号と、実行中の前記周囲計測の経過時間と、をさらに示す
請求項１に記載の計測車両。
前記計測システムは、前記衛星測位のための計測機器群である測位系機器群と、前記周囲計測のための計測機器群である計測系機器群と、を有し、
前記遠隔指示受付部は、前記衛星測位の開始のための指示を示す移動計測指示データである測位開始指示データと、前記衛星測位の終了のための指示を示す移動計測指示データである測位終了指示データと、前記周囲計測の開始のための指示を示す移動計測指示データである計測開始指示データと、前記周囲計測の終了のための指示を示す移動計測指示データである計測終了指示データとのそれぞれを受信し、
前記車載制御部は、前記測位開始指示データが受信された場合に前記衛星測位の開始のための命令を前記測位系機器群へ入力し、前記測位終了指示データが受信された場合に前記衛星測位の終了のための命令を前記測位系機器群へ入力し、前記計測開始指示データが受信された場合に前記周囲計測の開始のための計測開始命令を前記計測系機器群に入力し、前記計測終了指示データが受信された場合に前記周囲計測の終了のための計測終了命令を前記計測系機器群に入力する
請求項１
または請求項２
に記載の計測車両。
複数
の計測区間を含む計測経路を示す計測計画データを前記基地局から受信する計画受付部と、
前記計測計画データに示される
前記複数の
計測区間
のそれぞれ
の開始点を前記計測車両が通過するときに前記計測系機器群に前記計測開始命令を入力し、前記計測計画データに示される
前記複数の
計測区間
のそれぞれ
の終了点を前記計測車両が通過するときに前記計測系機器群に前記計測終了命令を入力する自動制御部と、
を備える請求項
３
に記載の計測車両。
前記衛星測位は、前記計画受付部の処理と前記自動制御部の処理を含む自動管理処理が開始される前に開始され、前記自動管理処理が終了した後に終了する
請求項
４
に記載の計測車両。
前記計測システムは、前記周囲計測のための計測機器群である計測系機器群を有し、
前記計測車両は、
複数
の計測区間を含む計測経路を示す計測計画データを前記基地局から受信する計画受付部と、
前記計測計画データに示される
前記複数の
計測区間
のそれぞれ
の開始点を前記計測車両が通過するときに前記計測系機器群に計測開始命令を入力し、前記計測計画データに示される
前記複数の
計測区間
のそれぞれ
の終了点を前記計測車両が通過するときに前記計測系機器群に計測終了命令を入力する自動制御部と、
を備える請求項１
または請求項２
に記載の計測車両。
前記衛星測位は、前記計画受付部の処理と前記自動制御部の処理を含む自動管理処理が開始される前に開始され、前記自動管理処理が終了した後に終了する
請求項
６
に記載の計測車両。
請求項１～７のいずれか１項に記載の計測車両と、基地局と、を備え、
前記基地局は、
前記計測車両から、計測環境を示す計測環境データを受信するデータ受付部と、
受信された計測環境データに基づいて、前記計測環境を示す遠隔管理画面を表示する管理画面表示部と、
前記遠隔管理画面に含まれるユーザインタフェースを介して、移動計測に対する指示を受け付けるユーザ指示受付部と、
受け付けられた指示を示す移動計測指示データを前記計測車両へ送信する遠隔指示部と、
を備える
遠隔管理システム。"
JP7308772B2,データ処理装置、データ処理方法及びデータ処理プログラム,https://patents.google.com/patent/JP7308772B2/ja,本開示は、三次元点群データを処理する技術に関する。,"近年、ＭＭＳ（Ｍｏｂｉｌｅ  Ｍａｐｐｉｎｇ  Ｓｙｓｔｅｍ）を用いた測量車両（以下、ＭＭＳ車両という）の活用が進んでいる。ＭＭＳはレーザスキャナー、ＧＮＳＳ（Ｇｌｏｂａｌ  Ｎａｖｉｇａｔｉｏｎ  Ｓａｔｅｌｌｉｔｅ  Ｓｙｓｔｅｍ）受信機、カメラ、ＩＭＵ（Ｉｎｅｒｔｉａｌ  Ｍｅａｓｕｒｅｍｅｎｔ  Ｕｎｉｔ）等のセンサを具備する。そして、ＭＭＳは、ＭＭＳ車両の走行ルート周辺の環境の三次元点群データを取得することができる。ＭＭＳにより取得された三次元点群データは、道路、トンネルなどのインフラストラクチャー設備の点検、高精度な地図の生成などに利用される。
ＭＭＳによって取得される三次元点群データの各点の座標値は、ＧＮＳＳやＩＭＵなどによって算出されたＭＭＳ車両の位置と、レーザスキャナーによって取得されたＭＭＳ車両の位置と周辺環境との相対距離によって導出される。しかし、電波の受信状況の影響等により、ＧＮＳＳによるＭＭＳ車両の位置の計算結果にはある程度の誤差が含まれる。このため、ＭＭＳ車両が同一の走行ルートを複数回走行し、複数の三次元点群データを取得した場合に、三次元点群データの各々が完全に一致するわけではない。つまり、三次元点群データ間で座標値にずれが生じる場合がある。このようなずれが生じると、インフラストラクチャー設備の点検及び高精度な地図の生成に支障をきたす。このため、三次元点群データ間の座標値のずれを補正する必要がある。従来は、人手作業により、三次元点群データ間の座標値のずれを補正していた。
特許文献１では、地図データと三次元点群データとに共通する地物の位置のずれ量に基づいて三次元点群データの座標値を補正する技術が開示されている。","特許文献１の技術は、地図データを用いて三次元点群データを補正する。しかし、特許文献１の技術は、三次元点群データを用いて三次元点群データを補正するものではない。このため、特許文献１の技術では、三次元点群データ間のずれを補正することができないという課題がある。
本開示は、三次元点群データ間のずれを補正することを主な目的とする。","本開示に係るデータ処理装置は、
第１の車両の走行軌跡である第１の車両走行軌跡と前記第１の車両の走行により生成された第１の三次元点群データとを含む第１の計測データと、第２の車両の走行軌跡である第２の車両走行軌跡と前記第２の車両の走行により生成された第２の三次元点群データとを含む第２の計測データとを取得するデータ取得部と、
前記第１の三次元点群データに含まれる特徴物である第１の特徴物と、前記第２の三次元点群データに含まれる、前記第１の特徴物に相当する特徴物である第２の特徴物とを特徴物ペアとして対応付け、前記第１の三次元点群データと前記第２の三次元点群データとから、特徴物ペアを生成する特徴物対応付け部と、
前記特徴物ペア同士の間のずれ量を算出するずれ量算出部と、
前記ずれ量と前記第２の計測データとに基づき、前記第２の車両走行軌跡を補正する走行軌跡補正部と、
補正後の前記第２の車両走行軌跡に基づき、前記第２の三次元点群データを補正する点群データ補正部とを有する。",本開示では、三次元点群データを用いて、三次元点群データを補正する。このため、本開示によれば、三次元点群データ間のずれを補正することができる。,"特許文献１の技術は、地図データを用いて三次元点群データを補正する。しかし、特許文献１の技術は、三次元点群データを用いて三次元点群データを補正するものではない。このため、特許文献１の技術では、三次元点群データ間のずれを補正することができないという課題がある。
本開示は、三次元点群データ間のずれを補正することを主な目的とする。
本開示に係るデータ処理装置は、
第１の車両の走行軌跡である第１の車両走行軌跡と前記第１の車両の走行により生成された第１の三次元点群データとを含む第１の計測データと、第２の車両の走行軌跡である第２の車両走行軌跡と前記第２の車両の走行により生成された第２の三次元点群データとを含む第２の計測データとを取得するデータ取得部と、
前記第１の三次元点群データに含まれる特徴物である第１の特徴物と、前記第２の三次元点群データに含まれる、前記第１の特徴物に相当する特徴物である第２の特徴物とを特徴物ペアとして対応付け、前記第１の三次元点群データと前記第２の三次元点群データとから、特徴物ペアを生成する特徴物対応付け部と、
前記特徴物ペア同士の間のずれ量を算出するずれ量算出部と、
前記ずれ量と前記第２の計測データとに基づき、前記第２の車両走行軌跡を補正する走行軌跡補正部と、
補正後の前記第２の車両走行軌跡に基づき、前記第２の三次元点群データを補正する点群データ補正部とを有する。
本開示では、三次元点群データを用いて、三次元点群データを補正する。このため、本開示によれば、三次元点群データ間のずれを補正することができる。","","Claims (
12
)
第１の走行ルートの走行時の
第１の車両の
時刻ごとの位置が時系列に連結されてなる
走行軌跡である第１の車両走行軌跡と前記第１の車両の
前記第１の走行ルートの走行時にセンサ計測
により生成され
、前記第１の走行ルートの周囲に存在する複数の地物が表され
た第１の三次元点群データとを含む第１の計測データと、
前記第１の走行ルートと同じ又は前記第１の走行ルートに近接する第２の走行ルートの走行時の
第２の車両の
時刻ごとの位置が時系列に連結されてなる
走行軌跡である第２の車両走行軌跡と前記第２の車両の
前記第２の走行ルートの走行時にセンサ計測
により生成され
、前記第２の走行ルートの周囲に存在する複数の地物が表され
た第２の三次元点群データとを含む第２の計測データとを取得するデータ取得部と、
前記第１の三次元点群データに表されるそれぞれの地物に対して、前記第２の三次元点群データから、座標値が近接する同一種類の地物を同一の地物として抽出し、
前記第１の三次元点群データから抽出した地物から得られる特徴物である第１の特徴物と、前記第２の三次元点群データから抽出した第１の特徴物と同一の地物から得られる特徴物である第２の特徴物とを特徴物ペアとして対応付け、
前記第１の三次元点群データと前記第２の三次元点群データとから、前記第１の走行ルートと前記第２の走行ルートの周囲に存在する複数の
特徴物ペアを生成する特徴物対応付け部と、
前記特
徴物ペア
ごとに、前記特徴物ペア
の間のずれ量を算出するずれ量算出部と、
前記
ずれ量算出部の算出した複数の
ずれ量と前記第２の計測データとに基づき、前記第２の車両走行軌跡を補正する走行軌跡補正部と、
補正後の前記第２の車両走行軌跡に基づき、前記第２の三次元点群データを補正する点群データ補正部と
を
備える
データ処理装置。
前記特徴物対応付け部は、
前記第２の三次元点群データ内のずれ量が少ないと想定される領域を優先して、前記第１の三次元点群データに表される地物と同一の地物を抽出する
請求項１
に記載のデータ処理装置。
前記特徴物対応付け部は、
前記第１の三次元点群データに表される地物に対して前記第２の三次元点群データから同一の地物を抽出した場合に、前記第１の三次元点群データに表される地物と前記第２の三次元点群データから抽出された同一の地物との間の位置関係または形状の類似性を用いて、前記第１の三次元点群データに表される他の地物に対して、前記第２の三次元点群データから同一の地物を抽出する
請求項２
に記載のデータ処理装置。
前記走行軌跡補正部は、
前記特徴物対応付け部により水平方向に連続する点群で表される地物について特徴物ペアが生成された場合に、当該特徴物ペアのずれ量に基づき、道路の横断方向での前記第２の車両走行軌跡を補正し、
前記特徴物対応付け部により垂直方向に連続する点群で表される地物について特徴物ペアが生成された場合に、当該特徴物ペアのずれ量に基づき、前記道路の進行方向での前記第２の車両走行軌跡を補正する
請求項１
に記載のデータ処理装置。
前記走行軌跡補正部は、
並進移動の３自由度と回転移動の３自由度からなる６自由度において前記第２の車両の走行軌跡を補正する請求項１に記載のデータ処理装置。
前記第１の三次元点群データが、再計測が不要な点群データである請求項１に記載のデータ処理装置。
前記地物は破線区画線であって、前記第１の特徴物及び前記第２の特徴物の各構成点は点列をなし、
前記特徴物対応付け部は、
前記破線区画線に対応する地物の前記第１の特徴物の各構成点から前記第２の特徴物の点列に対して垂線を引き、当該垂線との交点に該当する点を前記破線区画線に対応する地物の前記第２の特徴物の構成点として抽出して、前記第１の特徴物の構成点と抽出した前記第２の特徴物の構成点とを特徴点ペアとして対応付ける請求項１に記載のデータ処理装置。
データ処理装置は、更に
、
前記第１の三次元点群データ及び第２の三次元点群データにそれぞれ表される区画線、路肩縁、標識、道路標示、円柱状地物を含む種類の異なる地物を構成する点群を、前記特徴物対応付け部による前記特徴物ペアの生成に用いられる地物としてそれぞれ抽出する地物抽出部を備え、
前記特徴物対応付け部は、
着目している領域にある前記第２の三次元点群データから抽出した地物の種類を識別して、当該着目している領域において想定されるずれの最大量の範囲で、前記第１の三次元点群データから抽出した地物と同一種類でサイズまたは属性が同一の地物を検索し、
地物の種類が標識であれば当該サイズは標示面の幅、高さを含み、地物の種類が円柱状地物であれば当該サイズは円柱の直径、高さを含み、地物の種類が標識であれば当該属性は標識が速度制限標識であるか案内であるかの区別を含み、
地物の種類が区画線、路肩縁であれば、区画線、路肩縁の構成点が判明している場合は構成点を利用して対応付けを行い、区画線、路肩縁の構成点が判明していない場合は線としての位置合わせを実施する請求項１、請求項３及び請求項７のいずれか一項に記載のデータ処理装置。
前記特徴物対応付け部は、
着目している領域にある前記第２の三次元点群データから抽出した円柱状地物がポール状である場合、地物の形状をベクトル化した後の傾き、角度を含む形状を用いて地物を抽出する請求項８に記載のデータ処理装置。
前記地物抽出部は、
前記第１の走行ルート及び前記第２の走行ルートの各々の道路の横断方向に連続する点群を取得し、当該点群の反射強度に変化がある箇所を区画線の候補点とし、当該候補点が道路の進行方向に連続する場合に、区画線の点群として抽出し、
前記第１の走行ルート及び前記第２の走行ルートの各々の道路の横断方向に連続する点群を取得し、当該点群の高度情報に変化がある箇所を路肩縁の候補点とし、当該候補点が道路の進行方向に連続する場合に、路肩縁の点群として抽出し、
前記第１の車両走行軌跡及び前記第２の車両走行軌跡について、各走行軌跡よりも既定値以上高い位置に取得された点群について、距離の近い点同士をクラスタとしてグループ化し、当該クラスタを平面近似して標識の点群として抽出し、
前記第１の走行ルート及び前記第２の走行ルートの各々の道路の横断方向に連続する点群を取得し、当該点群の反射強度に変化がある箇所を道路標示の候補点とし、事前に抽出した区画線点列の付近で取得された候補点は道路標示の候補点からは除外し、道路標示の候補点のうち位置の近い点同士をクラスタとしてグループ化し、グループ化により得られた点群を道路標示の点群として抽出し、
点群を水平方向のメッシュに投影し、メッシュパターンと円柱状地物のテンプレートパターンとを比較し、メッシュパターンと円柱状地物のテンプレートパターンとの一致度が高い場合に、当該点群を円柱状地物の点群として抽出する請求項８に記載のデータ処理装置。
コンピュータが、
第１の走行ルートの走行時の
第１の車両の
時刻ごとの位置が時系列に連結されてなる
走行軌跡である第１の車両走行軌跡と前記第１の車両の
前記第１の走行ルートの走行時にセンサ計測
により生成され
、前記第１の走行ルートの周囲に存在する複数の地物が表され
た第１の三次元点群データとを含む第１の計測データ
を取得し
、
前記コンピュータが、前記第１の走行ルートと同じ又は前記第１の走行ルートに近接する第２の走行ルートの走行時の
第２の車両の
時刻ごとの位置が時系列に連結されてなる
走行軌跡である第２の車両走行軌跡と前記第２の車両の
前記第２の走行ルートの走行時にセンサ計測
により生成され
、前記第２の走行ルートの周囲に存在する複数の地物が表され
た第２の三次元点群データとを含む第２の計測デー
タを
取得し、
前記コンピュータが、
前記第１の三次元点群データに表されるそれぞれの地物に対して、前記第２の三次元点群データから、座標値が近接する同一種類の地物を同一の地物として抽出し、
前記コンピュータが、前記第１の三次元点群データから抽出した地物から得られる特徴物である第１の特徴物と、前記第２の三次元点群データから抽出した第１の特徴物と同一の地物から得られる特徴物である第２の特徴物とを特徴物ペアとして対応付け、
前記コンピュータが、前記第１の三次元点群データと前記第２の三次元点群データとから、前記第１の走行ルートと前記第２の走行ルートの周囲に存在する複数の
特徴物ペアを生成し、
前記コンピュータが、
前記特
徴物ペア
ごとに、前記特徴物ペア
の間のずれ量を算出し、
前記コンピュータが、
算出された複数の
ずれ量と前記第２の計測データとに基づき、前記第２の車両走行軌跡を補正し、
前記コンピュータが、補正後の前記第２の車両走行軌跡に基づき、前記第２の三次元点群データを補正する
データ処理方法。
第１の走行ルートの走行時の
第１の車両の
時刻ごとの位置が時系列に連結されてなる
走行軌跡である第１の車両走行軌跡と前記第１の車両の
前記第１の走行ルートの走行時にセンサ計測
により生成され
、前記第１の走行ルートの周囲に存在する複数の地物が表され
た第１の三次元点群データとを含む第１の計測データと、
前記第１の走行ルートと同じ又は前記第１の走行ルートに近接する第２の走行ルートの走行時の
第２の車両の
時刻ごとの位置が時系列に連結されてなる
走行軌跡である第２の車両走行軌跡と前記第２の車両の
前記第２の走行ルートの走行時にセンサ計測
により生成され
、前記第２の走行ルートの周囲に存在する複数の地物が表され
た第２の三次元点群データとを含む第２の計測データとを取得するデータ取得処理と、
前記第１の三次元点群データに表されるそれぞれの地物に対して、前記第２の三次元点群データから、座標値が近接する同一種類の地物を同一の地物として抽出し、
前記第１の三次元点群データから抽出した地物から得られる特徴物である第１の特徴物と、前記第２の三次元点群データから抽出した第１の特徴物と同一の地物から得られる特徴物である第２の特徴物とを特徴物ペアとして対応付け、
前記第１の三次元点群データと前記第２の三次元点群データとから、前記第１の走行ルートと前記第２の走行ルートの周囲に存在する複数の
特徴物ペアを生成する特徴物対応付け処理と、
前記特
徴物ペア
ごとに、前記特徴物ペア
の間のずれ量を算出するずれ量算出処理と、
前記
ずれ量算出処理により算出された複数の
ずれ量と前記第２の計測データとに基づき、前記第２の車両走行軌跡を補正する走行軌跡補正処理と、
補正後の前記第２の車両走行軌跡に基づき、前記第２の三次元点群データを補正する点群データ補正処理と
をコンピュータに実行させるデータ処理プログラム。"
JP6463570B1,誘電加熱装置および誘電加熱電極,https://patents.google.com/patent/JP6463570B1/ja,この発明は、加熱対象を電極で挟み加熱する誘電加熱装置および誘電加熱電極に関するものである。,"誘電加熱装置では、２つ以上の電極を用いて、加熱対象を挟み、信号源を用いて電極にその電極間に電圧を印加することで加熱対象を加熱する方式が用いられている。
例えば、特許文献１には、対向する電極の間に加熱対象を配置して加熱する装置であって、少なくとも一方の電極が、断熱性材と該断熱性材の外表面に形成された導電性膜とを有し加熱対象に当接する変形可能電極を備える高周波誘電加熱装置が記載されている。当該高周波誘電加熱装置は、均一に、且つ短時間に加熱対象を可能とすると共に、加熱対象物の内部と表面の局所的な温度上昇の抑制を可能としている。","近年、香料や電子タバコ、加熱タバコのエアロゾル発生など、加熱対象を加熱することでエアロゾルを発生させる機器が広まってきている。当該機器は、加熱対象が小さいため、装置も小型となり、また、バッテリを用いた構成となっている。そのため、従来、加熱対象が大きい場合には問題とならなかった、加熱対象から電極と配線を通じて電圧を発生する回路および接地面への熱移動による加熱効率が低下するという課題が生じていた。
上述した特許文献１に記載された高周波誘電加熱装置においても、加熱対象が小さい場合に、上述した加熱効率の低下、および構成回路およびバッテリが高温状態となるという課題が生じる。
この発明は、上記のような課題を解決するためになされたもので、小型な誘電加熱装置において、加熱対象に対する加熱効率の低下を抑制し、誘電加熱装置の構成が高温状態となるのを回避することを目的とする。","この発明に係る発明の誘電加熱装置は
、２
以上の電極と、
２以上の電極のうちの一方の
電極に接続される接地面と、
２以上の電極のうちの他方
の電極に接続され、高周波信号を出力する信号源と、信号源と
他方の
電極との間に直列に配置され、
互いに接触せずに電気的に結合することで信号源と他方の電極とを非接触で電気的に接続する２つの端子を含み、当該
２つの端子間の電気的結
合に
より信号源から出力された高周波信号を通過させる第１の素子と、接地面と
一方の
電極との間に直列に配置され、
互いに接触せずに電気的に結合することで接地面と一方の電極とを非接触で電気的に接続する２つの端子を含み、当該
２つの端子
間
の電気的結合により信号源から出力された高周波信号を接地面に出力する第２の素子とを備える。",この発明によれば、小型な誘電加熱装置において、加熱対象から電極等通じて構成回路および接地面に熱が移動するのを抑制し、加熱効率が低下するのを抑制することができる。また、構成回路および接地面に熱が移動するのが抑制されるため、構成回路および信号源が高温状態となるのを回避することができる。,"近年、香料や電子タバコ、加熱タバコのエアロゾル発生など、加熱対象を加熱することでエアロゾルを発生させる機器が広まってきている。当該機器は、加熱対象が小さいため、装置も小型となり、また、バッテリを用いた構成となっている。そのため、従来、加熱対象が大きい場合には問題とならなかった、加熱対象から電極と配線を通じて電圧を発生する回路および接地面への熱移動による加熱効率が低下するという課題が生じていた。
上述した特許文献１に記載された高周波誘電加熱装置においても、加熱対象が小さい場合に、上述した加熱効率の低下、および構成回路およびバッテリが高温状態となるという課題が生じる。
この発明は、上記のような課題を解決するためになされたもので、小型な誘電加熱装置において、加熱対象に対する加熱効率の低下を抑制し、誘電加熱装置の構成が高温状態となるのを回避することを目的とする。
この発明に係る発明の誘電加熱装置は
、２
以上の電極と、
２以上の電極のうちの一方の
電極に接続される接地面と、
２以上の電極のうちの他方
の電極に接続され、高周波信号を出力する信号源と、信号源と
他方の
電極との間に直列に配置され、
互いに接触せずに電気的に結合することで信号源と他方の電極とを非接触で電気的に接続する２つの端子を含み、当該
２つの端子間の電気的結
合に
より信号源から出力された高周波信号を通過させる第１の素子と、接地面と
一方の
電極との間に直列に配置され、
互いに接触せずに電気的に結合することで接地面と一方の電極とを非接触で電気的に接続する２つの端子を含み、当該
２つの端子
間
の電気的結合により信号源から出力された高周波信号を接地面に出力する第２の素子とを備える。
この発明によれば、小型な誘電加熱装置において、加熱対象から電極等通じて構成回路および接地面に熱が移動するのを抑制し、加熱効率が低下するのを抑制することができる。また、構成回路および接地面に熱が移動するのが抑制されるため、構成回路および信号源が高温状態となるのを回避することができる。","以下、この発明をより詳細に説明するために、この発明を実施するための形態について、添付の図面に従って説明する。
実施の形態１．
図１は、実施の形態１に係る発明の誘電加熱装置１００の構成図である。
誘電加熱装置１００は、誘電加熱電極１、信号源２、接地面３からなり、それぞれ不平衡線路路で接続された不平衡回路とする。
誘電加熱電極１は、電極１０と、高周波信号のみを通過させ、熱移動を阻止する高周波通過断熱素子１１からなる。ここで高周波通過断熱素子１１は、２つの端子ｉと端子ｉｉの２つの端子を有している。端子ｉおよび端子ｉｉは、金属的に連続的な構造を持たず、端子ｉと端子ｉｉのそれぞれの導体同士が非接触な構造である。また、端子ｉと端子ｉｉの金属間に熱抵抗の高い断熱材を有することで熱移動を抑制する。一方、端子ｉと端子ｉｉは、金属による電気的な結合によって、高周波信号のみを通過させる。なお、２つの端子が金属的に連続でないため、直流成分は通過させないという特徴を有し、具体的なデバイスとしてはコンデンサ、トランスまたはカプラ等が挙げられる。
ここでは簡単のため、端子ｉと端子ｉｉとの電気的な結合の結合度は十分に強く、端子ｉから入力された信号は減衰することなく全て端子ｉｉから出力され、端子ｉｉから入力された信号も減衰することなく端子ｉから出力されるものとする。また、端子ｉと端子ｉｉとの間の熱抵抗は非常に高く、端子ｉから入力した熱は端子ｉｉまで移動しない、端子ｉｉから入力した熱は端子ｉまで移動しないものとする。
さらに、この実施の形態の説明では誘電加熱装置１００が小型の装置であると想定し、当該誘電加熱装置１００の中の最も面積の広く、また、電極１０ａ，１０ｂに対して十分広い面積の金属を接地面３とする。そのため、電極１０ａ，１０ｂおよび加熱対象Ｘの熱容量に対して、接地面３の熱容量の相対値は大きいものとする。一方、誘電加熱装置１００全体が小型であるため、接地面３の熱容量の絶対値は小さいものとする。接地面３は、適宜設定可能である．
図１を参照し、誘電加熱装置１００の具体的な構成例について説明する。
図１で示した誘電加熱装置１００は、２つの誘電加熱電極１ａ，１ｂ、信号源２および接地面３からなる。誘電加熱電極１ａは、電極１０ａと、高周波通過断熱素子（第１の素子）１１ａの端子ｉが金属の配線によって接続され、信号源２の一方と高周波通過断熱素子１１ａの端子ｉｉが金属の配線によって接続される。誘電加熱電極１ｂは、電極１０ｂと、高周波通過断熱素子（第２の素子）１１ｂの端子ｉが金属の配線によって接続され、高周波通過断熱素子１１ｂの端子ｉｉが接地面３と金属配線に接続される。信号源２の他方は、接地面３に接続される。
信号源２をＯＮすると、信号源２から高周波信号が出力される。出力された高周波信号は、高周波通過断熱素子１１ａの端子ｉｉに入力される。高周波通過断熱素子１１ａは、端子ｉｉから入力された高周波信号を、端子ｉから減衰することなく出力する。端子ｉから出力された高周波信号は電極１０ａに伝達される。高周波通過断熱素子１１ｂは、電極１０ａおよび電極１０ｂを介して、端子ｉから入力された高周波信号を、端子ｉｉから出力する。
一方、電極１０ａによって印加された電圧は加熱対象Ｘを加熱し、加熱された加熱対象Ｘの温度が上昇する。加熱対象Ｘの温度が上昇すると加熱対象Ｘで発生した熱が電極１０ａ，１０ｂに移動し、当該電極１０ａ，１０ｂが加熱される。電極１０ａ，１０ｂの熱は金属配線を通じ、高周波通過断熱素子１１ａ，１１ｂの端子ｉを加熱する。高周波通過断熱素子１１ａ，１１ｂは、端子ｉと端子ｉｉは電気的のみに結合しているため、端子ｉと端子ｉｉとの間の熱移動を抑圧し、端子ｉｉ側へ熱が移動しない。そのため、電極１０ａ，１０ｂおよび高周波通過断熱素子１１ａ，１１ｂが、加熱対象Ｘと同一温度になるまで加熱された時点で、加熱対象Ｘからの熱移動がなくなる。これにより、誘電加熱装置１００は、効率よく加熱対象Ｘを加熱することができる。
仮に、誘電加熱装置１００に高周波通過断熱素子１１ａを設けない場合、加熱対象Ｘから電極１０ａに移動した熱は、信号源２を通じて、接地面３へ移動する。また、高周波通過断熱素子１１ｂを設けない場合、加熱対象Ｘから電極１０ｂに移動した熱は、直接、接地面３に移動する。接地面３は、加熱対象Ｘまたは誘電加熱装置１００の中の最も面積の広い金属であるため、加熱対象Ｘの熱容量に対して、接地面３の熱容量が大きいため、熱移動によって、加熱対象Ｘの熱が電極１０ａまたは電極１０ｂを介して接地面３へ移動することにより加熱効率が劣化する。特に、電極１０ａ，１０ｂおよび加熱対象Ｘが小型であればあるほど、より熱移動の影響が大きくなり、誘電加熱装置１００の加熱効率が劣化する。また、接地面３は誘電加熱装置１００内では最も広い金属であるものの、絶対値としての熱容量は大きくない。そのため、加熱対象Ｘの温度が１００℃以上の高温になる場合では、熱移動によって接地面３自身の温度も上昇する。接地面３の熱が信号源２に移動することで、誘電加熱装置１００全体の温度が上昇し、誘電加熱装置１００の寿命が劣化する。
これに対して、実施の形態１に係る誘電加熱装置１００は、電極１０ａと信号源２に直列に高周波信号のみを通過させ、熱移動を阻止する高周波通過断熱素子１１ａを配置し、電極１０ｂと接地面３に直列に高周波通過断熱素子１１ｂを配置している。これにより、高周波の伝達を遮ることなく、信号源２および接地面３双方への熱移動を抑圧することができ、誘電加熱装置の加熱対象Ｘに対する加熱効率を高めることが可能となる。特に高周波通過断熱素子１１ａは、電極１０ａを介した信号源２への直接の熱移動を抑圧することで、信号源２の温度上昇を防ぐと共に、信号源２を介して接地面３への熱移動を防止する。また、高周波通過断熱素子１１ｂは電極１０ｂを介した接地面３への熱移動を抑圧することで、接地面３への熱移動を防止する。これにより、構成回路である信号源２の動作温度を低く保てるため、高温による劣化が抑制され誘電加熱装置１００の長寿命化が可能となる。
なお、図１では２つの誘電加熱電極１ａ，１ｂを設ける場合を例に示したが、誘電加熱電極の配置数は２以上であれば適宜設定可能である。
さらに、図２および図３を参照しながら、誘電加熱装置１００のその他の構成例について説明する。
図２および図３は、実施の形態１に係る発明の誘電加熱装置のその他の構成例を示す図である。
図２で示した誘電加熱装置１００Ａの高周波通過断熱素子１１ａ，１１ｂは、２つの金属間に熱抵抗が高く誘電率の高い誘電体を含む構成とし、断熱性能を向上させ、端子ｉと端子ｉｉの結合を強化し、高周波数通過減衰特性を向上させている。
図２で示した高周波通過断熱素子１１ａ，１１ｂは、素子電極３０ａおよび素子電極３０ｂと、誘電体３２ａで構成する容量、またはカプラとし、素子電極３１ａおよび素子電極３１ｂと、誘電体３２ｂで構成する容量、またはカプラとしたものである。高周波通過断熱素子１１ａ，１１ｂは、端子ｉと素子電極３０ａ，３１ｂとが接続され、端子ｉｉと素子電極３１ａ，３０ｂとが接続される。素子電極３０ａ，３０ｂと素子電極３１ａ，３１ｂとで、誘電体３２ａ，３２ｂを挟む構造としている。
図３で示した誘電加熱装置１００Ｂの高周波通過断熱素子１１ａ，１１ｂは、素子電極３０ａ，素子電極３０ｂおよび素子電極３１ａ，３１ｂを複数の突出部を有するくし型の電極構造とした場合を示している。くし型の電極構造は、素子電極３０ａの突出部と素子電極３１ａの突出部とが交互に嵌め合わされるように、素子電極３０ｂの突出部と素子電極３１ｂの突出部とが交互に嵌め合わされるように配置して構成する。高周波通過断熱素子１１ａ，１１ｂは、図３で示したくし型の電極構造とすることにより、電極面積を増やすことができる。これにより、素子電極３０ａと素子電極３１ａ、および素子電極３０ｂと素子電極３１ｂの電気的、または磁気的な結合が増えるため小型な高周波通過断熱素子１１を実現することが可能となる。
図２および図３では、高周波通過断熱素子１１ａ，１１ｂがそれぞれ２つの素子電極３１ａ，３１ｂを備える構成を示したが、電極数は２以上であれば適宜設定可能である。
以上のように、実施の形態１によれば、２以上の電極１０ａ，１０ｂと、任意の電極１０ｂに接続される接地面３と、接地面３に接続された電極以外の電極１０ａに接続され、高周波信号を出力する信号源２と、信号源２と信号源２に接続された電極１０ａとの間に直列に配置され、素子内において金属で接続されていない２つの端子間の電気的結合または磁気的結合により信号源２から出力された高周波信号を通過させる高周波通過断熱素子１１ａと、接地面３と接地面３に接続された電極２との間に直列に配置され、２つの端子ｉ，ｉｉの電気的結合により信号源２から出力された高周波信号を接地面３に出力する高周波通過断熱素子１１ｂとを備えるように構成したので、加熱対象から電極等通じて構成回路および接地面に熱が移動するのを抑制し、加熱効率が低下するのを抑制することができる。また、構成回路および接地面に熱が移動するのが抑制されるため、構成回路および信号源が高温状態となるのを回避することができ、高温による構成回路および信号源の劣化を抑制し、長寿命化を実現することができる。
実施の形態２．
図４は、実施の形態２に係る発明の誘電加熱装置１００Ｃの構成図である。
実施の形態２の誘電加熱装置１００Ｃは、実施の形態１で示した誘電加熱装置１００の信号源２をバッテリ２０、信号発生器２１および増幅器２２で構成している。
なお、以下では、実施の形態１に係る発明の誘電加熱装置１００の構成要素と同一または相当する部分には、実施の形態１で使用した符号と同一の符号を付して説明を省略または簡略化する。
バッテリ２０は、プラス端子とマイナス端子を有し、プラス端子とマイナス端子間で一定の電圧を出力する。バッテリ２０で構成することにより、誘電加熱装置１００Ｃが小型化され、携帯可能となる。信号発生器２１は、高周波信号を発生させる。増幅器２２は信号発生器２１が発生させた高周波信号を所望の電力まで増幅させる。信号源２および増幅器２２は不平衡線路で接続されており、増幅器２２は高出力が可能な不平衡回路を想定している。
信号発生器２１および増幅器２２は、プラス端子がバッテリ２０のプラス端子と接続され、マイナス端子がバッテリ２０のマイナス端子および接地面３に接続される。増幅器２２の出力は、高周波通過断熱素子１１ａの端子ｉｉに接続される。
図５は、実施の形態１に係る誘電加熱装置のその他の構成例を示す図である。
図５で示した誘電加熱装置１００Ｄは、図４で示した実施の形態２に係る発明の誘電加熱装置１００Ｃの信号源２をバッテリ２０、信号発生器２１および増幅器２２で構成した場合を示している。
また、図示していないが、図３で示した実施の形態１に係る発明の誘電加熱装置１００Ｂの信号源２をバッテリ２０、信号発生器２１および増幅器２２で構成してもよい。
図４および図５で示した構成により、誘電加熱装置１００Ｃを携帯することが可能な大きさまで小型化することができる。また、実施の形態１で述べたように接地面３は誘電加熱装置１００内では最も広い金属であるものの、絶対値としての熱容量は大きくない。そのため、加熱対象Ｘの温度が１００℃以上の高温になる場合では、熱移動によって接地面３自身の温度も上昇する。当該接地面３の熱が信号源２に移動することで、誘電加熱装置１００全体の温度が上昇するため、バッテリ２０の寿命が劣化するまたはバッテリ２０が変形する可能性がある。本実施の形態では、加熱対象Ｘから電極１０a、増幅器２２、または信号源２に接続された＋端子、または−端子を介したバッテリ２０への熱移動、または、電極１０ｂを介して接地面３を介したバッテリ２０への熱移動を抑制することができる。これにより、バッテリ２０の動作温度の上昇を抑制し、バッテリ２０が高温により劣化するのを抑制し、バッテリ２０の長寿命化を可能とする。
以上のように、実施の形態２によれば、信号源２を、一定の電圧を出力するバッテリ２０と、バッテリ２０が出力した電圧に基づいて高周波信号を発生させる信号発生器２１と、信号発生器２１が発生させた高周波信号を増幅させる増幅器２２で構成した場合に、構成回路であるバッテリ、信号発生器および増幅器へ熱が移動するのを抑制することができる。これにより、バッテリ、信号発生器および増幅器の動作温度を低く保つことができ、バッテリ、信号発生器および増幅器が高温による性能の劣化、または構成回路およびバッテリが変形することを防止し、長寿命化を実現することができる。
実施の形態３．
図６は、実施の形態３に係る発明の誘電加熱装置１００Ｄの構成図である。
実施の形態３の誘電加熱装置１００Ｄは、高周波通過断熱素子１１ａおよび高周波通過断熱素子１１ｂが加熱対象Ｘを加熱する電極を兼ねる構造を有している。
なお、以下では、実施の形態１に係る発明の誘電加熱装置１００Ａの構成要素と同一または相当する部分には、実施の形態１で使用した符号と同一の符号を付して説明を省略または簡略化する。
電極１０ａおよび電極１０ｂは、加熱対象Ｘを加熱する電極である。電極１０ａおよび電極１０ｂは、一部または全部を、高周波通過断熱素子１１ｃおよび高周波通過断熱素子１１ｄの電極と兼ねる構造を有している。図６は、電極１０ａおよび電極１０ｂの一部を高周波通過断熱素子１１ａおよび高周波通過断熱素子１１ｂの電極と兼ねる場合を示している。
図６では、電極１０ａの一部に誘電体３２ａ（図２で示した素子電極３０ａを形成した面）を接触させて、素子電極３０ａが電極１０ａを兼ねる構成としている。また、当該接触させた面と対抗する面に素子電極３１ａを設けることにより、高周波通過断熱素子１１ｃを形成している。
同様に、電極１０ｂの一部に誘電体３２ｂ（図２で示した素子電極３１ｂを形成した面）を接触させて、素子電極３１ｂが電極１０ｂを兼ねる構成としている。また、当該接触させた面と対抗する面に素子電極３０ｂを設けることにより、高周波通過断熱素子１１ｄを形成している。
素子電極３１ａは、配線によって信号源２と接続される。素子電極３０ｂは、配線によって接地面３と接続される。
図６で示した構成により、高周波通過断熱素子１１ｃと電極１０ａとの間の配線、および高周波通過断熱素子１１ｄと電極１０ｂとの間の配線が不要となり、加熱対象Ｘに触れる金属面の面積が抑制される。これにより、金属面から周辺環境４への熱移動５を抑制することができる。周辺環境４は、例えば周囲の構造物および空気である。熱移動５は、図６において電極１０ａから周辺環境４に延びる矢印、および電極１０ｂから周辺環境４に延びる矢印で示している。
図示していないが、図３で示した実施の形態１に係る発明の誘電加熱装置１００Ｂの電極１０ａおよび電極１０ｂの一部または全部を、高周波通過断熱素子１１ａおよび高周波通過断熱素子１１ａの電極と兼ねる構造としてもよい。
以上のように、この実施の形態３によれば、高周波通過断熱素子１１ｃは、２以上の素子電極から構成され、少なくとも一方の素子電極が、電極１０ａを兼ね、第２の素子は、２以上の素子電極から構成され、少なくとも一方の素子電極が、電極１０ｂを兼ねるように構成したので、高周波通過断熱素子１１ｃと電極１０ａとの間の配線、および高周波通過断熱素子１１ｄと電極１０ｂとの間の配線を削除することが可能となり、加熱対象に接触する金属の面積を狭く抑制することができる。また、金属面から周辺環境に移動する熱を低減することができ、誘電加熱装置の小型化を実現することができる。
実施の形態４．
図７は、実施の形態４に係る誘電加熱装置１００Ｆの構成図である。
実施の形態４の誘電加熱装置１００Ｆは、実施の形態３で示した誘電加熱装置１００Ｅの信号源２をバッテリ２０、信号発生器２１および増幅器２２で構成している。
なお、以下では、実施の形態２に係る発明の誘電加熱装置１００Ｃの構成要素と同一または相当する部分には、実施の形態２で使用した符号と同一の符号を付して説明を省略または簡略化する。同様に、実施の形態３に係る発明の誘電加熱装置１００Ｄの構成要素と同一または相当する部分には、実施の形態３で使用した符号と同一の符号を付して説明を省略または簡略化する。
図示していないが、図３で示した実施の形態１に係る発明の誘電加熱装置１００Ｂの電極１０ａおよび電極１０ｂの一部または全部を、高周波通過断熱素子１１ａおよび高周波通過断熱素子１１ａの電極と兼ねる構造とし、信号源２をバッテリ２０、信号発生器２１および増幅器２２で構成してもよい。
図７で示した構成により、高周波通過断熱素子１１ｃと電極１０ａとの間の配線、および高周波通過断熱素子１１ｄと電極１０ｂとの間の配線が不要となり、加熱対象Ｘに触れる金属面の面積が抑制される。これにより、金属面から周辺環境４への熱移動５を抑制することができる。
また、図７で示した構成により、誘電加熱装置１００Ｆを小型化することができる。また、加熱対象Ｘからバッテリ２０への熱移動を抑制することができ、バッテリ２０の動作温度の上昇を抑制し、バッテリ２０が高温により劣化するのを抑制し、バッテリ２０の長寿命化を可能とする。
以上のように、この実施の形態４によれば、信号源２を、一定の電圧を出力するバッテリ２０と、バッテリ２０が出力した電圧に基づいて高周波信号を発生させる信号発生器２１と、信号発生器２１が発生させた高周波信号を増幅させる増幅器２２で構成した場合に、構成回路であるバッテリ、信号発生器および増幅器へ熱が移動するのを抑制することができる。これにより、バッテリ、信号発生器および増幅器の動作温度を低く保つことができ、バッテリ、信号発生器および増幅器が高温により劣化するのを抑制し、長寿命化を実現することができる。
また、この実施の形態４によれば、高周波通過断熱素子１１ｃは、２以上の素子電極から構成され、少なくとも一方の素子電極が、他方の電極１０ａを兼ね、第２の素子は、２以上の素子電極から構成され、少なくとも一方の素子電極が、一方の電極１０ｂを兼ねるように構成したので、高周波通過断熱素子１１ｃと電極１０ａとの間の配線、および高周波通過断熱素子１１ｄと電極１０ｂとの間の配線を削除することが可能となり、加熱対象に接触する金属の面積を狭く抑制することができる。また、金属面から周辺環境に移動する熱を低減することができ、誘電加熱装置の小型化を実現することができる。
上述した実施の形態１から実施の形態４に係る発明の誘電加熱装置１００，１００Ａ，１００Ｂ，１００Ｃ，１００Ｄ，１００Ｅ，１００Ｆは、誘電加熱電極が３つ以上であっても構成可能である。
図８および図９は、実施の形態１から実施の形態４に係る発明の誘電加熱装置のその他の構成図である。
図８では、図１で示した実施の形態１に係る発明の誘電加熱装置１００に対して、誘電加熱電極１ｃが追加された誘電加熱装置１００Ｇを例に示している。
図９では、図１で示した実施の形態１に係る発明の誘電加熱装置１００に対して、誘電加熱電極１ｃ，１ｄが追加された誘電加熱装置１００Ｈを例に示している。
上記以外にも、本発明はその発明の範囲内において、各実施の形態の自由な組み合わせ、あるいは各実施の形態の任意の構成要素の変形、もしくは各実施の形態において任意の構成要素の省略が可能である。","Claims (
5
)
２以上の電極と、
前記２以上の電極のうちの一方の
電極に接続される接地面と、
前記２以上の電極のうちの他方
の電極に接続され、高周波信号を出力する信号源と、
前記信号源と前記
他方の
電極との間に直列に配置され、
互いに接触せずに電気的に結合することで前記信号源と前記他方の電極とを非接触で電気的に接続する２つの端子を含み、当該
２つの端子間の電気的結
合に
より前記信号源から出力された前記高周波信号を通過させる第１の素子と、
前記接地面と前記
一方の
電極との間に直列に配置され、
互いに接触せずに電気的に結合することで前記接地面と前記一方の電極とを非接触で電気的に接続する２つの端子を含み、当該
２つの端子
間
の電気的結合により前記信号源から出力された前記高周波信号を前記接地面に出力する第２の素子とを備えた誘電加熱装置。
前記第１の素子は
、２
以上の素子電極から構成され、少なくとも一方の素子電極が、前記
他方の
電極を兼ね、
前記第２の素子は、２以上の素子電極から構成され、少なくとも一方の素子電極が、前記
一方の
電極を兼ねることを特徴とする請求項１記載の誘電加熱装置。
２以上の電極と、
任意の前記電極に接続される接地面と、
前記接地面に接続された電極以外の電極に接続され、高周波信号を出力する信号源と、
前記信号源と前記信号源に接続された電極との間に直列に配置され、素子内において金属で接続されていない２つの端子間の電気的結合または磁気的結合により前記信号源から出力された前記高周波信号を通過させる第１の素子と、
前記接地面と前記接地面に接続された電極との間に直列に配置され、２つの端子の電気的結合により前記信号源から出力された前記高周波信号を前記接地面に出力する第２の素子とを備え、
前記第１の素子は、素子内において金属で接続されていない２以上の素子電極から構成され、少なくとも一方の素子電極が、前記信号源に接続された電極を兼ね、
前記第２の素子は、２以上の素子電極から構成され、少なくとも一方の素子電極が、前記接地面に接続された電極を兼ねる誘電加熱装置。
前記信号源は、
一定の電圧を出力するバッテリと、
前記バッテリが出力した電圧に基づいて前記高周波信号を発生させる信号発生器と、
前記信号発生器が発生させた前記高周波信号を増幅させる増幅器とで構成されることを特徴とする請求項１
から請求項３の何れか１項
記載の誘電加熱装置。
接地面に接続された一方の電極、及び、高周波信号を出力する信号源に接続された他方の電極から構成される
２以上の電極と、
前記
信号源と
前記他方の
電極との間に直列に配置され、
互いに接触せずに電気的に結合することで前記信号源と前記他方の電極とを非接触で電気的に接続する２つの端子を含み、当該
２つの端子間の電気的結
合に
より前記信号源から出力された前記高周波信号を通過させる第１の素子と、
前記
接地面と
前記一方の
電極との間に直列に配置され、
互いに接触せずに電気的に結合することで前記接地面と前記一方の電極とを非接触で電気的に接続する２つの端子を含み、当該
２つの端子
間
の電気的結合により前記信号源から出力された前記高周波信号を前記接地面に出力する第２の素子とを備えた誘電加熱電極。"
JP6861902B2,誘電加熱装置,https://patents.google.com/patent/JP6861902B2/ja,本発明は、誘電加熱装置に関する。,例えば、特許文献１には、被加熱物に高周波を照射して加熱する照射装置が記載されている。この照射装置は、空洞を有した本体と、空洞の内部に突出した線状アンテナと、線状アンテナを包容する凹みを有した容器を備える。容器は、本体の空洞の内部に突出した線状アンテナに凹みが嵌合され、線状アンテナから放射された高周波を容器中の被加熱物に照射することにより、被加熱物が加熱される。,"特許文献１に記載された照射装置では、高周波信号によって生じる電界が漏洩しやすいという課題があった。
本発明は上記課題を解決するものであり、電界の漏洩を低減することができる誘電加熱装置を得ることを目的とする。","本発明に係る誘電加熱装置は、高周波信号を生成する信号源と、接地された第１の電極と、第１の電極と対向して配置されて、接地された第２の電極と、第１の電極と第２の電極とが対向する空間内に収まるように配置されて、信号源に接続された第３の電極と、被加熱物を保持して、第１の電極または第２の電極のうちの少なくとも一方と第３の電極との間に被加熱物を供給する容器とを備え、第１の電極と第２の電極との対向面積は、第３の電極との対向面積よりも大きく、第１の電極と第３の電極および第２の電極と第３の電極は、コンデンサとして機能し、信号源から高周波信号が第３の電極に印加されて電極間に発生した電界によって当該被加熱物を加熱
し、容器は、第１の電極と第３の電極との間および第２の電極と第３の電極との間のうちのいずれか一方に被加熱物を供給せず、容器から被加熱物が供給されない電極間には、被加熱物よりも誘電損失が小さい介在物が配置されていること
を特徴とする。",本発明によれば、第３の電極が、第１の電極と第２の電極とが対向する空間内に収まるように配置され、第１の電極と第２の電極との対向面積は、第３の電極との対向面積よりも大きく、第１の電極と第３の電極および第２の電極と第３の電極が、コンデンサとして機能し、電極間に発生した電界によって被加熱物を加熱する。これにより、第１の電極と第２の電極とが対向する空間内で局所的に電界が発生するので、電界の漏洩を低減することができる。,"特許文献１に記載された照射装置では、高周波信号によって生じる電界が漏洩しやすいという課題があった。
本発明は上記課題を解決するものであり、電界の漏洩を低減することができる誘電加熱装置を得ることを目的とする。
本発明に係る誘電加熱装置は、高周波信号を生成する信号源と、接地された第１の電極と、第１の電極と対向して配置されて、接地された第２の電極と、第１の電極と第２の電極とが対向する空間内に収まるように配置されて、信号源に接続された第３の電極と、被加熱物を保持して、第１の電極または第２の電極のうちの少なくとも一方と第３の電極との間に被加熱物を供給する容器とを備え、第１の電極と第２の電極との対向面積は、第３の電極との対向面積よりも大きく、第１の電極と第３の電極および第２の電極と第３の電極は、コンデンサとして機能し、信号源から高周波信号が第３の電極に印加されて電極間に発生した電界によって当該被加熱物を加熱
し、容器は、第１の電極と第３の電極との間および第２の電極と第３の電極との間のうちのいずれか一方に被加熱物を供給せず、容器から被加熱物が供給されない電極間には、被加熱物よりも誘電損失が小さい介在物が配置されていること
を特徴とする。
本発明によれば、第３の電極が、第１の電極と第２の電極とが対向する空間内に収まるように配置され、第１の電極と第２の電極との対向面積は、第３の電極との対向面積よりも大きく、第１の電極と第３の電極および第２の電極と第３の電極が、コンデンサとして機能し、電極間に発生した電界によって被加熱物を加熱する。これにより、第１の電極と第２の電極とが対向する空間内で局所的に電界が発生するので、電界の漏洩を低減することができる。","実施の形態１．
図１Ａは、実施の形態１に係る誘電加熱装置１の構成を示す上面図である。図１Ｂは、誘電加熱装置１を図１ＡのＡ−Ａ線で切った断面を示す断面矢示図である。図１Ａおよび図１Ｂに記載した太い矢印は、容器６内で被加熱物７が流れる方向を示している。図１Ｃは、誘電加熱装置１を図１ＡのＢ−Ｂ線で切った断面を示す断面矢示図である。○の中に黒丸を付した記号は、紙面奥から手前側へ被加熱物７が流れることを示している。誘電加熱装置１は、被加熱物７を誘電加熱で気化させる装置であり、図１Ａに示すように、信号源２、電極３、電極４、電極５および容器６を備える。
誘電加熱は、高周波の電界によって被加熱物７である誘電体の内部の電気双極子が回転運動を起こし、回転した電気双極子同士が摩擦を起こして誘電体の内部で発熱する現象である。また、誘電加熱において、誘電体に加えられた電気エネルギーの一部が熱エネルギーに変換されて散逸する現象を誘電損失という。誘電損失が小さい部材は、高周波の電界によって加熱されることが少なく、誘電損失が大きい部材は、高周波の電界によって加熱されやすい。
信号源２は、高周波信号を生成する信号源であり、高周波信号を出力する出力端子ａと０電位のグランド端子ｂとを有する。信号源２によって生成された高周波信号は、出力端子ａを介して電極５に出力される。なお、信号源２のグランド端子ｂは、誘電加熱装置１のグランド（０電位）に接続されてもよい。
信号源２には、任意の周波数の信号を出力することができる、水晶発振器、ルビジウム発振器、電圧制御発振器（ＶＣＯ）、ダイレクトデジタルシンセサイザ（ＤＤＳ）およびフェーズロックループ（ＰＬＬ）回路のいずれかを用いてもよい。ただし、高周波信号を発生できる発振器であれば、信号源２に用いる発振器の構成は問わない。また、信号源２から出力される高周波信号は、正弦波であってもよいし、矩形波であってもよく、連続波（ＣＷ）信号であってもよいし、変調信号であってもよい。
電極３は、信号源２のグランド端子ｂに接続されて接地された第１の電極であり、電極５との間で電界を発生させる導体である。例えば、電極３には、電流を流すことができる金属の平板が用いられる。電極４と対向している電極３の面は、電極３と対向している電極５の面よりも３倍以上大きい面積で構成される。電極３を構成する材料は、電極５との間で高周波の電界を発生させることができる材料であればよく、電極３には複数の材料を用いてもよい。
電極４は、電極３に対向して配置され、信号源２のグランド端子ｂに接続されて接地された第２の電極であり、電極５との間で電界を発生させる導体である。例えば、電極４には、電流を流すことができる金属の平板が用いられる。電極３と対向している電極４の面は、電極４と対向している電極５の面よりも３倍以上大きい面積で構成される。電極４を構成する材料は、電極５との間で高周波の電界を発生させることができる材料であればよく、電極４には複数の材料を用いてもよい。
電極５は、電極３と電極４とが対向する空間内に収まるように配置されて、信号源２に接続された第３の電極である。図１Ａに示すように、電極５は、電極３および電極４よりも小さい電極であり、電極３と電極４とが対向する空間からはみ出すことなく、この空間内に収まるように配置される。例えば、電極５は、信号源２によって生成された高周波信号の給電点から、当該高周波信号の周波数の波長の１０分の１以下の長さで構成される。
電極５には信号源２の出力端子ａに接続されており、信号源２によって生成された高周波信号は、出力端子ａを介して電極５に印加される。電極３と電極５および電極４と電極５は、電極間に被加熱物７を有したコンデンサとして機能し、信号源２から高周波信号が電極５に印加されると、電極３と電極５との間および電極４と電極５との間に電界を発生させる。例えば、電極５には、電流を流すことができる金属の平板が用いられる。なお、電極５を構成する材料は、電極３との間および電極４との間で高周波の電界を発生させることができる材料であればよく、電極５には複数の材料を用いてもよい。
容器６は、被加熱物７を保持して、電極３と電極５との間および電極４と電極５との間に被加熱物７を供給する容器である。例えば、容器６は、図１Ａに示すように、電極３と電極５との間に配置される供給路と、電極４と電極５との間に配置される供給路との両方を有し、上面側が開放された環状の容器であってもよい。上記供給路には、被加熱物７が流れる。容器６は、電極３と電極５とによって上記供給路が挟み込まれ、電極４と電極５とによって上記供給路が挟み込まれて、電極側に固定される。
容器６を構成する材料には、ガラスを用いてもよい。なお、環状の容器６を示したが、これに限定されるものではない。被加熱物７を漏れずに保持し、電極３と電極５とを短絡させず、電極４と電極５とを短絡させず、電極３と電極５との間および電極４と電極５との間に発生する熱に耐えることができれば、容器６の材料および形状は問わない。また、容器６には複数の材料を用いてもよい。
被加熱物７は、加熱によって気化する液体であればよく、例えば、水、タバコリキッドが挙げられる。図１Ｂおよび図１Ｃにおいて破線の矢印で示すように、気化した被加熱物７であるエアロゾルは、容器６の上面側の開放口から取り出される。なお、液体の被加熱物７が容器６の外部に漏れ出すことがなければ、開放口は、容器６の上面側以外の部分に設けてもよい。
また、容器６は、電極３と電極５との間から供給路を取り外し、電極４と電極５のとの間から供給路を取り外すことで、電極側から分離することができる。これにより、被加熱物７の量が減った容器６を電極側から取り外して、被加熱物７が補充された容器６に交換することが可能である。
なお、容器６は、上記供給路以外の部分が取り外し可能に構成されてもよい。例えば、電極３と電極５との間に配置される供給路と、電極４と電極５との間に配置される供給路とを繋ぐ部分を、取り外し可能なタンクとして構成してもよい。容器６内の被加熱物７が減ったとき、上記タンクを取り外して、被加熱物７を補充したタンクに交換する。
次に、誘電加熱装置１の動作について説明する。
信号源２によって生成された高周波信号は、出力端子ａを介して電極５に印加される。電極３と電極５は、領域Ｃ１に存在する被加熱物７の誘電率εを有したコンデンサとして機能し、電極４と電極５は、領域Ｃ２に存在する被加熱物７の誘電率εを有したコンデンサとして機能する。電極５に高周波信号が印加されると、領域Ｃ１および領域Ｃ２に高周波の電界が発生する。これにより、領域Ｃ１および領域Ｃ２に存在する被加熱物７が加熱される。
図１Ｂに示すように、電極３と電極５とが対向する面および電極４と電極５とが対向する面のそれぞれの実効面積をＳとし、図１Ｃに示すように、電極３と電極５との間および電極３と電極５との間の各距離をｄとする。このとき、電極３と電極５とから構成されるコンデンサおよび電極４と電極５とから構成されるコンデンサの各静電容量Ｃｐは、下記式（１）で表すことができる。
Ｃｐ＝εＳ／ｄ                                        ・・・（１）
被加熱物７の誘電損失をｔａｎδとし、電極５に印加される高周波信号の角周波数がωであり、電圧振幅がＥである場合、上記コンデンサにおいて、発熱エネルギーとして被加熱物７に印加される電力Ｐは、下記式（２）で表すことができる。
Ｐ＝ωＣｐＥ
２
ｔａｎδ＝ω（εＳ／ｄ）Ｅ
２
ｔａｎδ      ・・・（２）
上記コンデンサにおいて被加熱物７の単位体積あたりに印加される電力Ｐｏは、上記式（２）を用いて、下記式（３）で表すことができる。下記式（３）から明らかなように、電極間の距離ｄが小さいほど被加熱物７の単位体積あたりに印加される電力Ｐｏが大きくなり、被加熱物７が効率よく加熱される。
Ｐｏ＝Ｐ／（Ｓ×ｄ）＝ωεＥ
２
ｔａｎδ／ｄ
２
・・・（３）
一般に、対向電極をコンデンサとして機能させるためには、電極間で高周波信号が分布定数としてではなく、集中定数として扱えるように電極の大きさを決定する必要がある。電極５の給電点からの長さを、信号源２から上記給電点に印加される高周波信号の周波数の波長よりも十分に小さくする、例えば、上記波長の１０分の１程度とすることで、電極３と電極５との間および電極４と電極５との間で高周波信号を集中定数として扱うことが可能となる。
領域Ｃ１および領域Ｃ２において加熱されて気化した被加熱物７は、エアロゾルとして容器６の開放口から取り出される。被加熱物７がエアロゾルとして失われると、容器６では、図１Ａおよび図１Ｂ中の太い矢印で示す方向および図１Ｃ中の記号が示す方向に被加熱物７の流れが生じて、気化した分を補うように領域Ｃ１および領域Ｃ２に被加熱物７が供給される。
電極間で被加熱物７が加熱され、加熱によって気化した被加熱物７を補うように容器６から電極間に被加熱物７が供給されるサイクルが、容器６に保持された被加熱物７が減少して電極間に供給できなくなるまで繰り返される。なお、図１Ａ、図１Ｂおよび図１Ｃに示した被加熱物７を流す方向は一例であり、被加熱物７を領域Ｃ１および領域Ｃ２に供給することができれば、被加熱物７を流す方向は問わない。
また、誘電加熱装置１では、容器６の大きさに対して領域Ｃ１および領域Ｃ２が小さくかつ狭くなるように、電極３、電極４および電極５が構成されている。これにより、誘電加熱装置１において、被加熱物７が局所的に加熱されるので、被加熱物７が気化するまでに掛かる時間が短縮される。
次に、高周波電界の漏洩について説明する。
図２Ａは、平行に配置された２つの電極間に発生させた電界が形成する電気力線を示す上面図である。図２Ａにおいて、実線の矢印は電気力線を示している。信号源１００は、信号源２と同様に高周波信号を生成する信号源である。電極１０１および電極１０２は、同じ大きさの２つの平行平板電極である。
電極１０１は、信号源１００のグランド端子ｂに接続されて接地されている。電極１０２は、信号源１００の出力端子ａに接続され、信号源１００によって生成された高周波信号は、出力端子ａを介して電極１０２に印加される。電極１０２に高周波信号が印加されると、高周波信号によって電界が発生して電極１０２から電極１０１へ向かう電気力線が形成される。
しかしながら、電界は、電極１０１と電極１０２とが対向する空間だけでなく、図２Ａにおいて破線で囲んで示すように、電極１０２の電極１０１とは反対側の面からも電界が発生して電気力線が形成される。さらに、電極の端部効果によって電極端部に電気力線が集中している。このように、電極１０１と電極１０２とが対向する空間の外部に発生した電界は、誘電加熱装置の外部に漏れてしまう。
図２Ｂは、平行に配置された３つの電極間に発生させた電界が形成する電気力線を示す上面図である。図２Ｂにおいて、実線の矢印は電気力線を示している。図２Ｂに示す電極構造は、図２Ａに示した構造に加え、電極１０２に対向して配置された電極１０３を有する。電極１０３は、信号源１００のグランド端子ｂに接続されて接地されている。図２Ｂに示す電極構造では、接地された電極１０３を、電極１０２の電極１０１とは反対側の面に対向させて配置することにより、図２Ａに示した電極構造に比べて電界の漏洩が抑えられる。
しかしながら、電極１０１、電極１０２および電極１０３は、互いに同じ大きさの平板電極であるので、電極１０２の端部は、電極１０１と電極１０３とが対向する空間の外部との境界に面している。電極１０１と電極１０２との間および電極１０３と電極１０２との間に発生した電界が形成する電気力線は、図２Ｂにおいて破線で囲んで示すように、電極の端部効果によって電極端部に集中する。このため、電極１０１と電極１０３とが対向する空間から電界が漏洩する。
図２Ｃは、誘電加熱装置１における電極間に発生させた電界が形成する電気力線を示す上面図である。図２Ｃにおいて、実線の矢印は電気力線を示している。誘電加熱装置１において、電極５は、電極３および電極４よりも小さい電極であり、電極３と電極４とが対向する空間からはみ出すことなく、この空間内に収まるように配置されている。電極３、電極４および電極５は、例えば、電極３と電極４との対向面積が、電極３または電極４と電極５との対向面積よりも３倍以上大きくなるように構成される。これにより、図２Ｃに示すように、電極３と電極４とが対向する空間内で電気力線が電極５の近傍に集中するので、図２Ａに示した電極構造よりも電界の漏洩が抑えられる。
また、誘電加熱装置１は、電極５の近傍に局所的に発生させた電界によって被加熱物７を加熱するので、被加熱物７が気化するまでに掛かる時間を短縮することができる。
さらに、誘電加熱装置１では、電極３、電極４および電極５以外に、電界の漏洩を抑制するための電界遮断部材を用いないので、装置の小型化を実現できる。
次に、誘電加熱装置１における電極構造の変形例について説明する。
図３は、誘電加熱装置１における電極構造の変形例を示す上面図である。図３に示す電極構造では、電極３と電極４とが対向する空間内に円柱状の電極５Ａが配置されている。電極３および電極４は、同じ大きさの平行平板電極である。信号源２によって生成された高周波信号が出力端子ａを介して円柱状の電極５Ａに印加されると、図３に示すように、電極３と電極５Ａとの間および電極４と電極５Ａとの間に電界が発生する。
図１Ａおよび図１Ｃに示したように、平板状の電極５は、電極３および電極４との間で容器６の供給路を挟み込んだときに容器６の供給路と面で接触するので、電極５と容器６との接触面積は大きい。このため、容器６を電極側から取り外すときに容器６との摩擦によって電極５が変形しやすい。電極５が変形すると、電極５の電気特性が変化するので、加熱効率も変化してしまう。
これに対して、円柱状の電極５Ａは、平板状の電極５と比較して容器６との接触面積が小さい。このため、容器６との摩擦による電極５Ａの変形が起こりにくいので、電極５Ａの変形に起因した電気特性および加熱効率の変化が抑えられる。
図４は、誘電加熱装置１における電極構造の別の変形例を示す上面図である。図４に示す電極構造では、円柱状の電極５Ａが電極３Ａと電極４Ａとの間に配置されている。図４に示すように、電極３Ａの端部は電極５Ａ側に曲がっており、電極４Ａの端部も電極５Ａ側に曲がっている。信号源２から出力端子ａを介して電極５Ａに高周波信号が印加されると、電極３Ａと電極５Ａとの間および電極４Ａと電極５Ａとの間に電界が発生する。
電極３Ａと電極４Ａとが対向する空間から当該空間の外部へ向かう電気力線は、電極の端部効果によって電極３Ａおよび電極４Ａの各端部に集まる。電極３Ａおよび電極４Ａの各端部は電極５Ａ側に曲がっているので、電気力線は、電極３Ａと電極４Ａとが対向する空間内に収まるように形成される。これにより、電界の漏洩を抑えることができる。
図５は、誘電加熱装置１における電極構造のさらに別の変形例を示す上面図である。図５に示す電極構造において、電極５Ａは、電極３Ｂと電極４Ｂとが対向する空間内に配置されている。電極３Ｂおよび電極４Ｂの各対向面には、凸部８が形成されている。凸部８は、電極の高さ方向に長いリブ状の凸部であり、１つの電極面に対して２つの凸部８が配置される。２つの凸部８は、図５に示すように、電極面内を電極端部側と電極５Ａ周辺側とに区画している。
信号源２から出力端子ａを介して電極５Ａに高周波信号が印加されると、電極３Ｂと電極５Ｂとの間および電極４Ｂと電極５Ｂとの間に電界が発生する。この電界によって形成された電気力線は、図５に示すように、電極の端部効果によって凸部８に集中する。これにより、電極３Ｂおよび電極４Ｂにおいて、２つの凸部８によって電極５Ａ周辺側に区画された領域内に電気力線が形成され、電極端部側には電気力線が形成されないため、電界の漏洩を抑えられる。
また、誘電加熱装置１の電極構造は、高周波信号が印加される電極の近傍に電界を集中的に発生させる構造であればよく、上記構造以外であってもよい。例えば、電極３および電極４は、電極５との距離を小さくするために、電極５近傍の部分のみを電極５側に突出させた形状であってもよい。このように構成しても、電極３と電極４とが対向する空間内で局所的に電界が発生するので、電界の漏洩を抑えられる。
以上のように、実施の形態１に係る誘電加熱装置１において、電極３と電極４とが対向する空間内に収まるように電極５が配置されており、電極３と電極４との対向面積は、電極５との対向面積よりも大きく、電極３と電極５および電極４と電極５は、コンデンサとして機能し、電極間に発生した電界によって被加熱物７を加熱する。これにより、電極３と電極４とが対向する空間内で電極５近傍のみに電界が発生するので、電界の漏洩を低減することができる。
実施の形態１に係る誘電加熱装置１において、電極３と電極４との対向面積は、電極５との対向面積よりも３倍以上大きい。これにより、電極３と電極４とが対向する空間内で電極５近傍のみに電界が発生するので、電界の漏洩を低減することができる。
実施の形態１に係る誘電加熱装置１において、電極５が、高周波信号の周波数の波長の１０分の１以下の長さである。これにより、電極間で高周波信号を集中定数として扱うことが可能となり、電極３と電極５および電極４と電極５をコンデンサとして機能させることができる。
実施の形態２．
図６Ａは、実施の形態２に係る誘電加熱装置１Ａの構成を示す上面図である。図６Ａにおいて太い矢印で示す方向は、容器６Ａ内で被加熱物７が流れる方向である。図６Ｂは、誘電加熱装置１Ａを図６ＡのＤ−Ｄ線で切った断面を示す断面矢示図である。○の中に黒丸を付した記号は、紙面奥から手前側へ被加熱物７が流れることを示している。図６Ａおよび図６Ｂにおいて、図１Ａおよび図１Ｃと同一の構成要素には同一の符号を付して説明を省略する。
誘電加熱装置１Ａは、被加熱物７を誘電加熱で気化させる装置であって、図６Ａに示すように、信号源２、電極３、電極４、電極５および容器６Ａを備える。容器６Ａは、実施の形態１に示した容器６と異なり、電極３と電極５との間のみに被加熱物７を供給する。例えば、容器６Ａは、図６Ａに示すように電極３と電極５との間に配置される被加熱物７の供給路のみを有した容器である。容器６Ａは、電極３と電極５とによって上記供給路が挟み込まれて電極側に固定される。容器６Ａを構成する材料には、ガラスを用いてもよいし、複数の材料を用いてもよい。
誘電加熱装置１Ａにおいて、電極３および電極５は被加熱物７の加熱に利用されるが、電極４および電極５は被加熱物７の加熱に利用されない。これにより、電極５に高周波信号を印加して得られる電力に対する被加熱物７の体積が減るため、被加熱物７の昇温速度を上げることができる。なお、電極４は、被加熱物７の加熱に利用されないが、コンデンサの接地電極として使用される。すなわち、電極５に高周波信号が印加されると、電極５の電極３とは反対側の面から、接地された電極４に向かう電気力線が発生するので、電界の漏洩が低減される。
また、被加熱物７の加熱に利用されない電極４と電極５との間には介在物９を配置してもよい。介在物９は、被加熱物７よりも誘電損失が小さい材料で構成された部材であり、例えば、ガラスを用いてもよい。介在物９は、図６Ａに示すように、電極４と電極５との間に嵌合することが可能な直方体の部材であってもよい。
なお、誘電加熱装置１Ａは、電極４および電極５を被加熱物７の加熱に利用し、電極３および電極５は被加熱物７の加熱に利用しない構成であってもよい。この構成において、容器６Ａは、電極４と電極５との間に配置される被加熱物７の供給路のみを有した容器である。また、電極３と電極５との間に介在物９を配置してもよい。
このように構成しても、電極５に高周波信号を印加して得られる電力に対する被加熱物７の体積が減るため、被加熱物７の昇温速度を上げることができる。
誘電加熱装置１Ａにおいて、電極３、電極４および電極５を、図３、図４および図５のいずれかに示した電極に置き換えてもよい。このように構成することにより、図３を用いて説明した効果、図４を用いて説明した効果および図５を用いて説明した効果を得ることができる。
以上のように、実施の形態２に係る誘電加熱装置１Ａにおいて、容器６Ａは、電極３と電極５との間および電極４と電極５との間のうちのいずれか一方に被加熱物７を供給しない。容器６Ａから被加熱物７が供給されない電極間には、被加熱物７よりも誘電損失が小さい介在物９が配置される。電極５に高周波信号を印加して得られる電力に対する被加熱物７の体積が減るため、被加熱物７の昇温速度を上げることができる。
実施の形態３．
図７は、実施の形態３に係る誘電加熱装置１Ｂの構成を示す上面図である。図７に示す誘電加熱装置１Ｂは、脱脂綿１０を備える。脱脂綿１０は、被加熱物７が含浸された含浸部材である。被加熱物７が含浸された脱脂綿１０は、図７に示すように、容器６の内部に配置される。すなわち、容器６は、脱脂綿１０を介して被加熱物７を保持する。
電極５に高周波信号が印加されると、電極３と電極５との間にある領域Ｃ１と、電極４と電極５との間にある領域Ｃ２とに高周波の電界が発生する。領域Ｃ１および領域Ｃ２には、被加熱物７が含浸された脱脂綿１０が配置されており、被加熱物７は、脱脂綿１０を介して加熱される。
加熱された被加熱物７が気化すると、領域Ｃ１および領域Ｃ２以外の部分に配置された脱脂綿１０に含浸された被加熱物７が、領域Ｃ１および領域Ｃ２に配置された脱脂綿１０に伝わって、気化した分が補充される。容器６に保持された被加熱物７は、脱脂綿１０に全て含浸されるので、誘電加熱装置１Ｂは、被加熱物７を余すことなく気化させることができる。
これまで被加熱物７を含浸させる含浸部材が脱脂綿１０である場合を示したが、被加熱物７を含浸させることができれば、脱脂綿以外の含浸部材を用いてもよい。
また、誘電加熱装置１Ｂにおいて、電極３、電極４および電極５を、図３、図４および図５のいずれかに示した電極に置き換えてもよい。このように構成することにより、図３を用いて説明した効果、図４を用いて説明した効果および図５を用いて説明した効果を得ることができる。
以上のように、実施の形態３に係る誘電加熱装置１Ｂは、被加熱物７が含浸された脱脂綿１０を備える。容器６は、被加熱物７が含浸された脱脂綿１０を保持する。このように構成することで、被加熱物７を余すことなく気化させることができる。
なお、本発明は上記実施の形態に限定されるものではなく、本発明の範囲内において、実施の形態のそれぞれの自由な組み合わせまたは実施の形態のそれぞれの任意の構成要素の変形もしくは実施の形態のそれぞれにおいて任意の構成要素の省略が可能である。","Claims (
9
)
高周波信号を生成する信号源と、
接地された第１の電極と、
前記第１の電極と対向して配置されて、接地された第２の電極と、
前記第１の電極と前記第２の電極とが対向する空間内に収まるように配置されて、前記信号源に接続された第３の電極と、
被加熱物を保持して、前記第１の電極または前記第２の電極のうちの少なくとも一方と前記第３の電極との間に前記被加熱物を供給する容器と、
を備え、
前記第１の電極と前記第２の電極との対向面積は、前記第３の電極との対向面積よりも大きく、
前記第１の電極と前記第３の電極および前記第２の電極と前記第３の電極は、コンデンサとして機能し、前記信号源から高周波信号が前記第３の電極に印加されて電極間に発生した電界によって前記被加熱物を加熱
し、
前記容器は、前記第１の電極と前記第３の電極との間および前記第２の電極と前記第３の電極との間のうちのいずれか一方に前記被加熱物を供給せず、
前記容器から前記被加熱物が供給されない電極間には、前記被加熱物よりも誘電損失が小さい介在物が配置されていること
を特徴とする誘電加熱装置。
前記第１の電極と前記第２の電極との対向面積は、前記第３の電極との対向面積よりも３倍以上大きいこと
を特徴とする請求項１記載の誘電加熱装置。
前記第３の電極は、高周波信号の波長の１０分の１以下の長さであること
を特徴とする請求項１または請求項２記載の誘電加熱装置。
前記第３の電極は、円柱状の電極であること
を特徴とする請求項１記載の誘電加熱装置。
前記第１の電極および前記第２の電極は、前記第３の電極の側に曲がった端部を有すること
を特徴とする請求項１記載の誘電加熱装置。
前記第１の電極および前記第２の電極は、前記第３の電極と対向する面に凸部を有すること
を特徴とする請求項１記載の誘電加熱装置。
前記容器は、前記第１の電極と前記第３の電極との間に配置されて前記被加熱物を供給する供給路と、前記第２の電極と前記第３の電極との間に配置されて前記被加熱物を供給する供給路とのいずれかまたは両方を有すること
を特徴とする請求項１記載の誘電加熱装置。
前記容器は、気化した前記被加熱物を取り出す開放口を有すること
を特徴とする請求項１記載の誘電加熱装置。
前記被加熱物が含浸された含浸部材を備え、
前記容器は、前記被加熱物が含浸された前記含浸部材を保持すること
を特徴とする請求項１記載の誘電加熱装置。"
JP6428665B2,空中映像表示装置,https://patents.google.com/patent/JP6428665B2/ja,本発明は、表示素子のない空中に映像を映し出す空中映像表示装置に関する。,"表示素子のない空中に映像を映し出す空中映像表示技術を使用した装置が考案されている。例えば、特許文献１ではレーザープラズマによるプラズマ発光現象、又はレーザービームを交差するように照射することで空中に映し出した映像を、壁や間仕切り、又は踏切や駅の改札における遮断機の代替に使用する装置が開示されている。ただし、プラズマ発光現象による空中映像は人体を近づけることに適さない。また、レーザービームの照射は、直接眼中に入らない配慮も必要である。
特許文献１に示されている空中映像表示技術の他に、フラットパネルディスプレイなどに表示した映像を、表示素子のない空中に映し出す技術が考案されている。例えば特許文献２では、２面コーナーリフレクタを平面上に多数構成した２面コーナーリフレクタアレイを用いて、映像を２面コーナーリフレクタアレイに対して面対称な位置にある空間に結像させ、実像として空中に映像を表示する技術が開示されている。
さらに特許文献３では、ハーフミラーと再帰反射シートとを用いて、映像をハーフミラーに対して面対称な位置にある空間に結像させ、実像として空中に映像を表示する技術が開示されている。","特許文献２又は特許文献３に記載されている技術で空中に表示した映像は、空中映像をすり抜けた人の手や体によって空中映像を形成している光路の一部が遮断されるため、空中映像の一部が形成されなくなり、空中映像の視聴者が違和感、又は生理的な不快感を覚えてしまう場合があった。
本発明の目的は、人や物が安全にすり抜けられる空中映像を利用して人や物の通行を制御する空中映像表示装置において、人や物が空中映像をすり抜けた際、視聴者が感じる違和感、又は生理的な不快感を抑えることができる空中映像表示装置を実現することである。","このような課題を解決するため、本発明の空中映像表示装置は、映像を表示する映像表示部と、前記映像を透過及び反射の性質によって空中映像として入り口として開かれた開口部に結像させる空中結像光学系と、前記
空中映像をすり抜けた対象に対して映像を投影する映像投影
部とを備える。
また、
前記空中結像光学系は、入射光を透過光と反射光とに分離するビームスプリッタと、前記入射光を入射方向にそのまま反射する再帰性反射シート
とを備える。",本発明によれば、人や物が空中映像をすり抜けた際、空中映像の視聴者が感じる違和感、又は生理的な不快感を抑えることができる。,"特許文献２又は特許文献３に記載されている技術で空中に表示した映像は、空中映像をすり抜けた人の手や体によって空中映像を形成している光路の一部が遮断されるため、空中映像の一部が形成されなくなり、空中映像の視聴者が違和感、又は生理的な不快感を覚えてしまう場合があった。
本発明の目的は、人や物が安全にすり抜けられる空中映像を利用して人や物の通行を制御する空中映像表示装置において、人や物が空中映像をすり抜けた際、視聴者が感じる違和感、又は生理的な不快感を抑えることができる空中映像表示装置を実現することである。
このような課題を解決するため、本発明の空中映像表示装置は、映像を表示する映像表示部と、前記映像を透過及び反射の性質によって空中映像として入り口として開かれた開口部に結像させる空中結像光学系と、前記
空中映像をすり抜けた対象に対して映像を投影する映像投影
部とを備える。
また、
前記空中結像光学系は、入射光を透過光と反射光とに分離するビームスプリッタと、前記入射光を入射方向にそのまま反射する再帰性反射シート
とを備える。
本発明によれば、人や物が空中映像をすり抜けた際、空中映像の視聴者が感じる違和感、又は生理的な不快感を抑えることができる。","以下、本発明の実施の形態を図面に従って説明する。
実施の形態１．
図１は、本発明の実施の形態１の空中映像表示装置１００の構成を示す俯瞰図である。図１において、空中映像表示装置１００は、映像表示部１０、ビームスプリッタ１１、再帰反射シート１２、映像投影部１３、映像制御部１４及び認証部１５を備える。映像表示部１０に表示された映像が、ビームスプリッタ１１と再帰反射シート１２とによって構成される空中結像光学系により空中映像１６として壁１７の開口部１９に表示される。通行者１８は、認証部１５に対して認証操作を行う。これにより認証部は、通行者１８が許可対象であるかを判別する。映像制御部１４は、判別結果に応じて映像表示部１０の表示映像を切り替える。通行者１８は、認証部による判別が許可対象であるとされた場合、つまり認証された後に変化する空中映像１６の内容により壁１７の開口部１９を、空中映像１６をすり抜けるように通過する。このように空中映像表示装置１００は、壁１７の開口部１９を入り口とする認証機能が備わった入場ゲートとして動作するものである。映像投影部１３は、壁１７の開口部１９の上側に設置され、壁１７の開口部１９に向かって映像を投影する装置である。映像投影部１３が投影する映像は、映像制御部１４によって制御される。
図２は、本発明の実施の形態１の空中映像表示装置１００の構成を示す上面図である。構成は図１と同じであるため、説明は省略する。図２は、主に各構成の位置関係を示すものである。
以降、図１及び図２を用いて各構成の詳細について説明する。
映像表示部１０は、発光を伴う映像を表示する。これは例えば液晶ディスプレイのうち透過型液晶とバックライトとを備えたものである。このような液晶ディスプレイは、バックライトの光を液晶層によって画素毎に光の強度を変調することで映像を表示しており、液晶ディスプレイの表面からは変調された光線群が映像として出力される。これ以外にもプラズマディスプレイ、有機ＥＬディスプレイ又はＬＥＤディスプレイのような自発光型の映像表示装置であっても良い。また、映像表示部１０の位置にスクリーンを設置し、スクリーンに対して別に設けるプロジェクタで映像を投影しても良い。この場合、プロジェクタの光がスクリーンで乱反射することにより、発光を伴う映像を表示することができる。映像表示部１０は、映像制御部１４から出力された映像信号を表示する。
ビームスプリッタ１１は、入射光を透過光と反射光とに分離する性質を持つ光学素子である。ビームスプリッタ１１は例えばハーフミラーである。ハーフミラーとは、透過光と反射光とが等しい強度となるように入射光を分離するものである。ただし、透過光と反射光との強度が等しい必要はなく、透過光と反射光との強度に差があってもよい。例えばビームスプリッタ１１は、無色透明なガラス又はアクリル板でもよい。ガラス又はアクリル板は、反射光に比べて透過光の強度が高い。ハーフミラーに対して無色透明なガラス又はアクリル板は、吸収率が低い特徴がある。空中映像表示装置においては、吸収率が低い光学素子を用いることで、空中映像の輝度を上げる効果がある。
再帰反射シート１２は、入射光を入射した方向にそのまま反射する再帰反射性能を持つ光学素子を平面シート状にしたものである。再帰反射は、レトロリフレクションとも表記される。再帰反射性能を持つ光学素子は、をレトロリフレクターとも呼ばれる。再帰反射性能を持つ光学素子は、鏡面上に小さなガラスビーズを敷き詰めたビーズタイプ、又は、各面が鏡面で構成される凹形状の小さな三角錐を敷き詰めたマイクロプリズムタイプがある。これらは交通標識に良く用いられている。交通標識の表面に再帰反射性能を持たせることで、夜間に自動車のヘッドライトで照らされた標識が、運転手から見えやすくなる効果がある。再帰反射シート１２は、剛性のある平板などに貼られた状態で固定されていることが望ましい。
図２に示すように、ビームスプリッタ１１は、映像表示部１０に対して４５度傾けた状態で配置される。また、再帰反射シート１２は、映像表示部１０に対して９０度傾けた状態で配置される。図２に示すような配置にすることで、ビームスプリッタ１１と再帰反射シート１２とは、空中映像表示装置１００における空中結像光学系として機能し、映像表示部１０に表示された映像を、ビームスプリッタ１１に対して面対称な位置に空中映像１６として表示する。空中映像表示装置１００において、空中映像１６は壁１７の開口部１９に表示されるよう、映像表示部１０、ビームスプリッタ１１、再帰反射シート１２及び壁１７が配置されている。
映像表示部１０に表示した映像を空中映像１６として表示する原理について説明する。映像表示部１０に表示した映像として発光している光のうち、ビームスプリッタ１１に入射した光は、反射成分と透過成分とに分離される。このうち、反射成分は再帰反射シート１２に入射して再帰反射することでそのままビームスプリッタ１１に戻る。ビームスプリッタに戻った光は、さらにビームスプリッタ１１で反射成分と透過成分とに分離される。このうち、透過成分の光が壁１７の開口部１９に向かう。前述した光路の一つを破線で示したのが光路２０である。なお、光路２０はわかりやすいようにビームスプリッタ１１における反射光と透過光とが重ならないように描いているが、理想的にはビームスプリッタ１１上の同一点を通るものである。光路２０は映像表示部１０の表示面の中央から垂直方向に発光した光の光路だけを示しているが、映像表示部１０はその表示面全体から様々な方向に発光している。様々な方向に発光した光のうち、前述したビームスプリッタ１１で反射し、再帰反射シート１２で再帰反射し、ビームスプリッタ１１を透過する光の光路をたどると、ビームスプリッタ１１に対して面対称な位置に再収束する。通行者１８には、この再収束した光が再収束した位置で光っているように見えるため、映像表示部１０に表示した映像が空中映像１７として視認される。
図２に示した映像表示部１０、ビームスプリッタ１１及び再帰反射シート１２の位置関係は好適な例として示したものである。映像表示部１０に表示した映像の光がビームスプリッタ１１に対して面対称な位置に再収束する光路が確保されれば、映像表示部１０に対するビームスプリッタ１１及び再帰反射シート１２の設置位置と角度とは変わっても良い。例えば、再帰反射シート１２は、ビームスプリッタ１１よりも離れた位置に映像表示部１０と平行になる状態で設置しても良い。この場合、映像表示部１０に表示した映像として発光している光のうち、ビームスプリッタ１１を透過した光が再帰反射シート１２で再帰反射し、ビームスプリッタ１１に戻る光のうち、ビームスプリッタ１１を反射する光が空中映像を形成する。さらには、再帰反射シート１２は、映像表示部１０に対して４５度傾けた状態と、ビームスプリッタ１１よりも離れた位置に映像表示部１０と平行になる状態の２箇所に設置してもよい。この場合、空中映像として再収束する光路が２倍になり、空中映像の輝度が向上する。
認証部１５は、認証対象者が許可対象であるか、不許可対象であるかを判別する。認証対象者は、例えば通行者である。認証部１５は、例えば生体認証装置である。あらかじめ登録者の指紋を記録してデータベースとして保存する。認証部１５で認証対象者の指紋を読み取り、データベースと照合することで、登録者か否かを判別する。記録する生体信号は指紋に限ったものでは無く、網膜パターン、虹彩、又は指静脈など、個人を特定できるものであれば何でも良い。これ以外にも、認証部１５はＩＣカードリーダであってもよい。認証対象者が所持するＩＣカードの情報をデータベースと照合し、登録者か否かを判別する。
映像制御部１４は、認証部１５における認証結果に応じて、映像表示部１０及び映像投影部１３に表示する映像を出力する。本実施の形態では、映像制御部１４に備えられた記憶部に複数の映像が記憶されているものとする。これ以外に、映像制御部１４の外部から入力された映像を使用しても良い。
図３に空中映像１６の一例を示す。図３は、認証部１５で認証操作がされる前の状態を示す映像である。同じく図４に空中映像１６の一例を示す。図４は、認証部１５で通行者１８が認証操作を行った結果、正しく認証が行われたことを示す映像である。通行者１８は、認証操作後、図４に示す映像を視認し、空中映像１６をすり抜けるように壁１７の開口部１９を通り抜ける。
空中映像１６は、常にすり抜けることが可能であり、例えば図３に示した映像を表示している間も、通行者１８は認証操作を行うことなく、壁１７の開口部１９を通り抜けることが可能である。しかし、図３に示すように、「入場制限」などといった通り抜けをしないよう指示する表示を行うことで、通行者１８に対して、一定の警告を行うことが可能である。従来の入場ゲートでは、物理的なバーなどを配置して通行前の認証操作を促していた。一方、本実施の形態の空中映像表示装置１００は、物理的なバーの代わりに空中映像１６を表示する。空中映像は、物理的なバーと比べ、より多様な情報の表示が可能であり、また、通行者の目の前に映像を表示することができるため、通行者に対してより多くの情報を正確に伝えることが可能である。
空中映像１６を人がすり抜けて壁１７の開口部１９を通り抜けた際、すり抜けた人の体によって空中映像を形成している光路の一部が遮断されるため、空中映像の一部が形成されなくなる。空中映像を見ている人にとって、空中映像をすり抜けた人の体によって、すり抜けた体よりも手前にある空中映像が視認できなくなることは奥行き知覚と矛盾する現象であり、違和感、又は生理的な不快感を覚えてしまう。
図５は、空中映像１６をすり抜けて通行者５０が壁１７の開口部を通過する状態を示す図である。認証部１５で認証操作を行った通行者５０が、空中映像１６をすり抜けるように壁１７の開口部を通過する。待機者５１は、通行者５０の後に壁１７の開口部を通過するため、認証部１５付近で待機している。
図６は、図５に示した状態において、待機者５１が視認する映像を示した図である。図６において、通行者５０の認証結果に応じた映像が空中映像１６として表示されているが、その一部が通行者５０の体によって見えなくなる。なお、図６ではわかりやすいように通行者５０の体の周囲を描いている。図５において、空中映像１６を形成する一つの光路を示したのが光路５２である。光路５２は、通行者５０によって遮られ、空中映像１６として再収束しない。このように、空中映像１６とビームスプリッタ１１との間に物体があると、映像表示部１０に表示した映像が空中映像として再収束できなくなる光路が生じ、空中映像１６の一部が見えなくなる。
通常、映像の一部が見えなくなる状態は、映像よりも手前に物体があった場合に生じる。しかし、待機者５１にとって、通行者５０は空中映像１６よりも奥に存在するにも関わらず、空中映像１６が通行者５０の体によって見えなくなる。待機者５１の奥行き知覚に矛盾して映像が見えなくなることから、この現象をオクルージョン矛盾と呼ぶ。待機者５１の視界においてオクルージョン矛盾が発生すると、待機者５１は違和感、又は生理的な不快感を覚える。
図５に示す状態において、オクルージョン矛盾による違和感、又は生理的な不快感を軽減するのが、映像投影部１３から投影する映像である。本実施の形態において、映像投影部１３は、図１に示すように壁１７の開口部１９の上側に設置されたプロジェクタである。映像投影部１３は、映像制御部１４の出力する映像信号を入力とする。映像制御部１４は、映像表示部１０と映像投影部１３とに同じ内容の映像信号を出力する。つまり、映像投影部１３が投影する映像は、空中映像１６とその内容は同じである。
映像投影部１３は、空中映像１６のサイズと一致するように、入力された映像を空中映像１６に向かって投影する。すると、図５に示すように、通行者５０が空中映像１６をすり抜けて壁１７の開口部１９を通過する時、通行者５０の体がスクリーンとなり、映像投影部１３が投影する映像が通行者５０の体に映し出される。図７は、通行者５０の体に映像投影部１３の投影する映像が映っている時に待機者５１が視認する映像を示した図である。図７に示すように、図６で通行者５０の体によって見えなくなっていた空中映像１６の部分に、映像投影部１３が投影する映像が現われる。通行者５０の体の凹凸により、映像投影部１３の投影する映像に歪みがあるものの、待機者５１にとって、図７に示す映像はもはやオクルージョン矛盾を感じる映像では無い。このように、空中映像１６をすり抜けて壁１７の開口部１９を通り抜ける対象に、映像投影部１３によって空中映像１６と同じ内容の映像を投影することで、空中映像１６を観察する待機者５１が感じるオクルージョン矛盾による違和感、又は生理的不快感を抑えることが可能になる。
図１において、映像投影部１３は、壁１７の中央から壁掛金具を経由して設置しているが、設置方法はこれに限るものではなく、天井から吊るすように設置してもよい。または、床面付近から映像を投影するように設置してもよい。映像投影部１３は、通行者５０が壁１７の開口部１９を通過するのを阻害しないように設置するのが良い。また、映像投影部１３は、なるべく壁１７に近い位置に設置するのがよい。映像投影部１３を壁１７から離れた位置に設置した場合、映像投影部１３から空中映像１６の位置に対して映像が投影される角度が浅くなる。ここで角度とは、映像投影部１３から水平に延びる方向と、映像投影部１３から映像を投影する方向が為す角度である。角度が浅い場合、ビームスプリッタ１１又は再帰反射シート１２に対して映像投影部１３の映像が投影されてしまう。ビームスプリッタ１１又は再帰反射シート１２上に映像が見えると、空中映像１６の視認性が著しく悪化してしまう。また、再帰反射シート１２の表面は再帰反射以外に鏡面反射する性質を持つものがある。同じく角度が浅い場合、再帰反射シート１２で鏡面反射した映像投影部１３の光源の光が待機者５１の視界に入る場合がある。鏡面反射した映像投影部１３の光源の光は、再帰反射シート１２をぎらつかせるため、空中映像１６の視認性が著しく悪化してしまう。このような理由から、映像投影部１３は、壁１７に近い位置から深い角度で映像を投影することが望ましい。このような映像投影部１３として、投写距離の短いプロジェクタが好適である。
前述したように、本実施の形態の空中映像表示装置１００は、映像表示部１０に表示された映像を、ビームスプリッタ１１に対して面対称な位置に空中映像１６として表示する。空中映像１６は、映像表示部１０に表示された映像に対して、ボケ、輝度低下、又はコントラストの低下などが発生する場合がある。これは空中結像光学系の性能、及び映像表示部１０に表示した映像の光が空中映像１６として再収束する光路の長さに依存する。
空中映像１６のボケの原因の一つは、ビームスプリッタ１１の表面以外に、ビームスプリッタ１１内部を透過した光がビームスプリッタ１１の裏面で再び透過成分と反射成分とに分離されることである。このため、光路２０からビームスプリッタ１１の厚み程度ずれた光路ができあがり、空中映像１６が二重像として現われる。
他の空中映像１６のボケの原因の一つは、再帰反射シート１２における再帰反射方向のずれである。再帰反射シート１２では、入射光に対してすべての光を入射方向に反射することは難しく、やや角度が付いた光も反射される。これら光が例えば光路２０が到達する再収束点の周囲に収束することで、空中映像１６にボケが発生する。これには映像表示部１０に表示した映像の光が空中映像１６として再収束する光路の長さも関係しており、光路が長くなると再収束点に対してより広範な範囲に再収束することで、空中映像１６のボケが大きくなる。
空中映像１６の輝度低下の原因の一つは、ビームスプリッタ１１における光の分離である。空中映像１６として再収束する光路の一つである光路２０は、ビームスプリッタ１１上を２回通る。この際、透過成分と反射成分とのうち、どちらか一方は空中映像１６として再収束しない。この再収束しない成分により、空中映像１６の輝度が低下する。
空中映像１６のコントラストの低下の原因の一つは、通行者１８から見て空中映像１６の背景として存在する再帰反射シート１２である。再帰反射シートには様々な色が存在するが、再帰反射する光の強度が高いものは白、又はシルバーである。こういった明るい色が空中映像１６の背景に存在すると、空中映像１６が白っぽく見え、コントラストが低下して見える。
映像投影部１３は空中映像１６をすり抜けて通過する対象に向かって空中映像１６と同じ内容の映像を投影するが、この時、映像投影部１３は空中映像１６に発生するボケ、輝度低下、又はコントラストの低下などを再現した映像を投影するのが良い。これにより、空中映像１６と映像投影部１３が投影する映像との差が小さくなり、空中映像１６をすり抜けて通過する対象に映し出される映像投影部１３の映像が、空中映像１６の一部であるかのように見せることができ、オクルージョン矛盾による違和感、又は生理的不快感をより効果的に抑えることが可能になる。映像投影部１３が投影する映像に対するボケ、輝度低下、又はコントラスト低下処理は、映像投影部１３内で行っても良いし、映像制御部１４で映像に対してボケ、輝度低下、又はコントラスト低下処理を行い、映像投影部１３に出力してもよい。
映像投影部１３は空中映像１６をすり抜けて通過する対象に向かって映像を投影するが、通行者５０の体の凹凸により、映像投影部１３の投影する映像は歪んでしまう。また、通行者５０の位置によって投写距離が変わり、通行者５０の体に投影される映像のサイズが変わる。空中映像１６と通過する対象に投影される映像のサイズが異なると、空中映像１６と通過する対象に投影される映像との一体感が損なわれてしまう。また、通過する対象に凹凸面があると、通過する対象に投影される映像が歪み、空中映像１６と通過する対象に投影される映像との一体感が損なわれてしまう。一体感が損なわれると、オクルージョン矛盾による違和感、又は生理的不快感を抑える効果が低くなってしまう。
この問題を解決するために、空中映像１６をすり抜けて通過する対象をカメラで撮影し、通過する対象の位置、又は形状に合わせて映像投影部１３から投影する映像を変化させても良い。このようにすることで、通過する対象の形状、又は位置に依らず、空中映像１６と通過する対象に投影される映像との一体感を維持し、オクルージョン矛盾による違和感、又は生理的不快感を抑えることが可能になる。
なお、本実施の形態では、通行者５０の上半身が空中映像１６の一部を見えなくする場合について説明したが、本発明は空中映像にオクルージョン矛盾が発生するケースのすべてに適用可能である。例えば、本発明は空中映像にタッチパネル機能を持たせた装置にも適用可能である。このような装置では、空中映像の特定のエリアに指を近づけることで特定の操作を行うインターフェースを備える。空中映像に指を近づけた時、指、又は手が空中映像をすり抜けるとその部分でオクルージョン矛盾が発生する。本実施の形態と同様に、空中映像をすり抜けた指、又は手に対して空中映像と同じ内容の映像を映像投影部から投影することで、オクルージョン矛盾による違和感、又は生理的不快感を抑えることが可能である。
本実施の形態では、空中映像光学系としてビームスプリッタ１１と再帰反射シート１２とを用いた。他の空中映像光学系として、ビームスプリッタ１１の位置に２面コーナーリフレクタアレイを配置することで、映像表示部１０に表示した映像を空中映像１６として表示することが可能である。２面コーナーリフレクタアレイは、直交する鏡面を平面上に垂直にアレイ状に並べた物であり、鏡面を計２回反射することで、入射した光を２面コーナーリフレクタアレイに対して面対称な方向へ屈曲させて透過させることができる。この場合も同様に映像表示部１０に表示した映像として様々な方向に発光した光のうち、２面コーナーリフレクタアレイで屈曲して透過した光が空中映像１６上に再収束することで、映像表示部１０に表示した映像を空中映像１６として表示することが可能である。２面コーナーリフレクタアレイによる空中映像光学系を用いた場合も、本実施の形態で説明したものと同じ効果が得られる。","Claims (
5
)
映像を表示する映像表示部と、
前記映像を透過及び反射の性質によって空中映像として入り口として開かれた開口部に結像させる空中結像光学系と、
前記空中映像をすり抜けた対象に対して映像を投影する映像投影部とを備える
ことを特徴とする空中映像表示装置。
前記空中結像光学系は、入射光を透過光と反射光とに分離するビームスプリッタと、前記入射光を入射方向にそのまま反射する再帰性反射シートとを備える
ことを特徴とする請求項
１
に記載の空中映像表示装置。
前記空中結像光学系は、２面コーナーリフレクタアレイである
ことを特徴とする請求項
１
に記載の空中映像表示装置。
前記映像投影部は、前記空中映像と同程度のボケ、輝度低下、又はコントラスト低下処理が行われた映像を、前記空中映像をすり抜けた対象に対して投影する
ことを特徴とする請求項
１から３
のいずれか１項に記載の空中映像表示装置。
前記映像投影部は、前記空中映像をすり抜けた対象の位置、又は形状に合わせて投影する映像を変化させる
ことを特徴とする請求項
１から４
のいずれか１項に記載の空中映像表示装置。"
JP6493240B2,空中映像表示装置,https://patents.google.com/patent/JP6493240B2/ja,本発明は、表示素子のない空中に映像を映し出す空中映像表示装置に関する。,"フラットパネルディスプレイなどに表示した映像を、表示素子のない空中に映し出す技術が考案されている。例えば特許文献１では、２面コーナーリフレクタを平面上に多数構成した２面コーナーリフレクタアレイを用いて、映像を２面コーナーリフレクタアレイに対して面対称な位置にある空間に結像させ、実像として空中に映像を表示する技術が開示されている。
さらに特許文献２では、ハーフミラーと再帰反射シートとを用いて、映像をハーフミラーに対して面対称な位置にある空間に結像させ、実像として空中に映像を表示する技術が開示されている。",これらの手法を使えば、表示素子のない空中に映像を映し出すことが可能であるが、観察者にとって空中映像が表示されている位置がわかりにくい課題があった。我々が通常生活している範囲において実物に目の焦点を合わすことは容易であるが、空中映像は実物のない空中に結像しているため、目の焦点を合わせにくい。観察者の目の焦点が、観察者の視線の先にある実物である２面コーナーリフレクタアレイ、ハーフミラー、又は再帰反射シートにあってしまうと、観察者は映像が空中ではなく、２面コーナーリフレクタアレイ、ハーフミラー、又は再帰反射シート上に映っていると感じてしまう。,"上記課題を解決するために、本発明の空中映像表示装置は、映像を表示する映像表示部と、前
記映
像を透過及び反射の性質によって空中映像として空中に結像させる空中結像光学系と、観察者から見て前記空中映像と同一平面に視認される
ように前記空中映像の周囲に設けた実物の表示面
にガイド映像を表示するガイド映像表示部とを備え
、前記ガイド映像は、鮮鋭度低下処理、輝度低下処理、又はコントラスト低下処理が行われてい
ることを特徴とする。",本発明によれば、空中に映し出した空中映像に観察者の目の焦点を合わせやすくし、観察者が空中映像を本来意図した表示位置に正しく視認することを可能にする。,"これらの手法を使えば、表示素子のない空中に映像を映し出すことが可能であるが、観察者にとって空中映像が表示されている位置がわかりにくい課題があった。我々が通常生活している範囲において実物に目の焦点を合わすことは容易であるが、空中映像は実物のない空中に結像しているため、目の焦点を合わせにくい。観察者の目の焦点が、観察者の視線の先にある実物である２面コーナーリフレクタアレイ、ハーフミラー、又は再帰反射シートにあってしまうと、観察者は映像が空中ではなく、２面コーナーリフレクタアレイ、ハーフミラー、又は再帰反射シート上に映っていると感じてしまう。
上記課題を解決するために、本発明の空中映像表示装置は、映像を表示する映像表示部と、前
記映
像を透過及び反射の性質によって空中映像として空中に結像させる空中結像光学系と、観察者から見て前記空中映像と同一平面に視認される
ように前記空中映像の周囲に設けた実物の表示面
にガイド映像を表示するガイド映像表示部とを備え
、前記ガイド映像は、鮮鋭度低下処理、輝度低下処理、又はコントラスト低下処理が行われてい
ることを特徴とする。
本発明によれば、空中に映し出した空中映像に観察者の目の焦点を合わせやすくし、観察者が空中映像を本来意図した表示位置に正しく視認することを可能にする。","以下、本発明の実施の形態を図面に従って説明する。
実施の形態１．
図１は、本発明の実施の形態１の空中映像表示装置１００の構成を示す俯瞰図である。図１において、空中映像表示装置１００は、映像表示部１０、ビームスプリッタ１２、再帰反射シート１３、左ガイド映像表示部１４及び右ガイド映像表示部１５を備える。これらは床面に対して垂直に立てられているものである。さらに、空中映像表示装置１００は、映像制御部２０を備える。映像表示部１０に表示された映像１１が、ビームスプリッタ１２と再帰反射シート１３とによって構成される空中結像光学系により空中映像１７として表示される。空中映像１７の左右にある左ガイド映像表示部１４及び右ガイド映像表示部１５には、ガイド映像としてそれぞれ左ガイド映像１８及び右ガイド映像１９が表示される。観察者１６は、空中映像１７、左ガイド映像１８及び右ガイド映像１９を同時に観察することができる。映像制御部２０は、映像表示部１０に映像１１の映像信号を、左ガイド映像表示部１４に左ガイド映像１８の映像信号を、右ガイド映像表示部１５に右ガイド映像１９の映像信号をそれぞれ出力する。
図２は、本発明の実施の形態１の空中映像表示装置１００の構成を示す上面図である。構成は図１と同じであるため、説明は省略する。図２は、主に各構成の位置関係を示すものである。
以降、図１及び図２を用いて各構成の詳細について説明する。
映像表示部１０は、発光を伴う映像を表示する。これは例えば液晶ディスプレイのうち透過型液晶とバックライトとを備えたものである。このような液晶ディスプレイは、バックライトの光を液晶層によって画素毎に光の強度を変調することで映像を表示しており、液晶ディスプレイの表面からは変調された光線群が映像として出力される。これ以外にもプラズマディスプレイ、有機ＥＬディスプレイ又はＬＥＤディスプレイのような自発光型の映像表示装置であっても良い。また、映像表示部１０の位置にスクリーンを設置し、スクリーンに対して別に設けるプロジェクタで映像を投影しても良い。この場合、プロジェクタの光がスクリーンで乱反射することにより、発光を伴う映像を表示することができる。映像表示部１０は、映像制御部２０から出力された映像信号を映像１１として表示する。
ビームスプリッタ１２は、入射光を透過光と反射光とに分離する性質を持つ光学素子である。ビームスプリッタ１２は、例えばハーフミラーである。ハーフミラーとは、透過光と反射光とが等しい強度となるように入射光を分離するものである。ただし、透過光と反射光との強度が等しい必要はなく、透過光と反射光との強度に差があってもよい。例えばビームスプリッタ１２は、無色透明なガラス又はアクリル板でもよい。ガラス又はアクリル板は、反射光に比べて透過光の強度が高い。ハーフミラーに対して無色透明なガラス又はアクリル板は、吸収率が低い特徴がある。空中映像表示装置においては、吸収率が低い光学素子を用いることで、空中映像の輝度を上げる効果がある。
再帰反射シート１３は、入射光を入射した方向にそのまま反射する再帰反射性能を持つ光学素子を平面シート状にしたものである。再帰反射は、レトロリフレクションとも表記される。再帰反射性能を持つ光学素子は、レトロリフレクターとも呼ばれる。再帰反射性能を持つ光学素子は、鏡面上に小さなガラスビーズを敷き詰めたビーズタイプ、又は、各面が鏡面で構成される凹形状の小さな三角錐を敷き詰めたマイクロプリズムタイプがある。これらは交通標識に良く用いられている。交通標識の表面に再帰反射性能を持たせることで、夜間に自動車のヘッドライトで照らされた標識が、運転手から見えやすくなる効果がある。再帰反射シート１３は、剛性のある平板などに貼られた状態で固定されていることが望ましい。
図２に示すように、ビームスプリッタ１２は、映像表示部１０に対して４５度傾けた状態で配置される。また、再帰反射シート１３は、映像表示部１０に対して９０度傾けた状態で配置される。図２に示すような配置にすることで、ビームスプリッタ１２と再帰反射シート１３とは、空中映像表示装置１００における空中結像光学系として機能し、映像表示部１０に表示された映像１１を、ビームスプリッタ１２に対して面対称な位置に空中映像１７として表示する。
映像１１を空中映像１７として表示する原理について説明する。映像１１として発光している光のうち、ビームスプリッタ１２に入射した光は、反射成分と透過成分とに分離される。このうち、反射成分は再帰反射シート１３に入射して再帰反射することでそのままビームスプリッタ１２に戻る。ビームスプリッタに戻った光は、さらにビームスプリッタ１２で反射成分と透過成分とに分離される。このうち、透過成分の光路を破線で示したのが光路２１である。なお、光路２１はわかりやすいようにビームスプリッタ１２における反射光と透過光とが重ならないように描いているが、実際にはビームスプリッタ１２上の同一点を通るものである。光路２１は映像１１から垂直方向に発光した光の光路だけを示しているが、映像１１はその表面から様々な方向に発光している。映像１１として様々な方向に発光した光のうち、ビームスプリッタ１２に入射した光の光路をたどると、ビームスプリッタ１２に対して面対称な位置に再収束する。観察者１６には、この再収束した光が再収束した位置で光っているように見えるため、映像１１が空中映像１７として視認される。
図２に示した映像表示部１０、ビームスプリッタ１２及び再帰反射シート１３の位置関係は好適な例として示したものである。映像１１の光がビームスプリッタ１２に対して面対称な位置に再収束する光路が確保されれば、映像表示部１０に対するビームスプリッタ１２及び再帰反射シート１３の設置位置と角度とは変わっても良い。例えば、再帰反射シート１３は、ビームスプリッタ１２よりも離れた位置に映像表示部１０と平行になる状態で設置しても良い。この場合、映像１１として発光している光のうち、ビームスプリッタ１２を透過した光が再帰反射シート１３で再帰反射し、ビームスプリッタ１２に戻る光のうち、ビームスプリッタ１２を反射する光が空中映像を形成する。さらには、再帰反射シート１３は、映像表示部１０に対して４５度傾けた状態と、ビームスプリッタ１２よりも離れた位置に映像表示部１０と平行になる状態の２箇所に設置してもよい。この場合、空中映像として再収束する光路が２つとなり、空中映像の輝度が向上する。
左ガイド映像表示部１４及び右ガイド映像表示部１５は、映像を表示する装置である。左ガイド映像表示部１４及び右ガイド映像表示部１５は、例えば液晶ディスプレイである。また、左ガイド映像表示部１４及び右ガイド映像表示部１５は、プラズマディスプレイ、有機ＥＬディスプレイ又はＬＥＤディスプレイであっても良い。また、左ガイド映像表示部１４及び右ガイド映像表示部１５は、スクリーンに対して別に設けるプロジェクタで映像を投影するものとしても良い。左ガイド映像表示部１４は、映像制御部２０から出力された映像信号を左ガイド映像１８として表示する。同様に、右ガイド映像表示部１５は、映像制御部２０から出力された映像信号を右ガイド映像１９として表示する。
図２に示すように、左ガイド映像表示部１４と右ガイド映像表示部１５とは、それぞれ空中映像１７の左右に位置するように設置され、観察者１６から見て空中映像１７と同一平面に視認される位置にガイド映像として左ガイド映像１８及び右ガイド映像１９を表示する。観察者１６は、空中映像１７、左ガイド映像１８及び右ガイド映像１９を同時に観察することができる。
左ガイド映像表示部１４及び右ガイド映像表示部１５が無い場合、観察者１６は空中映像１７のみを観察する。我々が通常生活している範囲において実物に目の焦点を合わすことは容易であるが、空中映像１７は実物のない空中に結像しているために目の焦点を合わせにくい。観察者１６の目の焦点が、観察者１６の視線の先にある実物であるビームスプリッタ１２に合うと、観察者１６は、空中映像１７が空中ではなくビームスプリッタ１２上に映っていると感じてしまう。同様に、観察者１６の目の焦点が、観察者１６の視線の先にある実物である再帰反射シート１３に合うと、観察者１６は、空中映像１７が空中ではなく再帰反射シート１３上に映っていると感じてしまう。
一方、本発明の空中映像表示装置１００における左ガイド映像１８及び右ガイド映像１９が表示される表示面は実物であるため、観察者１６は左ガイド映像１８及び右ガイド映像１９に容易に目の焦点を合わせることができる。空中映像１７と同一平面に表示される左ガイド映像１８及び右ガイド映像１９は、空中映像１７に観察者１６が目の焦点を合わせる際の手がかりの役割を担っており、観察者１６の目の焦点を空中映像１７の表示位置に自然に誘導し、観察者１６が空中映像１７を正しい表示位置に視認しやすくなる効果がある。
映像制御部２０は、空中映像表示装置１００が備える映像表示部１０と左ガイド映像表示部１４と右ガイド映像表示部１５とに表示する映像を制御する。本実施の形態では、映像制御部２０は、映像１１、左ガイド映像１８及び右ガイド映像１９の映像信号を入力として受け付ける。そして、入力された映像信号を、映像表示部１０、左ガイド映像表示部１４及び右ガイド映像表示部１５にそれぞれ出力する。なお、映像制御部２０で扱う映像１１、左ガイド映像１８及び右ガイド映像１９の映像信号は、外部から入力されたものであってもよいし、映像制御部２０に備えられた記憶部に記録された信号であってもよい。
図３は、映像１１の一例を示した図である。図４は、左ガイド映像１８の一例を示した図である。図５は、右ガイド映像１９の一例を示した図である。
図６は、図３から図５に示した映像１１、左ガイド映像１８及び右ガイド映像１９を空中映像表示装置１００で表示した時に、観察者１６が視認する映像６０を示したものである。先に述べた通り、空中映像表示装置１００では、映像１１が空中映像１７として表示される。空中映像１７と左ガイド映像１８との間には隙間６１がある。同様に空中映像１７と右ガイド映像１９との間には隙間６２がある。これら隙間は、左ガイド映像表示部１４及び右ガイド映像表示部１５の表示面の周囲にあるフレームなどであり、映像が表示されない領域である。
図４の左ガイド映像１８には、映像１１の内容を示す吹き出しが含まれる。図５の右ガイド映像１９には、映像１１の内容を示す吹き出しが含まれる。このように、ガイド映像は、空中映像として表示される内容と連動するような内容を含むことで、空中映像とガイド映像との一体感が増す。これにより、観察者は空中映像がガイド映像と同じ奥行きに表示されていると感じる。空中映像とガイド映像とは同一平面上に見えるよう表示されるため、観察者が空中映像を正しい表示位置に視認しやすくなる。
図６に示したように、空中映像１７として観察者１６から見える映像には、映像１１に対してボケ、輝度低下、又はコントラストの低下などが発生する場合がある。これは空中結像光学系の性能、及び映像１１の光が空中映像１７として再収束する光路の長さに依存する。
空中映像１７のボケの原因の一つは、ビームスプリッタ１２の表面以外に、ビームスプリッタ１２内部を透過した光がビームスプリッタ１２の裏面で再び透過成分と反射成分とに分離されることである。このため、光路２１からビームスプリッタ１２の厚み程度ずれた光路ができあがり、空中映像１７が二重像として現われる。
他の空中映像１７のボケの原因の一つは、再帰反射シート１３における再帰反射方向のずれである。再帰反射シート１３では、入射光に対してすべての光を入射方向に反射することは難しく、やや角度が付いた光も反射される。これら光が例えば光路２１が到達する再収束点の周囲に収束することで、空中映像１７にボケが発生する。これには映像１１の光が空中映像１７として再収束する光路の長さも関係しており、光路が長くなると再収束点に対してより広範な範囲に再収束することで、空中映像１７のボケが大きくなる。
空中映像１７の輝度低下の原因の一つは、ビームスプリッタ１２における映像１１の発光の分離である。空中映像１７として再収束する光路の一つである光路２１は、ビームスプリッタ１２上を２回通る。この際、透過成分と反射成分とのうち、どちらか一方は空中映像１７として再収束しない。この再収束しない成分により、空中映像１７の輝度が低下する。
空中映像１７のコントラストの低下の原因の一つは、観察者１６から見て空中映像１７の背景として存在する再帰反射シート１３である。再帰反射シートには様々な色が存在するが、再帰反射する光の強度が高いものは白、又はシルバーである。こういった明るい色が空中映像１７の背景に存在すると、空中映像１７が白っぽく見え、コントラストが低下して見える。
空中映像１７にボケ、輝度低下、又はコントラストの低下が発生し、ガイド映像として表示される左ガイド映像１８及び右ガイド映像１９と空中映像１７との見え方に大きな差があると、ガイド映像によって観察者が空中映像を正しい表示位置に視認しやすくなる効果が弱くなってしまう問題がある。
これを解決するため、映像制御部２０は、左ガイド映像１８及び右ガイド映像１９に、空中映像１７と同程度のボケを加える処理、輝度低下処理、又はコントラスト低下処理を行うのが良い。このような処理を行って、左ガイド映像表示部１４及び右ガイド映像表示部１５において、空中映像１７と同程度のボケ、輝度低下、又はコントラスト低下を伴うガイド映像を表示することで、ガイド映像と空中映像との一体感を保ち、ガイド映像によって観察者が空中映像を正しい表示位置に視認しやすくなる。
本実施の形態では、空中映像光学系としてビームスプリッタ１２と再帰反射シート１３とを用いた。他の空中映像光学系として、ビームスプリッタ１２の位置に２面コーナーリフレクタアレイを配置することで、映像１１を空中映像１７として表示することが可能である。２面コーナーリフレクタアレイは、直交する鏡面を平面上に垂直にアレイ状に並べた物であり、鏡面を計２回反射することで、入射した光を２面コーナーリフレクタアレイに対して面対称な方向へ屈曲させて透過させることができる。この場合も同様に映像１１として様々な方向に発光した光のうち、２面コーナーリフレクタアレイで屈曲した光が空中映像１７上に再収束することで、映像１１を空中映像１７として表示することが可能である。２面コーナーリフレクタアレイによる空中映像光学系を用いた場合も、左ガイド映像１８及び右ガイド映像１９による効果に変わりはない。
本実施の形態では、観察者１６が空中映像１７に目の焦点を合わせ、空中映像１７の表示位置を視認しやすくするために、空中映像１７の左右にガイド映像を表示したが、ガイド映像の表示位置はこれに限るものではなく、空中映像１７の上下にガイド映像を表示しても良い。また、空中映像１７を囲むようにガイド映像を表示しても良い。また、左ガイド映像１８だけ、もしくは右ガイド映像１９だけを表示しても良い。同じく、空中映像の上側だけ、もしくは下側だけにガイド映像を表示しても良い。目の焦点を合わせ、空中映像の表示位置の手がかりとなるように、観察者１６が空中映像１７と同一平面に見えるようにガイド映像を表示すれば、本実施の形態で説明した効果が得られる。
実施の形態２．
実施の形態２では、空中映像とガイド映像として表示する内容とを一体化させることで空中映像の表示位置の視認性をさらに高めるとともに、空中映像表示装置としてのエンターテイメント性を高める方法について説明する。
図７は、実施の形態２の空中映像表示装置３００の構成を示す俯瞰図である。図７において、空中映像表示装置３００は、映像表示部３０、ビームスプリッタ１２、再帰反射シート１３、左ガイド映像表示部３２及び右ガイド映像表示部３３を備える。これらは床面に対して垂直に立てられているものである。さらに、空中映像表示装置３００は、映像分割制御部３６を備える。映像表示部３０に表示された映像３１が、ビームスプリッタ１２と再帰反射シート１３とからなる空中結像光学系により空中映像１７として表示される。空中映像１７の左にある左ガイド映像表示部３２には、ガイド映像として左ガイド映像３４が表示される。空中映像１７の右にある右ガイド映像表示部３３には、ガイド映像として右ガイド映像３５が表示される。観察者１６は、空中映像１７、左ガイド映像３４及び右ガイド映像３５を同時に観察することができる。映像分割制御部３６は、映像表示部３０に映像３１の映像信号を、左ガイド映像表示部３２に左ガイド映像３４の映像信号を、右ガイド映像表示部３３に右ガイド映像３５の映像信号をそれぞれ出力する。以降、実施の形態２の空中映像表示装置３００の構成について詳細を説明する。ただし、実施の形態１の空中映像表示装置１００と同じものは説明を省く。
左ガイド映像表示部３２及び右ガイド映像表示部３３は、映像を表示する装置であり、表示面の周囲にフレームが無いことが特徴である。例えば左ガイド映像表示部３２の位置にスクリーンを設置し、スクリーンに対して別に設けるプロジェクタで映像を投影することで、フレームのない映像の表示が可能である。この他、ゲートドライバを画素に内包することでフレームの厚みを無くした液晶ディスプレイ、又は、モジュール式のＬＥＤディスプレイなどもフレームのない映像の表示が可能な装置である。右ガイド映像表示部３３についても同様である。
左ガイド映像表示部３２は、空中映像１７の左に位置するように設置され、観察者１６から見て空中映像１７と同一平面に視認される位置にガイド映像として左ガイド映像３４を表示する。右ガイド映像表示部３３は、空中映像１７の右に位置するように設置され、観察者１６から見て空中映像１７と同一平面に視認される位置にガイド映像として右ガイド映像３５を表示する。この時、左ガイド映像３４と空中映像１７との間の隙間が無くなるようにする。同様に、右ガイド映像３５と空中映像１７との間の隙間が無くなるようにする。このようにすることで、観察者１６は、左からシームレスにつながった左ガイド映像３４、空中映像１７及び右ガイド映像３５を観察することができる。
映像分割制御部３６は、空中映像表示装置３００が備える映像表示部３０、左ガイド映像表示部３２及び右ガイド映像表示部３３に表示する映像を制御する。本実施の形態では、映像分割制御部３６は、１つの映像信号を入力として受け付ける。入力される映像信号の映像内容の一例を図８に示す。
映像分割制御部３６は、入力された映像信号を空中映像として表示する領域と、ガイド映像として表示する領域とに分割する。本実施の形態では、ガイド映像として左ガイド映像３４及び右ガイド映像３５の２つが存在するため、合計で３つの領域に分割する。分割した映像信号の映像内容の一例を図９に示す。
次に映像分割制御部３６は、ガイド映像として分割した映像信号に対し、ボケを加える処理、輝度低下処理、又はコントラスト低下処理を行う。空中映像として表示される映像信号は、空中映像光学系によって、ボケ、輝度低下、又はコントラスト低下が発生する。これら処理は、空中映像と同程度のボケ、輝度低下、又はコントラスト低下を伴うガイド映像を表示するために行う。なお、ボケ、輝度低下、及びコントラスト低下のすべての処理を行うのが好適であるが、画像処理を行うための処理回路などのリソースを鑑み、一部の処理だけ行ってもよい。また、空中映像光学系の性能が高く、空中映像に発生するボケ、輝度低下、又はコントラスト低下が許容範囲内にあるとした場合、これら処理はスキップしてもよい。
映像分割制御部３６は、空中映像として表示する領域の映像信号を映像表示部３０に出力し、ガイド映像として表示する領域の映像信号にボケ処理、輝度低下処理、又はコントラスト低下処理を行った映像信号を左ガイド映像表示部３２と右ガイド映像表示部３３とに出力する。
図１０は、本実施の形態において、観察者１６が視認する空中映像１７、左ガイド映像３４及び右ガイド映像３５の一例を示したものである。図１０に示すように、鳥の尾羽と木の枝とが空中映像１７と右ガイド映像３５との間をまたがるように表示される。また、木の葉が空中映像１７と左ガイド映像３４との間をまたがるように表示される。このように、観察者１６は、空中映像とガイド映像とが同一平面でシームレスにつながり、一体化した映像を観察できる。
空中映像とガイド映像とが同一平面でシームレスにつながり、一体化した映像として見えることで、観察者は、目の焦点を合わせやすいガイド映像と同じ奥行きに空中映像が表示されているようにより強く感じやすくなり、空中映像の視認性を高めるガイド映像の効果を強くすることができる。
また、一体化した映像を表示することで、空中映像のサイズよりも大きく、より広い画角の映像を表示することが可能となり、空中映像表示装置のエンターテイメント性を高くすることが可能になる。
本明細書における実施の形態１及び２では、映像表示部と空中結像光学系とを床面に対して垂直に立てて配置する構成について説明したが、本発明はこれ以外の配置においても有効である。これ以外の配置としては、例えばテーブル型の配置がある。これを図１１に示す。
図１１において、ビームスプリッタ９１が床面に対して水平に設置され、ビームスプリッタ９１の下側に、傾斜させた映像表示部９０の表示面と再帰反射シート９２とが向かいあうように設置されている。この配置の場合、映像表示部９０に表示した映像がビームスプリッタ９１の上側に空中映像９３として現われる。
図１１に示した映像表示部と空中結像光学系との配置においても、観察者９４から空中映像９３と同一平面に見えるように、空中映像９３の周囲にガイド映像を表示すれば、本発明の実施の形態それぞれで説明したものと同じ効果が得られる。","Claims (
6
)
映像を表示する映像表示部と、
前記映像を透過及び反射の性質によって空中映像として空中に結像させる空中結像光学系と、
観察者から見て前記空中映像と同一平面に視認されるように前記空中映像の周囲に
設けた実物の表示面に
ガイド映像を表示するガイド映像表示部とを備え、
前記ガイド映像は、
鮮鋭度低下
処理、輝度低下処理、又はコントラスト低下処理が行われている
ことを特徴とする空中映像表示装置。
前記鮮鋭度低下処理、前記輝度低下処理、前記コントラスト低下処理の各々は、前記空中結像光学系の部材構造により決定されるパラメータを用いて行われている
ことを特徴とする請求項１に記載の空中映像表示装置。
前記空中結像光学系は、入射光を透過光と反射光とに分離するビームスプリッタと、前記入射光を入射方向にそのまま反射する再帰性反射シートとを有する
ことを特徴とする請求項１
または２
に記載の空中映像表示装置。
前記空中結像光学系は、２面コーナーリフレクタアレイである
ことを特徴とする請求項１
または２
に記載の空中映像表示装置。
前記空中映像と前記ガイド映像とによりシームレスにつながった映像を構成する
ことを特徴とする請求項１から
４
のいずれか１項に記載の空中映像表示装置。
表示対象となる映像を前記映像表示部と前記ガイド映像表示部とに分割して出力する映像分割制御部とをさらに備える
ことを特徴とする請求項１から
５
のいずれか１項に記載の空中映像表示装置。"
JP6638450B2,空中映像表示装置,https://patents.google.com/patent/JP6638450B2/ja,本発明は、表示素子のない空中に映像を映し出す空中映像表示装置に関する。,フラットパネルディスプレイなどに表示した映像を、表示素子のない空中に映し出す技術が考案されている。例えば特許文献１では、ハーフミラーと再帰反射シートとを用いて、映像をハーフミラーに対して面対称な位置にある空間に結像させ、実像として空中に映像を表示する技術が開示されている。,前述の手法を使えば、表示素子のない空中に映像を映し出すことが可能であるが、観察者が空中映像を視聴する時、空中映像と重なるように空中映像の縮小像が観察され、空中映像の視認性が悪くなる場合があった。,"上記課題を解決するために、本発明の空中映像表示装置は、映像を表示する映像表示部と、前記映像を空中映像として空中に結像させるビームスプリッタと湾曲した再帰反射シートとを有する空中結像光学系とを備え、前記映像表示部において発光した光が、前記ビームスプリッタで反射し、湾曲した前記再帰反射シート上で前記
観察者
から遠のく方向に鏡面反射して前記ビームスプリッタに戻り、前記ビームスプリッタを透過する第一の光路を辿り、前記第一の光路を辿る光のすべてが、観察者の目の存在する領域より外に到達する、または、前記発光した光が、前記ビームスプリッタを透過し、湾曲した前記再帰反射シート上で前記映像表示部から遠のく方向に鏡面反射して前記ビームスプリッタに戻り、前記ビームスプリッタで反射する第二の光路を辿り、前記第二の光路を辿る光のすべてが、前記観察者の目の存在する領域より外に到達することを特徴とする。",本発明によれば、空中映像の縮小像が観察されなくなり、観察者が空中映像だけを視認することを可能にする。,"前述の手法を使えば、表示素子のない空中に映像を映し出すことが可能であるが、観察者が空中映像を視聴する時、空中映像と重なるように空中映像の縮小像が観察され、空中映像の視認性が悪くなる場合があった。
上記課題を解決するために、本発明の空中映像表示装置は、映像を表示する映像表示部と、前記映像を空中映像として空中に結像させるビームスプリッタと湾曲した再帰反射シートとを有する空中結像光学系とを備え、前記映像表示部において発光した光が、前記ビームスプリッタで反射し、湾曲した前記再帰反射シート上で前記
観察者
から遠のく方向に鏡面反射して前記ビームスプリッタに戻り、前記ビームスプリッタを透過する第一の光路を辿り、前記第一の光路を辿る光のすべてが、観察者の目の存在する領域より外に到達する、または、前記発光した光が、前記ビームスプリッタを透過し、湾曲した前記再帰反射シート上で前記映像表示部から遠のく方向に鏡面反射して前記ビームスプリッタに戻り、前記ビームスプリッタで反射する第二の光路を辿り、前記第二の光路を辿る光のすべてが、前記観察者の目の存在する領域より外に到達することを特徴とする。
本発明によれば、空中映像の縮小像が観察されなくなり、観察者が空中映像だけを視認することを可能にする。","以下、本発明の実施の形態を図面に従って説明する。
実施の形態１．
図１は、本発明の実施の形態１の空中映像表示装置１００の構成を示す俯瞰図である。図１において、空中映像表示装置１００は、映像表示部１０、ビームスプリッタ１１、湾曲再帰反射シート１２及び映像制御部１３を備える。映像表示部１０は、映像制御部１３から映像信号を受け取り、これを映像として表示する。映像表示部１０に表示された映像が、ビームスプリッタ１１と湾曲再帰反射シート１２とによって構成される空中結像光学系により空中映像１４として表示される。観察者１５は、空中映像１４の真正面から空中映像１４を観察する。
図２は、本発明の実施の形態１の空中映像表示装置１００の構成を示す上面図である。構成は図１と同じであるため、説明は省略する。図２は、主に各構成の位置関係を示すものである。
以降、図１及び図２を用いて各構成の詳細について説明する。
映像表示部１０は、発光を伴う映像を表示する。これは例えば液晶ディスプレイのうち透過型液晶とバックライトとを備えたものである。このような液晶ディスプレイは、バックライトの光を液晶層によって画素毎に光の強度を変調することで映像を表示しており、液晶ディスプレイの表面からは変調された光線群が映像として出力される。これ以外にもプラズマディスプレイ、有機ＥＬディスプレイ又はＬＥＤディスプレイのような自発光型の映像表示装置であっても良い。また、映像表示部１０の位置にスクリーンを設置し、スクリーンに対して別に設けるプロジェクタで映像を投影しても良い。この場合、プロジェクタの光がスクリーンで乱反射することにより、発光を伴う映像を表示することができる。映像表示部１０は、映像制御部１３から出力された映像信号を受け取り、これを映像として表示する。
映像制御部１３は、映像表示部１０に表示する映像信号を、映像表示部１０に対して出力する。映像制御部１３が出力する映像信号は、外部から入力されたものであってもよいし、映像制御部１３に備えられた記憶部に記録された信号であってもよい。
ビームスプリッタ１１は、入射光を透過光と反射光とに分離する性質を持つ光学素子である。ビームスプリッタ１１は、例えばハーフミラーである。ハーフミラーとは、透過光と反射光とが等しい強度となるように入射光を分離するものである。ただし、透過光と反射光との強度が等しい必要はなく、透過光と反射光との強度に差があってもよい。例えばビームスプリッタ１１は、無色透明なガラス又はアクリル板でもよい。ガラス又はアクリル板は、反射光に比べて透過光の強度が高い。ハーフミラーに対して無色透明なガラス又はアクリル板は、吸収率が低い特徴がある。空中映像表示装置においては、吸収率が低い光学素子を用いることで、空中映像の輝度を上げる効果がある。
湾曲再帰反射シート１２は、入射光を入射した方向にそのまま反射する再帰反射性能を持つ光学素子をシート状にした再帰反射シートを円弧状に湾曲した板に貼り付けたものである。再帰反射は、レトロリフレクションとも表記される。再帰反射性能を持つ光学素子は、レトロリフレクターとも呼ばれる。再帰反射性能を持つ光学素子は、鏡面上に小さなガラスビーズを敷き詰めたビーズタイプ、又は、各面が鏡面で構成される凹形状の小さな三角錐を敷き詰めたマイクロプリズムタイプがある。これらは交通標識に良く用いられている。交通標識の表面に再帰反射性能を持たせることで、夜間に自動車のヘッドライトで照らされた標識が、運転手から見えやすくなる効果がある。
図２に示すように、ビームスプリッタ１１は、観察者１５に対して４５度傾けた状態で配置される。映像表示部１０は、観察者１５に対してその表示面を９０度傾けた状態で配置される。湾曲再帰反射シート１２は、観察者１５の正面に向かって凹面状になるよう、ビームスプリッタ１１よりも奥側に設置される。図２に示すような配置にすることで、ビームスプリッタ１１と湾曲再帰反射シート１２とは、空中映像表示装置１００における空中結像光学系として機能し、映像表示部１０に表示された映像を、ビームスプリッタ１１に対して面対称な位置に空中映像１４として表示することができる。
映像表示部１０に表示した映像を空中映像１４として表示する原理について説明する。映像表示部１０に表示した映像として発光している光のうち、ビームスプリッタ１１に入射した光は、反射成分と透過成分とに分離される。このうち、反射成分は湾曲再帰反射シート１２に入射して再帰反射することでそのままビームスプリッタ１１に戻る。ビームスプリッタに戻った光は、さらにビームスプリッタ１１で反射成分と透過成分とに分離される。このうち、透過成分の光路を破線で示したのが光路２０である。なお、光路２０はわかりやすいようにビームスプリッタ１１における反射光と透過光とが重ならないように描いているが、実際にはビームスプリッタ１１上の同一点を通るものである。光路２０は映像表示部１０の表示面から垂直方向に発光した光の光路だけを示しているが、映像表示部１０はその表示面から様々な方向に発光している。映像表示部１０の表示面から様々な方向へ発光した光のうち、ビームスプリッタ１１に入射した光の光路をたどると、ビームスプリッタ１１に対して面対称な位置に再収束する。観察者１５には、この再収束した光が再収束した位置で光っているように見えるため、映像表示部１０に表示した映像が空中映像１４として視認される。
図２に示した映像表示部１０、ビームスプリッタ１１及び湾曲再帰反射シート１２の位置関係は好適な例として示したものである。映像表示部１０に表示した映像の光がビームスプリッタ１１に対して面対称な位置に再収束する光路が確保されれば、映像表示部１０に対するビームスプリッタ１１及び湾曲再帰反射シート１２の設置位置と角度とは変わっても良い。例えば、湾曲再帰反射シート１２は、観察者１５から見てビームスプリッタ１１の左側に映像表示部１０と向かい合うように設置しても良い。この場合、映像表示部１０に表示した映像として発光している光のうち、ビームスプリッタ１１を透過した光が湾曲再帰反射シート１２で再帰反射し、ビームスプリッタ１１に戻る光のうち、ビームスプリッタ１１を反射する光が空中映像を形成する。
ビームスプリッタと再帰反射シートとによって構成される空中映像光学系を用いた空中映像表示装置において、空中映像１４以外にも映像表示部１０に表示した映像が観察者１５から観察できる場合がある。これは、再帰反射シートが入射光を再帰反射するだけでなく、鏡面反射する特性も持ち合わせるために生じる。空中映像と区別するため、再帰反射シートで鏡面反射した光によって観察者１５が視認する像のことを鏡面反射像と呼ぶことにする。観察者１５が鏡面反射像として映像表示部１０に表示した映像を視認するケースについて、以下に説明する。
図３は、空中映像光学系に、ビームスプリッタ１１と平面状の板に再帰反射シートを貼り付けた平面再帰反射シート３０とを使用した空中映像表示装置３００の構成を示す上面図である。再帰反射シート以外の部分については、空中映像表示装置１００と同じであるため説明を省く。図３に示すように平面再帰反射シート３０は、ビームスプリッタ１１に対して４５度傾けて、その表面が観察者１５と向かいあうように、ビームスプリッタ１１よりも奥側に設置される。
図４は、空中映像表示装置３００において平面再帰反射シート３０で鏡面反射し、空中映像１４の真正面にいる観察者１５の目に入る光の光路の一部を描いた上面図である。図４において、映像表示部１０、ビームスプリッタ１１、及び平面再帰反射シート３０は、簡略化して線分として描いている。長破線で示した光路４１は、映像表示部１０の中央から発光した光がビームスプリッタ１１で反射し、平面再帰反射シート３０で鏡面反射してビームスプリッタ１１に戻り、ビームスプリッタ１１を透過して観察者１５の目に到達する経路を示したものである。短破線で示した光路４２は、映像表示部１０の右端から発光した光がビームスプリッタ１１で反射し、平面再帰反射シート３０で鏡面反射してビームスプリッタ１１に戻り、ビームスプリッタ１１を透過して観察者１５の目に到達する経路を示したものである。一点鎖線で示した光路４３は、映像表示部１０の左端から発光した光がビームスプリッタ１１で反射し、平面再帰反射シート３０で鏡面反射してビームスプリッタ１１に戻り、ビームスプリッタ１１を透過して観察者１５の目に到達する経路を示したものである。このように、映像表示部１０に表示した映像の光のうち、ビームスプリッタ１１で反射し、平面再帰反射シート３０で鏡面反射してビームスプリッタ１１に戻り、ビームスプリッタ１１を透過した光が観察者１５の目に到達すると、観察者１５は平面再帰反射シート３０よりも奥側に、映像表示部１０に表示された映像と同じ内容の鏡面反射像４０を視認する。すなわち、映像表示部１０に表示された映像は、ビームスプリッタ１１で反射した際に反転し、さらに平面再帰反射シート３０で鏡面反射した際に反転するため、２回の反転の結果として鏡面反射像４０は映像表示部１０に表示された映像の正立像として観察者１５に視認される。光路４１、光路４２、及び光路４３はすべて空中映像１４と交差することから、鏡面反射像４０は空中映像１４と重なるように観察者１５に視認される。また、鏡面反射像４０と空中映像１４との観察者１５に対する前後関係から、鏡面反射像４０は空中映像１４の縮小像として観察者１５に視認される。観察者１５が、鏡面反射像４０として映像表示部１０に表示した映像の縮小像を視認すると、空中映像１４の視認性が低下する問題がある。
本実施の形態で説明する空中映像表示装置１００は、再帰反射シートを円弧状に湾曲させることで、映像表示部１０に表示した映像が鏡面反射像４０として観察者１５から視認されなくなっている。図５は、空中映像表示装置１００において湾曲再帰反射シート１２で鏡面反射し、空中映像１４の真正面にいる観察者１５の目に入る光の光路の一部を描いた上面図である。図５において、映像表示部１０、ビームスプリッタ１１、及び湾曲再帰反射シート１２は、簡略化して線分として描いている。長破線で示した光路５１は、ビームスプリッタ１１で反射し、湾曲再帰反射シート１２で鏡面反射してビームスプリッタ１１に戻り、ビームスプリッタ１１を透過し、空中映像１４の中央を通過して観察者１５の目に到達する光の経路を示したものである。また、短破線で示した光路５２は、ビームスプリッタ１１で反射し、湾曲再帰反射シート１２で鏡面反射してビームスプリッタ１１に戻り、ビームスプリッタ１１を透過し、空中映像１４の右端を通過して観察者１５の目に到達する光の経路を示したものである。さらに、一点鎖線で示した光路５３は、ビームスプリッタ１１で反射し、湾曲再帰反射シート１２で鏡面反射してビームスプリッタ１１に戻り、ビームスプリッタ１１を透過し、空中映像１４の左端を通過して観察者１５の目に到達する光の経路を示したものである。図５に示すように、光路５１、光路５２及び光路５３はいずれも映像表示部１０と交わらない。すなわち、空中映像表示装置１００において、ビームスプリッタ１１で反射し、再帰反射シート３０で鏡面反射してビームスプリッタ１１に戻り、ビームスプリッタ１１を透過し、観察者１５の目に到達する光は、もはや映像表示部１０に表示した映像の光を含まず、観察者１５は鏡面反射像として映像表示部１０に表示した映像を視認することはない。図５に示すケースにおいては、鏡面反射像として観察されるのは、湾曲再帰反射シート１２の一部となる。
鏡面反射像として映像表示部１０に表示した映像が視認されなくなるのは、再帰反射シートを円弧状に湾曲させることで、再帰反射シートに入射した光が再帰反射シートの表面で鏡面反射する方向を、映像表示部１０から遠のくようにしたためである。このように鏡面反射方向を制御することで、映像表示部１０に表示した映像が再帰反射シートの表面で鏡面反射することで形成される像を観察者から見えない方向に追いやることができる。
再帰反射シートを円弧状に湾曲させる方向は、水平方向だけで観察者１５が鏡面反射像として映像表示部１０に表示した映像を視認させなくするのに十分な効果がある。水平方向だけでなく、垂直方向にも湾曲させ、球面状の再帰反射シートにしても観察者１５が鏡面反射像として映像表示部１０に表示した映像を視認させなくすることができるが、製造が難しくなる問題がある。
本実施の形態においては、再帰反射シートを湾曲させ、円弧状にした場合について説明したが、観察者１５が鏡面反射像として映像表示部１０に表示した映像を視認しないようにするには、これ以外の形状であってもよい。例えば、再帰反射シートを平板に貼り付けたものを観察者１５に対して角度を付けて傾斜させて設置しても良い。図６は、傾斜平面再帰反射シート６０で鏡面反射し、空中映像１４の真正面にいる観察者１５の目に入る光の光路の一部を描いた上面図である。図６に示すように、ビームスプリッタ１１で反射し、傾斜平面再帰反射シート６０で鏡面反射してビームスプリッタ１１に戻り、ビームスプリッタ１１を透過し、空中映像１４と交わって観察者１５の目に到達する光路６１、光路６２及び光路６３は、いずれも映像表示部１０と交わらない。よって、観察者１５は鏡面反射像として映像表示部１０に表示した映像を視認することはない。このように再帰反射シートを傾斜させることでも、再帰反射シートに入射した光が再帰反射シートの表面で鏡面反射する方向を、映像表示部１０から遠のくようにすることができる。
また、本実施の形態においては、円弧状に湾曲した再帰反射シートを図２に示すように観察者１５と向かい合うように設置するケースについて説明したが、円弧状に湾曲した再帰反射シートを観察者１５から見て左側に、映像表示部１０と向かい合うように設置した場合も同様の効果が得られる。図７は、円弧状に湾曲した再帰反射シートを観察者１５から見て左側に、映像表示部１０と向かい合うように設置した場合において、湾曲再帰反射シート７０で鏡面反射し、空中映像１４の真正面にいる観察者１５の目に入る光の光路の一部を描いた上面図である。この場合、鏡面反射像として観察者１５の目に入る光の光路は、ビームスプリッタ１１を透過し、湾曲再帰反射シート７０で鏡面反射してビームスプリッタ１１に戻り、ビームスプリッタ１１で反射し、観察者１５の目に到達する光路となる。図７において、長破線で示した光路７１は空中映像１４の中央を通り、短破線で示した光路７２は空中映像１４の右端を通り、一点鎖線で示した光路７３は空中映像１４の左端を通り、鏡面反射像として観察者１５の目に入る光の光路を示している。光路７１、光路７２及び光路７３は、すべて映像表示部１０と交わらないため、観察者１５は鏡面反射像として映像表示部１０に表示した映像を視認することはない。
本実施の形態においては、観察者１５は空中映像１４の真正面の位置から空中映像１４を視聴する場合について説明を行ったが、これ以外の位置にいる観察者が空中映像１４を視聴する場合もある。想定される観察者が位置する範囲内において、鏡面反射像として映像表示部１０に表示した映像が視認されなくなるように、再帰反射シート上における鏡面反射方向を制御することが最も望ましい。","Claims (
2
)
映像を表示する映像表示部と、
前記映像を空中映像として空中に結像させるビームスプリッタと湾曲した再帰反射シートとを有する空中結像光学系とを備え、
前記映像表示部において発光した光が、前記ビームスプリッタで反射し、湾曲した前記再帰反射シート上で前記映像表示部から遠のく方向に鏡面反射して前記ビームスプリッタに戻り、前記ビームスプリッタを透過する第一の光路を辿り、前記第一の光路の光路を辿る光のすべてが、観察者の目の存在する領域より外に到達する、または、前記発光した光が、前記ビームスプリッタを透過し、湾曲した前記再帰反射シート上で前記
観察者
から遠のく方向に鏡面反射して前記ビームスプリッタに戻り、前記ビームスプリッタで反射する第二の光路を辿り、前記第二の光路の光路を辿る光のすべてが、前記観察者の目の存在する領域より外に到達する
ことを特徴とする空中映像表示装置。
前記再帰反射シートは、前記観察者に対して凹形状になるよう湾曲している
ことを特徴とする請求項１に記載の空中映像表示装置。"
JP5738497B1,共振結合型電力伝送システム、共振型電力送信装置及び共振型電力受信装置,https://patents.google.com/patent/JP5738497B1/ja,この発明は、共振型送受信アンテナの共振特性を利用して電力伝送を行う共振結合型電力伝送システム、共振型電力送信装置及び共振型電力受信装置に関するものである。,"従来から、エネルギーを無線で転送する装置が知られている（例えば特許文献１−３参照）。この装置は、第１の共振器構造（共振型送信アンテナ）と、この第１の共振器構造から遠位に位置する第２の共振器構造（共振型受信アンテナ）から構成されている。第１の共振器構造は、電力供給源（交流出力型電源）からエネルギーを受け取って、電磁共鳴（磁界共振結合）により第２の共振器構造へ非放射で転送するものである。また、第２の共振器構造は、第１の共振器構造からのエネルギーを受けて外部負荷（受信回路）へ供給するものである。また、第１の共振器構造の共振特性値Ｑ１及び第２の共振器構造の共振特性値Ｑ２が下式（１）を満たすように設定されている。
√（Ｑ１・Ｑ２）＞１００    （１）
これにより、エネルギーの転送効率を下げることなく、第１，２の共振器構造間の距離を、その特徴的なサイズ（従来の電磁誘導による距離）よりも大きくすることができる。","しかしながら、特許文献１−３に開示された従来装置では、第１，２の共振器構造の共振特性値Ｑ１，Ｑ２のみを考慮しており、第１の共振器構造に繋がる電力供給源による共振特性値の変動、及び第２の共振器構造に繋がる外部負荷による共振特性値の変動が考慮されていないという課題がある。
すなわち、高周波回路では、回路ブロック毎にインピーダンスの整合をとるインタフェースが必要となる。一方、従来装置では、第１，２の共振器構造の共振特性値Ｑ１，Ｑ２のみを考慮していることから、第１の共振器構造と電力供給源との間、及び第２の共振器構造と外部負荷との間に、上記インタフェースが設けられることになる。この構成の場合、第１，２の共振器構造間では、高効率に電力伝送を行うことができる。しかしながら、電力供給源及び外部負荷を含むシステム全体としてみた場合、上記のようなインタフェースがあることで、電力損失が非常に大きくなる。
また、式（１）の条件では、第１，２の共振器構造間の結合度が適切でない場合、つまり、第１，２の共振器構造間の距離によっては、ロスエネルギーが大きく、効率的な電力伝送が行えないという課題がある。また、上記条件では、第１，２の共振器構造のアンテナ構成が制限されてしまい自由度がなく、小型化、軽量化、低コスト化が困難であるという課題がある。また、上記条件では、第１，２の共振器構造の一部として用いるキャパシタに高電圧が加わるため、高耐圧なキャパシタ等の特殊部品が必要となり、小型化、軽量化、低コスト化が困難であるという課題がある。
この発明は、上記のような課題を解決するためになされたもので、共振型電源及び受信回路の影響による共振特性値の変動を考慮した設定を行い、従来装置に対してシステム全体での電力伝送の高効率化を図ることができる共振結合型電力伝送システム、共振型電力送信装置及び共振型電力受信装置を提供することを目的としている。","この発明に係る共振結合型電力伝送システムは、電力を供給する共振型電源、及び共振型電源により供給された電力を伝送する共振型送信アンテナを有する共振型電力送信装置と、共振型送信アンテナにより伝送された電力を受信する共振型受信アンテナ、及び共振型受信アンテナにより受信された電力を負荷へ供給する受信回路を有する共振型電力受信装置とを備え、
共振型電源の共振特性値をＱｏとし、共振型送信アンテナの共振特性値をＱｔとし、共振型電力受信装置の共振特性値をＱｒとしたとき、０．５Ｑｒ≦√（Ｑｏ・Ｑｔ）≦１．５Ｑｒを満たすように、共振型電源、共振型送信アンテナ、共振型受信アンテナ及び受信回路の特性インピーダンスを設定した
ものである。",この発明によれば、上記のように構成したので、共振型電源及び受信回路の影響による共振特性値の変動を考慮した設定を行い、従来装置に対してシステム全体での電力伝送の高効率化を図ることができる。,"しかしながら、特許文献１−３に開示された従来装置では、第１，２の共振器構造の共振特性値Ｑ１，Ｑ２のみを考慮しており、第１の共振器構造に繋がる電力供給源による共振特性値の変動、及び第２の共振器構造に繋がる外部負荷による共振特性値の変動が考慮されていないという課題がある。
すなわち、高周波回路では、回路ブロック毎にインピーダンスの整合をとるインタフェースが必要となる。一方、従来装置では、第１，２の共振器構造の共振特性値Ｑ１，Ｑ２のみを考慮していることから、第１の共振器構造と電力供給源との間、及び第２の共振器構造と外部負荷との間に、上記インタフェースが設けられることになる。この構成の場合、第１，２の共振器構造間では、高効率に電力伝送を行うことができる。しかしながら、電力供給源及び外部負荷を含むシステム全体としてみた場合、上記のようなインタフェースがあることで、電力損失が非常に大きくなる。
また、式（１）の条件では、第１，２の共振器構造間の結合度が適切でない場合、つまり、第１，２の共振器構造間の距離によっては、ロスエネルギーが大きく、効率的な電力伝送が行えないという課題がある。また、上記条件では、第１，２の共振器構造のアンテナ構成が制限されてしまい自由度がなく、小型化、軽量化、低コスト化が困難であるという課題がある。また、上記条件では、第１，２の共振器構造の一部として用いるキャパシタに高電圧が加わるため、高耐圧なキャパシタ等の特殊部品が必要となり、小型化、軽量化、低コスト化が困難であるという課題がある。
この発明は、上記のような課題を解決するためになされたもので、共振型電源及び受信回路の影響による共振特性値の変動を考慮した設定を行い、従来装置に対してシステム全体での電力伝送の高効率化を図ることができる共振結合型電力伝送システム、共振型電力送信装置及び共振型電力受信装置を提供することを目的としている。
この発明に係る共振結合型電力伝送システムは、電力を供給する共振型電源、及び共振型電源により供給された電力を伝送する共振型送信アンテナを有する共振型電力送信装置と、共振型送信アンテナにより伝送された電力を受信する共振型受信アンテナ、及び共振型受信アンテナにより受信された電力を負荷へ供給する受信回路を有する共振型電力受信装置とを備え、
共振型電源の共振特性値をＱｏとし、共振型送信アンテナの共振特性値をＱｔとし、共振型電力受信装置の共振特性値をＱｒとしたとき、０．５Ｑｒ≦√（Ｑｏ・Ｑｔ）≦１．５Ｑｒを満たすように、共振型電源、共振型送信アンテナ、共振型受信アンテナ及び受信回路の特性インピーダンスを設定した
ものである。
この発明によれば、上記のように構成したので、共振型電源及び受信回路の影響による共振特性値の変動を考慮した設定を行い、従来装置に対してシステム全体での電力伝送の高効率化を図ることができる。","以下、この発明の実施の形態について図面を参照しながら詳細に説明する。
実施の形態１．
図１はこの発明の実施の形態１に係る共振結合型電力伝送システムの構成を示す図であり、図２は具体的な回路図である。
共振結合型電力伝送システムは、図１，２に示すように、共振型電力送信装置１及び共振型電力受信装置２から構成されている。なお図２に示す共振結合型電力伝送システムでは、後述する共振型電源１１の共振周波数が２ＭＨｚ以上である場合を示しているが、２ＭＨｚ未満のものを用いてもよい。
共振型電力送信装置１は、共振型電源１１、整合回路１２及び共振型送信アンテナ１３から構成されている。
共振型電源１１は、共振型送信アンテナ１３への電力の供給を制御するものであり、直流又は交流の入力電力を所定の周波数の交流に変換して出力するものである。この共振型電源１１は、共振スイッチング方式による電源回路で構成され、出力インピーダンスＺｏ、共振周波数ｆｏ及び共振特性値Ｑｏを有する。
整合回路１２は、共振型電源１１の出力インピーダンスＺｏと共振型送信アンテナ１３の通過特性インピーダンスＺｔとの間のインピーダンス整合を行うものである。この整合回路１２は、インダクタＬ及びキャパシタＣによるπ型やＬ型のフィルタで構成され、その通過特性インピーダンスＺｐを有する。
共振型送信アンテナ１３は、整合回路１２を介した共振型電源１１からの交流電力を入力して共振動作を行い、非放射型の電磁界を近傍に発生させることで、共振型受信アンテナ２１に対して電力伝送を行うものである。この共振型送信アンテナ１３は、コイル形状による共振型のアンテナであり、その通過特性インピーダンスＺｔ、共振周波数ｆｔ及び共振特性値Ｑｔを有する。
また、共振型電源１１の共振周波数ｆｏ及び共振特性値Ｑｏは、共振型電源１１の出力インピーダンスＺｏと整合回路１２の通過特性インピーダンスＺｐから決まる。共振型送信アンテナ１３の共振周波数ｆｔ及び共振特性値Ｑｔは、共振型送信アンテナ１３の通過特性インピーダンスＺｔと整合回路１２の通過特性インピーダンスＺｐから決まる。
そして、この２つの共振特性値Ｑｏ，Ｑｔから、共振型電力送信装置１は共振特性値Ｑｔｘ＝√（Ｑｏ・Ｑｔ）を有することになる。
共振型電力受信装置２は、共振型受信アンテナ２１、整流回路２２及び受信回路２３により構成されている。この共振型電力受信装置２は、共振周波数ｆｒ及び共振特性値Ｑｒを有している。
共振型受信アンテナ２１は、共振型送信アンテナ１３からの非放射型の電磁界と共振結合動作を行うことで電力を受信し、交流電力を出力するものである。この共振型受信アンテナ２１は、コイル形状による共振型のアンテナであり、その通過特性インピーダンスＺｒを有する。
整流回路２２は、共振型受信アンテナ２１からの交流電力を直流電力に変換する整流機能と、共振型受信アンテナ２１の通過特性インピーダンスＺｒと受信回路２３の入力インピーダンスＺＲＬとの間のインピーダンス整合を行う整合機能を有する整合型整流回路である。整合機能は、インダクタＬ及びキャパシタＣによるπ型やＬ型のフィルタで構成される。また、整流回路２２は、通過特性インピーダンスＺｓを有する。なおここでは、整流回路２２が整流機能及び整合機能を有するものとしたが、これに限るものではなく、整流効率は下がるが整流機能のみで構成してもよい。
受信回路２３は、整流回路２２からの直流電力を入力し、所定の電圧へ変換して負荷（不図示）へ供給するものである。この受信回路２３は、高周波電圧リップルを平滑するためのＬＣフィルタ（平滑フィルタ）と、所定の電圧へ変換するためのＤＣ／ＤＣコンバータ等で構成され、その入力インピーダンスＺＲＬを有している。なお、ＤＣ／ＤＣコンバータを設けず、平滑フィルタのみで構成してもよい。
また、共振型電力受信装置２の共振特性値Ｑｒ及び共振周波数ｆｒは、共振型受信アンテナ２１の通過特性インピーダンスＺｒと、整流回路２２の通過特性インピーダンスＺｓと、受信回路２３の入力インピーダンスＺＲＬから決まる。
なお、共振型送受信アンテナ１３，２１の共振結合による電力伝送方式は特に限定されるものではなく、磁界共鳴による方式、電界共鳴による方式、電磁誘導による方式、接触型の共振結合方式のいずれであってもよい。
そして、本発明では、共振型電源１１の共振特性値Ｑｏ、共振型送信アンテナ１３の共振特性値Ｑｔ及び共振型電力受信装置２の共振特性値Ｑｒに相関関係を持たせるように、各機能部の特性インピーダンスを設定する。すなわち、共振型電力送信装置１の共振特性値Ｑｔｘ（＝√（Ｑｏ・Ｑｔ））と共振型電力受信装置２の共振特性値Ｑｒとを近づける（下式（２））。具体的には下式（３）の範囲内であればよい。
√（Ｑｏ・Ｑｔ）≒Ｑｒ                      （２）
０．５Ｑｒ≦√（Ｑｏ・Ｑｔ）≦１．５Ｑｒ    （３）
これにより、共振型送信アンテナ１３に繋がる共振型電源１１の影響による共振特性値の変動、及び共振型受信アンテナ２１に繋がる受信回路２３の影響による共振特性値の変動を考慮して、共振型電力送信装置１及び共振型電力受信装置２を設定することが可能となる。その結果、システム全体として高効率な電力伝送が可能となる。
次に、図３を用いて、共振型送受信アンテナ１３，２１間の距離ｄと結合係数ｋ（≒磁束鎖交率）との関係について説明する。ここで、共振型送受信アンテナ１３，２１（ヘリカル型アンテナ）の径Φを１８［ｃｍ］とした場合、距離ｄと結合係数ｋとの関係は図３（ｂ）のようになる。すなわち、距離ｄが近いほど結合係数ｋが大きくなり、距離ｄが遠くなるほど結合係数ｋが小さくなる。
しかしながら、本発明のように３つの共振特性値Ｑｏ，Ｑｔ，Ｑｒに相関関係を持たせることで、電力伝送効率を下げることなく、共振型送受信アンテナ１３，２１間の距離を、従来の電磁誘導による距離よりも大きくすることができる。
また、共振型電力送信装置１において、下式（４）を満たすように、各機能部の特性インピーダンスを設定する。具体的には下式（５）の範囲内であればよい。
ｋ√（Ｑｏ・Ｑｔ）≒１                （４）
０．５≦ｋ√（Ｑｏ・Ｑｔ）≦１．５    （５）
また、共振型電力受信装置２において、下式（６）を満たすように、各機能部の特性インピーダンスを設定する。具体的には下式（７）の範囲内であればよい。
ｋ・Ｑｒ≒１                          （６）
０．５≦ｋ・Ｑｒ≦１．５              （７）
これにより、図４に示すように、システム全体としての電力伝送効率をより高めることができる。
更に、図５（ａ）に示すように、式（２），（３）の条件下において、共振型送信アンテナ１３の共振周波数ｆｔ（実線）と共振型受信アンテナ２１の共振周波数ｆｒ（破線）とを異なる値に設定する。この際、理想的には、共振特性値Ｑｔｘ，Ｑｒの交点が最も高くなるように共振周波数ｆｔ，ｆｒをずらし、且つ、当該交点を共振型電源１１の共振周波数ｆｏに一致させる。これにより、図５（ｂ）に示すように、式（２），（３）での共振特性値を最大に近づけることができ、共振周波数（伝送周波数）ｆｏにおいて、電力伝送効率を最大に近づけることができる。
次に、従来装置と本発明との違いについて説明する。
従来装置は、上述したように、第１の共振器構造（共振型送信アンテナ）の共振特性値Ｑ１と、第２の共振器構造（共振型受信アンテナ）の共振特性値Ｑ２とを式（１）を満たすように高く設定したものである。一方、本発明では、共振型電源１１の共振特性値Ｑｏ、共振型送信アンテナ１３の共振特性値Ｑｔ及び共振型電力受信装置２の共振特性値Ｑｒという３つの共振特性値に相関関係を持たせたものである。その結果、電力伝送効率を下げることなく、共振型送受信アンテナ１３，２１間の距離ｄを、従来の電磁誘導による距離よりも大きくすることができる。つまり、本発明では、従来装置の共振特性値Ｑ１，Ｑ２に相当する共振型送受信アンテナ１３，２１の共振特性値√（Ｑｏ・Ｑｔ），Ｑｒが従来装置よりも低い場合であっても、遠距離へ高効率な電力伝送が可能である。以下、具体例を示す。
まず、共振型電源１１の共振周波数ｆｏにおいて、共振型電源１１の共振特性値Ｑｏを４、共振型送信アンテナ１３の共振特性値Ｑｔを６に設定し、共振型電力受信装置２の共振特性値Ｑｒを５に設定した場合を示す。
この場合、下式（８）の関係が成立する。
√（Ｑｏ・Ｑｔ）≒Ｑｒ≒５      （８）
このとき、式（４），（６）から、下式（９）を満たす結合係数ｋの条件において、最も高効率な電力伝送が可能となる。
ｋ≒１／５＝０．２              （９）
ここで、共振型送受信アンテナ１３，２１の径Φが１８［ｃｍ］の場合（図３）、上記結合係数ｋ＝０．２を満たすためには、共振型送受信アンテナ１３，２１の距離ｄを約７ｃｍに設定すればよい。また、その共振型送受信アンテナ１３，２１間の銅損を除く伝送効率ηは下式（１０）となる。
η≒ｋ√（√（Ｑｏ・Ｑｔ）・Ｑｒ）＝９９％      （１０）
次に、共振型電源１１の共振周波数ｆｏにおいて、共振型電源１１の共振特性値Ｑｏを４０、共振型送信アンテナ１３の共振特性値Ｑｔを６０に設定し、共振型電力受信装置２の共振特性値Ｑｒを５０に設定した場合を示す。
この場合、下式（１１）の関係が成立する。
√（Ｑｏ・Ｑｔ）≒Ｑｒ≒５０      （１１）
このとき、式（４），（６）から、下式（１２）を満たす結合係数ｋの条件において、最も高効率な電力伝送が可能となる。
ｋ≒１／５０＝０．０２      （１２）
ここで、共振型送受信アンテナ１３，２１の径Φが１８［ｃｍ］の場合（図３）、上記結合係数ｋ＝０．０２を満たすためには、共振型送受信アンテナ１３，２１の距離ｄを約２０ｃｍに設定すればよい。また、その共振型送受信アンテナ１３，２１間の銅損を除く伝送効率ηは式（１０）となる。
次に、共振型電源１１の共振周波数ｆｏにおいて、共振型電源１１の共振特性値Ｑｏを１２０、共振型送信アンテナ１３の共振特性値Ｑｔを８０に設定し、共振型電力受信装置２の共振特性値Ｑｒを１００に設定した場合を示す。
この場合、下式（１３）の関係が成立する。
√（Ｑｏ・Ｑｔ）≒Ｑｒ≒１００      （１３）
このとき、式（４），（６）より、下式（１４）を満たす結合係数ｋの条件において、最も高効率な電力伝送が可能となる。
ｋ≒１／１００＝０．０１      （１４）
ここで、共振型送受信アンテナ１３，２１の径Φが１８［ｃｍ］の場合（図３）、上記結合係数ｋ＝０．０１を満たすためには、共振型送受信アンテナ１３，２１の距離ｄを約３０ｃｍに設定すればよい。また、その共振型送受信アンテナ１３，２１間の銅損を除く伝送効率ηは式（１０）となる。
以上のように、この実施の形態１によれば、共振型電源１１の共振特性値Ｑｏ、共振型送信アンテナ１３の共振特性値Ｑｔ及び共振型電力受信装置２の共振特性値Ｑｒに相関関係を持たせるように、各機能部の特性インピーダンスを設定したので、共振型電源１１及び受信回路２３の影響による共振特性値の変動を考慮して、共振型電力送信装置１及び共振型電力受信装置２を設定することが可能となり、従来装置に対してシステム全体として電力伝送の高効率化を図ることができる。また、共振型送受信アンテナ１３，２１の共振特性値に依らずに、電力伝送効率を下げることなく、共振型送受信アンテナ１３，２１間の距離を、従来の電磁誘導による距離よりも遠くすることができる。
また、共振型送受信アンテナ１３，２１の共振特性値を高めなくてもよいため、共振型送受信アンテナ１３，２１は、共振特性値で制限されない自由度のあるアンテナ設計が可能となり、小型化、軽量化、低コスト化が可能となる。また、共振型送受信アンテナ１３，２１の一部として用いられるキャパシタに、高耐圧のキャパシタ等の特殊な部品を用いる必要はないため、小型化、軽量化、低コスト化が可能となる。
なお、本発明の共振型電源１１は、図２に示す回路構成に限るものではなく、例えば図６に示すような回路構成としてもよい。ここで、図６（ａ）はブリッジ型コンバータを示し、図６（ｂ）はＤ級コンバータを示し、図６（ｃ）はＤＥ級コンバータを示している。
また、本発明の整流回路２２は、図２に示す回路構成に限るものではなく、例えば図７に示すような回路構成としてもよい。ここで、図７（ａ）はＥ級整流回路を示し、図７（ｂ）は倍電流整流回路を示し、図７（ｃ）は半波整流回路を示し、図７（ｄ）は倍電圧整流回路を示している。
また図１では、共振型電力送信装置１に整合回路１２を設けた場合を示した。しかしながら、これに限るものではなく、図８に示すように、整合回路１２を設けずに構成してもよい。この場合、共振型電源１１の共振周波数ｆｏ及び共振特性値Ｑｏは、共振型電源１１の出力インピーダンスＺｏと共振型送信アンテナ１３の通過特性インピーダンスＺｔから決まる。また、共振型送信アンテナ１３の共振周波数ｆｔ及び共振特性値Ｑｔは、共振型送信アンテナ１３の通過特性インピーダンスＺｔと共振型電源１１の出力インピーダンスＺｏから決まる。
また、本願発明はその発明の範囲内において、実施の形態の任意の構成要素の変形、もしくは実施の形態の任意の構成要素の省略が可能である。","Claims (
8
)
電力を供給する共振型電源、及び前記共振型電源により供給された電力を伝送する共振型送信アンテナを有する共振型電力送信装置と、
前記共振型送信アンテナにより伝送された電力を受信する共振型受信アンテナ、及び前記共振型受信アンテナにより受信された電力を負荷へ供給する受信回路を有する共振型電力受信装置とを備え、
前記共振型電源の共振特性値をＱｏとし、前記共振型送信アンテナの共振特性値をＱｔとし、前記共振型電力受信装置の共振特性値をＱｒとしたとき、０．５Ｑｒ≦√（Ｑｏ・Ｑｔ）≦１．５Ｑｒを満たすように、前記共振型電源、前記共振型送信アンテナ、前記共振型受信アンテナ及び前記受信回路の特性インピーダンスを設定した
ことを特徴とする共振結合型電力伝送システム。
前記共振型送信アンテナと前記共振型受信アンテナとの間の結合係数をｋとしたとき、０．５≦ｋ√（Ｑｏ・Ｑｔ）≦１．５を満たす
ことを特徴とする請求項
１
記載の共振結合型電力伝送システム。
前記共振型送信アンテナと前記共振型受信アンテナとの間の結合係数をｋとしたとき、０．５≦ｋ・Ｑｒ≦１．５を満たす
ことを特徴とする請求項
１
記載の共振結合型電力伝送システム。
前記共振型送信アンテナの共振周波数と前記共振型受信アンテナの共振周波数は異なる
ことを特徴とする請求項１記載の共振結合型電力伝送システム。
前記共振型電源の共振周波数は２ＭＨｚ以上である
ことを特徴とする請求項１記載の共振結合型電力伝送システム。
前記共振型送信アンテナと前記共振型受信アンテナとの間の共振結合による電力伝送方式は、磁界、電界、電磁誘導のうちのいずれかである
ことを特徴とする請求項１記載の共振結合型電力伝送システム。
電力を供給する共振型電源と、
前記共振型電源により供給された電力を伝送する共振型送信アンテナとを有し、
前記共振型電源の共振特性値をＱｏとし、前記共振型送信アンテナの共振特性値をＱｔとし、前記共振型送信アンテナにより伝送された電力を受信する共振型受信アンテナ、及び前記共振型受信アンテナにより受信された電力を負荷へ供給する受信回路を有する共振型電力受信装置の共振特性値をＱｒとしたとき、０．５Ｑｒ≦√（Ｑｏ・Ｑｔ）≦１．５Ｑｒを満たすように、前記共振型電源、前記共振型送信アンテナ、前記共振型受信アンテナ及び前記受信回路の特性インピーダンスを設定した
ことを特徴とする共振型電力送信装置。
電力を供給する共振型電源、及び前記共振型電源により供給された電力を伝送する共振型送信アンテナを有する共振型電力送信装置により伝送された電力を受信する共振型受信アンテナと、
前記共振型受信アンテナにより受信された電力を負荷へ供給する受信回路とを有し、
前記共振型電源の共振特性値をＱｏとし、前記共振型送信アンテナの共振特性値をＱｔとし、自身の共振特性値をＱｒとしたとき、０．５Ｑｒ≦√（Ｑｏ・Ｑｔ）≦１．５Ｑｒを満たすように、前記共振型電源、前記共振型送信アンテナ、前記共振型受信アンテナ及び前記受信回路の特性インピーダンスを設定した
ことを特徴とする共振型電力受信装置。"
JP5132816B2,インジケータ装置,https://patents.google.com/patent/JP5132816B2/ja,この発明は、例えばエレベータの操作パネル等に用いられるインジケータ装置に関するものである。,"従来のエレベータの操作パネルでは、ボタンの外周とフェースプレートとの間に透光性材料からなるボタン枠が設けられている。また、ボタン枠の背部には、光源が配置されている。そして、光源を点灯・消灯させることにより、ボタンの操作状態が利用者に知らされる（例えば、特許文献１参照）。
また、従来のＶＴＲ装置のドアパネルに設けられたインジケータでは、ドアパネルとの一体感を持たせるために、光透過部材の表面にスパッタリングにより金属皮膜が付着されている（例えば、特許文献２参照）。","上記のような従来のエレベータの操作パネルでは、光源の点灯時にはボタン枠が照明されるが、光源の消灯時にはボタン枠自体の外観が見え、意匠性が低下する。これに対して、ボタン枠の表面に金属皮膜を形成する方法も考えられるが、その場合、製造コストが高くなってしまう。特に、エレベータの操作パネルに用いられる部品など、サイズが比較的大きい部品は、真空槽内に一度に収容できる個数が少ないため、製造効率が低くコストが高くなってしまう。また、金属皮膜を形成した場合には、手が直接触れても剥がれないように保護膜を形成する必要もある。さらに、光透過部材の表面に金属光沢を持たせるだけでは、意匠の自由度が低い。
この発明は、上記のような課題を解決するためになされたものであり、低コストで、意匠性及び意匠の自由度を向上させることができるインジケータ装置を得ることを目的とする。",この発明に係るインジケータ装置は、光源、プリズム部材側面と、プリズム部材側面に対して傾斜されており光源からの光が入射される透過・反射面とを有し、光源からの光を透過するプリズム部材、及びプリズム部材側面に隣接する隣接面を有する隣接部材を備え、光源の消灯時にプリズム部材を正面から見ると、透過・反射面での光学的な反射により隣接面が見えるようになっている。,この発明のインジケータ装置は、光源の点灯時には、プリズム部材を光が透過してプリズム部材が光って見え、光源の消灯時には、プリズム部材に隣接面の意匠が見えるため、光源の消灯時のプリズム部材の意匠を隣接面の材料、色、模様等と同じにすることができ、低コストで、意匠性及び意匠の自由度を向上させることができる。,"上記のような従来のエレベータの操作パネルでは、光源の点灯時にはボタン枠が照明されるが、光源の消灯時にはボタン枠自体の外観が見え、意匠性が低下する。これに対して、ボタン枠の表面に金属皮膜を形成する方法も考えられるが、その場合、製造コストが高くなってしまう。特に、エレベータの操作パネルに用いられる部品など、サイズが比較的大きい部品は、真空槽内に一度に収容できる個数が少ないため、製造効率が低くコストが高くなってしまう。また、金属皮膜を形成した場合には、手が直接触れても剥がれないように保護膜を形成する必要もある。さらに、光透過部材の表面に金属光沢を持たせるだけでは、意匠の自由度が低い。
この発明は、上記のような課題を解決するためになされたものであり、低コストで、意匠性及び意匠の自由度を向上させることができるインジケータ装置を得ることを目的とする。
この発明に係るインジケータ装置は、光源、プリズム部材側面と、プリズム部材側面に対して傾斜されており光源からの光が入射される透過・反射面とを有し、光源からの光を透過するプリズム部材、及びプリズム部材側面に隣接する隣接面を有する隣接部材を備え、光源の消灯時にプリズム部材を正面から見ると、透過・反射面での光学的な反射により隣接面が見えるようになっている。
この発明のインジケータ装置は、光源の点灯時には、プリズム部材を光が透過してプリズム部材が光って見え、光源の消灯時には、プリズム部材に隣接面の意匠が見えるため、光源の消灯時のプリズム部材の意匠を隣接面の材料、色、模様等と同じにすることができ、低コストで、意匠性及び意匠の自由度を向上させることができる。","","Claims (
14
)
光源、
プリズム部材側面と、前記プリズム部材側面に対して傾斜されており前記光源からの光が入射される透過・反射面とを有し、前記光源からの光を透過するプリズム部材、及び
前記プリズム部材側面に隣接する隣接面を有する隣接部材
を備え、
前記光源の消灯時に前記プリズム部材を正面から見ると、前記透過・反射面での光学的な反射により前記隣接面が見えるようになっているインジケータ装置。
前記隣接部材は、第１及び第２の隣接部材を含み、
前記プリズム部材は、前記第１及び第２の隣接部材間に配置されており、
前記隣接面は、前記第１及び第２の隣接部材の少なくともいずれか一方に設けられている請求項１記載のインジケータ装置。
前記第１の隣接部材の前面と、前記第２の隣接部材の前面と、前記隣接面とが同様の材料により構成されている請求項２記載のインジケータ装置。
前記第１の隣接部材の前面と、前記第２の隣接部材の前面と、前記隣接面とに同様の表面加工が施されている請求項３記載のインジケータ装置。
前記第１の隣接部材は、ボタン孔を有するフェースプレートであり、
前記第２の隣接部材は、前記ボタン孔に設けられ、利用者によって操作される操作ボタンである請求項２記載のインジケータ装置。
前記プリズム部材は、前記フェースプレートの背面に固定された固定部をさらに有し、
前記隣接面は、前記ボタン孔の内周面と前記操作ボタンの外周面とに設けられており、
前記透過・反射面は、前記光源の消灯時に前記ボタン孔の内周面及び前記操作ボタンの外周面を反射する第１及び第２の透過・反射面を含み、
前記第１及び第２の透過・反射面は、前記光源からの光の透過方向に沿って見たとき、互いに部分的に重なっている請求項５記載のインジケータ装置。
前記プリズム部材は、前記フェースプレートの背面に固定された固定部をさらに有し、
前記透過・反射面は、前記フェースプレートの背部まで延長されている請求項５記載のインジケータ装置。
前記プリズム部材の外部に露出された前面及び前記透過・反射面の少なくともいずれか一方の断面形状が円弧状に湾曲されている請求項１記載のインジケータ装置。
前記隣接面に文字が付されている請求項１記載のインジケータ装置。
前記隣接面には、前記隣接部材の前面の意匠とは異なる意匠が設けられている請求項１記載のインジケータ装置。
前記光源からの光を前記プリズム部材に導く導光部材をさらに備えている請求項１記載のインジケータ装置。
前記プリズム部材の外部に露出された前面にブラスト処理が施されている請求項１記載のインジケータ装置。
前記隣接部材は、記録媒体が挿入される挿入口が設けられたフロントパネルであり、
前記プリズム部材は、前記挿入口の周囲の少なくとも一部に配置されている請求項１記載のインジケータ装置。
前記隣接部材は、キーシリンダ取付孔を有する前記フェースプレートであり、
前記プリズム部材は、前記キーシリンダ取付孔に設けられキーが挿入されるキーシリンダと前記フェースプレートとの間に配置されている請求項１記載のインジケータ装置。"
JP7024908B1,静電容量ボタン,https://patents.google.com/patent/JP7024908B1/ja,本開示は、静電容量ボタンに関する。,特許文献１は、近接センサを開示する。当該近接センサによれば、小型化し得る。,"しかしながら、特許文献１に記載の近接センサの構成を静電容量ボタンに適用した場合、静電気放電は、センサ電極に到達する。このため、静電気放電に対する耐力が乏しい。
本開示は、上述の課題を解決するためになされた。本開示の目的は、静電気放電に対する耐力を向上させることができる静電容量ボタンを提供することである。",本開示に係る静電容量ボタンは、絶縁体で形成された操作受付体と、前記操作受付体を囲むように配置され、接地された接地電極と、前記操作受付体よりも奥側に配置され、メッシュ状に形成された一対のセンサ電極と、を備え、前記一対のセンサ電極の一方は、送信用電極であり、前記一対のセンサ電極の他方は、前記送信用電極の面積よりも小さい面積を有した受信用電極である。,本開示によれば、一対のセンサ電極は、メッシュ状に形成される。このため、静電容量ボタンの静電気放電に対する耐力を向上させることができる。,"しかしながら、特許文献１に記載の近接センサの構成を静電容量ボタンに適用した場合、静電気放電は、センサ電極に到達する。このため、静電気放電に対する耐力が乏しい。
本開示は、上述の課題を解決するためになされた。本開示の目的は、静電気放電に対する耐力を向上させることができる静電容量ボタンを提供することである。
本開示に係る静電容量ボタンは、絶縁体で形成された操作受付体と、前記操作受付体を囲むように配置され、接地された接地電極と、前記操作受付体よりも奥側に配置され、メッシュ状に形成された一対のセンサ電極と、を備え、前記一対のセンサ電極の一方は、送信用電極であり、前記一対のセンサ電極の他方は、前記送信用電極の面積よりも小さい面積を有した受信用電極である。
本開示によれば、一対のセンサ電極は、メッシュ状に形成される。このため、静電容量ボタンの静電気放電に対する耐力を向上させることができる。","","Claims (
4
)
絶縁体で形成された操作受付体と、
前記操作受付体を囲むように配置され、接地された接地電極と、
前記操作受付体よりも奥側に配置され、メッシュ状に形成された一対のセンサ電極と、
を備え、
前記一対のセンサ電極の一方は、送信用電極であり、
前記一対のセンサ電極の他方は、前記送信用電極の面積よりも小さい面積を有した受信用電極である
静電容量ボタン。
前記一対のセンサ電極と前記操作受付体とを奥側から保持した保持体と、
前記保持体の奥側に設けられ、前記保持体が手前側から奥側に移動した際に押されるタクトスイッチと、
を備えた請求項１に記載の静電容量ボタン。
前記一対のセンサ電極は、抵抗およびサプレッサを介して、マイコンとレギュレータと安定化電源とが接続された回路に接続され、前記マイコンと前記レギュレータと前記安定化電源と電気的に特性インピーダンスが均一になるように設定された請求項１または請求項２に記載の静電容量ボタン。
前記一対のセンサ電極は、マイコンとレギュレータと安定化電源とが接続された回路において前記マイコンの電源端子がバイパスコンデンサを介して接続された状態において前記回路に接続され、前記マイコンと前記レギュレータと前記安定化電源と電気的に特性インピーダンスが均一になるように設定された請求項１または請求項２に記載の静電容量ボタン。"
JP7024933B1,静電容量ボタン,https://patents.google.com/patent/JP7024933B1/ja,本開示は、静電容量ボタンに関する。,特許文献１は、近接センサを開示する。当該近接センサによれば、小型化し得る。,"しかしながら、特許文献１に記載の近接センサの構成を静電容量ボタンに適用した場合、静電気放電は、センサ電極に到達する。このため、静電気放電に対する耐力が乏しい。
本開示は、上述の課題を解決するためになされた。本開示の目的は、静電気放電に対する耐力を向上させることができる静電容量ボタンを提供することである。","本開示に係る静電容量ボタンは、並べられた一対のセンサ電極と、絶縁層を介して前記一対のセンサ電極の手前側に配置されたフローティング電極と、前記フローティング電極を囲むように配置され、前記一対のセンサ電極と前記フローティング電極とに電気的に接続されずに接地された接地電極と、を備え
、前記一対のセンサ電極は、それぞれ励起電極と検出電極として相互容量方式で容量検出される
。",本開示によれば、第１例において、接地電極は、フローティング電極を囲むように配置される。接地電極は、一対のセンサ電極とフローティング電極とに電気的に接続されずに接地される。第２例において、一対のセンサ電極は、メッシュ状に形成される。このため、静電容量ボタンの静電気放電に対する耐力を向上させることができる。,"しかしながら、特許文献１に記載の近接センサの構成を静電容量ボタンに適用した場合、静電気放電は、センサ電極に到達する。このため、静電気放電に対する耐力が乏しい。
本開示は、上述の課題を解決するためになされた。本開示の目的は、静電気放電に対する耐力を向上させることができる静電容量ボタンを提供することである。
本開示に係る静電容量ボタンは、並べられた一対のセンサ電極と、絶縁層を介して前記一対のセンサ電極の手前側に配置されたフローティング電極と、前記フローティング電極を囲むように配置され、前記一対のセンサ電極と前記フローティング電極とに電気的に接続されずに接地された接地電極と、を備え
、前記一対のセンサ電極は、それぞれ励起電極と検出電極として相互容量方式で容量検出される
。
本開示によれば、第１例において、接地電極は、フローティング電極を囲むように配置される。接地電極は、一対のセンサ電極とフローティング電極とに電気的に接続されずに接地される。第２例において、一対のセンサ電極は、メッシュ状に形成される。このため、静電容量ボタンの静電気放電に対する耐力を向上させることができる。","","Claims (
7
)
並べられた一対のセンサ電極と、
絶縁層を介して前記一対のセンサ電極の手前側に配置されたフローティング電極と、
前記フローティング電極を囲むように配置され、前記一対のセンサ電極と前記フローティング電極とに電気的に接続されずに接地された接地電極と、
を備え
、
前記一対のセンサ電極は、それぞれ励起電極と検出電極として相互容量方式で容量検出される
静電容量ボタン。
前記一対のセンサ電極は、それぞれ分割され、前記フローティング電極との間の静電容量が同じである請求項１に記載の静電容量ボタン。
前記フローティング電極は、前記一対のセンサ電極の面積に対応した面積を有した請求項１
または請求項２
に記載の静電容量ボタン。
前記一対のセンサ電極と前記フローティング電極とを奥側から保持した保持体と、
前記保持体の奥側に設けられ、前記保持体が手前側から奥側に移動した際に押されるタクトスイッチと、
を備えた請求項１から
請求項３
のいずれか一項に記載の静電容量ボタン。
前記フローティング電極よりも奥側において前記フローティング電極との間に隙間をあけた状態で前記一対のセンサ電極と並んで設けられ、接地されたアンテナ電極、
を備えた請求項１から
請求項４
のいずれか一項に記載の静電容量ボタン。
前記一対のセンサ電極は、抵抗およびサプレッサを介して、マイコンとレギュレータと安定化電源とが接続された回路に接続され、前記マイコンと前記レギュレータと前記安定化電源と電気的に特性インピーダンスが均一になるように設定された請求項１から
請求項５
のいずれか一項に記載の静電容量ボタン。
前記一対のセンサ電極は、マイコンとレギュレータと安定化電源とが接続された回路において前記マイコンの電源端子がバイパスコンデンサを介して接続された状態において前記回路に接続され、前記マイコンと前記レギュレータと前記安定化電源と電気的に特性インピーダンスが均一になるように設定された請求項１から
請求項５
のいずれか一項に記載の静電容量ボタン。"
JP7036294B1,入力装置,https://patents.google.com/patent/JP7036294B1/ja,本開示は、入力装置に関する。,特許文献１は、近接センサを開示する。当該近接センサによれば、小型化し得る。,"しかしながら、特許文献１に記載の近接センサを複数個並べることで入力装置を構成した場合、所望の近接センサに隣接した近接センサも反応し得る。このため、入力装置の誤入力が起こり得る。
本開示は、上述の課題を解決するためになされた。本開示の目的は、誤入力を抑制することができる入力装置を提供することである。","本開示に係る入力装置は、並べられて設けられた複数の静電容量ボタンと、前記複数の静電容量ボタンにおける一対のセンサ電極の容量値を検出する容量検出回路と、前記複数の静電容量ボタンのうちの第１ボタンにおいて前記容量検出回路に検出された容量値が第１閾値を超えた際、前記第１ボタンに隣接した第２ボタンにおいて前記容量検出回路に検出された容量値が第２閾値よりも小さい場合は前記第１ボタンへの入力操作を受け付け、前記第２ボタンにおいて前記容量検出回路に検出された容量値が前記第２閾値以上である場合は前記第１ボタンへの入力操作を受け付けない入力判定回路と、を備え
、前記入力判定回路は、前記第１ボタンにおいて前記容量検出回路に検出された容量値が第１閾値を超えた際、前記第１ボタンに隣接した第２ボタンにおいて前記容量検出回路に検出された容量値が第２閾値よりも小さくて第３閾値以上である場合は前記第１ボタンへの入力操作を受け付け、前記第２ボタンにおいて前記容量検出回路に検出された容量値が前記第３閾値よりも小さい場合は前記第１ボタンへの入力操作を受け付けない。
本開示に係る入力装置は、並べられて設けられた複数の静電容量ボタンと、前記複数の静電容量ボタンにおける一対のセンサ電極の容量値を検出する容量検出回路と、前記複数の静電容量ボタンにおいて前記容量検出回路に検出された容量値のうちの最も大きい値と２番目に大きい値との差または比が閾値以上の場合は、容量値が最も大きい値を示した静電容量ボタンへの入力操作を受け付ける入力判定回路と、を備え
、前記入力判定回路は、入力操作を受け付けた静電容量ボタンの容量値が連続して第５閾値以上になった場合に当該静電容量ボタンの入力を決定し、入力操作を受け付けた静電容量ボタンの容量値が第６閾値以下となった場合に当該静電容量ボタンの入力の受け付けを解除する。
本開示に係る入力装置は、並べられて設けられ、複数のグループに分けられた複数の静電容量ボタンと、前記複数のグループの静電容量ボタンにおける一対のセンサ電極の容量値をそれぞれ検出する複数の容量検出回路と、前記複数のグループにそれぞれ対応して設けられ、対応したグループの静電容量ボタンにおいて容量検出回路に検出された容量値のうちの最も大きい値が他のグループの静電容量ボタンにおいて容量検出回路に検出された容量値のうちの最も大きい値よりも大きく、対応したグループの静電容量ボタンにおいて容量検出回路に検出された容量値のうちの最も大きい値と２番目に大きい値との差または比が閾値以上の場合は、容量値が最も大きい値を示した静電容量ボタンへの入力操作をそれぞれ受け付ける複数の入力判定回路と、を備えた。",本開示によれば、第１例において、第１ボタンに隣接した第２ボタンにおいて容量検出回路に検出された容量値が第２閾値よりも小さい場合、入力判定回路は、第１ボタンへの入力操作を受け付ける。第２ボタンにおいて容量検出回路に検出された容量値が第２閾値以上である場合、入力判定回路は、第１ボタンへの入力操作を受け付けない。第２例において、複数の静電容量ボタンにおいて容量検出回路に検出された容量値のうちの最も大きい値と２番目に大きい値との差または比が閾値以上の場合、入力判定回路は、容量値が最も大きい値を示した静電容量ボタンへの入力操作を受け付ける。第３例において、対応したグループの静電容量ボタンにおいて容量検出回路に検出された容量値のうちの最も大きい値が他のグループの静電容量ボタンにおいて容量検出回路に検出された容量値のうちの最も大きい値よりも大きく、対応したグループの静電容量ボタンにおいて容量検出回路に検出された容量値のうちの最も大きい値と２番目に大きい値との差または比が閾値以上の場合、入力判定回路は、容量値が最も大きい値を示した静電容量ボタンへの入力操作をそれぞれ受け付ける。このため、入力装置の誤入力を抑制することができる。,"しかしながら、特許文献１に記載の近接センサを複数個並べることで入力装置を構成した場合、所望の近接センサに隣接した近接センサも反応し得る。このため、入力装置の誤入力が起こり得る。
本開示は、上述の課題を解決するためになされた。本開示の目的は、誤入力を抑制することができる入力装置を提供することである。
本開示に係る入力装置は、並べられて設けられた複数の静電容量ボタンと、前記複数の静電容量ボタンにおける一対のセンサ電極の容量値を検出する容量検出回路と、前記複数の静電容量ボタンのうちの第１ボタンにおいて前記容量検出回路に検出された容量値が第１閾値を超えた際、前記第１ボタンに隣接した第２ボタンにおいて前記容量検出回路に検出された容量値が第２閾値よりも小さい場合は前記第１ボタンへの入力操作を受け付け、前記第２ボタンにおいて前記容量検出回路に検出された容量値が前記第２閾値以上である場合は前記第１ボタンへの入力操作を受け付けない入力判定回路と、を備え
、前記入力判定回路は、前記第１ボタンにおいて前記容量検出回路に検出された容量値が第１閾値を超えた際、前記第１ボタンに隣接した第２ボタンにおいて前記容量検出回路に検出された容量値が第２閾値よりも小さくて第３閾値以上である場合は前記第１ボタンへの入力操作を受け付け、前記第２ボタンにおいて前記容量検出回路に検出された容量値が前記第３閾値よりも小さい場合は前記第１ボタンへの入力操作を受け付けない。
本開示に係る入力装置は、並べられて設けられた複数の静電容量ボタンと、前記複数の静電容量ボタンにおける一対のセンサ電極の容量値を検出する容量検出回路と、前記複数の静電容量ボタンにおいて前記容量検出回路に検出された容量値のうちの最も大きい値と２番目に大きい値との差または比が閾値以上の場合は、容量値が最も大きい値を示した静電容量ボタンへの入力操作を受け付ける入力判定回路と、を備え
、前記入力判定回路は、入力操作を受け付けた静電容量ボタンの容量値が連続して第５閾値以上になった場合に当該静電容量ボタンの入力を決定し、入力操作を受け付けた静電容量ボタンの容量値が第６閾値以下となった場合に当該静電容量ボタンの入力の受け付けを解除する。
本開示に係る入力装置は、並べられて設けられ、複数のグループに分けられた複数の静電容量ボタンと、前記複数のグループの静電容量ボタンにおける一対のセンサ電極の容量値をそれぞれ検出する複数の容量検出回路と、前記複数のグループにそれぞれ対応して設けられ、対応したグループの静電容量ボタンにおいて容量検出回路に検出された容量値のうちの最も大きい値が他のグループの静電容量ボタンにおいて容量検出回路に検出された容量値のうちの最も大きい値よりも大きく、対応したグループの静電容量ボタンにおいて容量検出回路に検出された容量値のうちの最も大きい値と２番目に大きい値との差または比が閾値以上の場合は、容量値が最も大きい値を示した静電容量ボタンへの入力操作をそれぞれ受け付ける複数の入力判定回路と、を備えた。
本開示によれば、第１例において、第１ボタンに隣接した第２ボタンにおいて容量検出回路に検出された容量値が第２閾値よりも小さい場合、入力判定回路は、第１ボタンへの入力操作を受け付ける。第２ボタンにおいて容量検出回路に検出された容量値が第２閾値以上である場合、入力判定回路は、第１ボタンへの入力操作を受け付けない。第２例において、複数の静電容量ボタンにおいて容量検出回路に検出された容量値のうちの最も大きい値と２番目に大きい値との差または比が閾値以上の場合、入力判定回路は、容量値が最も大きい値を示した静電容量ボタンへの入力操作を受け付ける。第３例において、対応したグループの静電容量ボタンにおいて容量検出回路に検出された容量値のうちの最も大きい値が他のグループの静電容量ボタンにおいて容量検出回路に検出された容量値のうちの最も大きい値よりも大きく、対応したグループの静電容量ボタンにおいて容量検出回路に検出された容量値のうちの最も大きい値と２番目に大きい値との差または比が閾値以上の場合、入力判定回路は、容量値が最も大きい値を示した静電容量ボタンへの入力操作をそれぞれ受け付ける。このため、入力装置の誤入力を抑制することができる。","","Claims (
8
)
並べられて設けられた複数の静電容量ボタンと、
前記複数の静電容量ボタンにおける一対のセンサ電極の容量値を検出する容量検出回路と、
前記複数の静電容量ボタンのうちの第１ボタンにおいて前記容量検出回路に検出された容量値が第１閾値を超えた際、前記第１ボタンに隣接した第２ボタンにおいて前記容量検出回路に検出された容量値が第２閾値よりも小さい場合は前記第１ボタンへの入力操作を受け付け、前記第２ボタンにおいて前記容量検出回路に検出された容量値が前記第２閾値以上である場合は前記第１ボタンへの入力操作を受け付けない入力判定回路と、
を備え
、
前記入力判定回路は、前記第１ボタンにおいて前記容量検出回路に検出された容量値が第１閾値を超えた際、前記第１ボタンに隣接した第２ボタンにおいて前記容量検出回路に検出された容量値が第２閾値よりも小さくて第３閾値以上である場合は前記第１ボタンへの入力操作を受け付け、前記第２ボタンにおいて前記容量検出回路に検出された容量値が前記第３閾値よりも小さい場合は前記第１ボタンへの入力操作を受け付けない
入力装置。
前記容量検出回路において前記複数の静電容量ボタンにおける一対のセンサ電極の容量値が検出された際に当該静電容量ボタンの識別情報と当該容量値の情報と当該容量値が検出された際の時間を示す情報とを対応付けて記憶する容量記憶回路、
を備えた
請求項１
に記載の入力装置。
前記複数の静電容量ボタンにそれぞれ設けられた複数の光源と、
前記容量検出回路に検出された容量値が第４閾値を超えた静電容量ボタンに設けられた光源を半点灯させ、その後、前記容量検出回路に検出された容量値が第５閾値を超えた静電容量ボタンに設けられた光源を全点灯させ、他の静電容量ボタンに設けられた光源を消灯させる制御回路と、
を備えた
請求項１または請求項２
に記載の入力装置。
並べられて設けられた複数の静電容量ボタンと、
前記複数の静電容量ボタンにおける一対のセンサ電極の容量値を検出する容量検出回路と、
前記複数の静電容量ボタンにおいて前記容量検出回路に検出された容量値のうちの最も大きい値と２番目に大きい値との差または比が閾値以上の場合は、容量値が最も大きい値を示した静電容量ボタンへの入力操作を受け付ける入力判定回路と、
を備え
、
前記入力判定回路は、入力操作を受け付けた静電容量ボタンの容量値が連続して第５閾値以上になった場合に当該静電容量ボタンの入力を決定し、入力操作を受け付けた静電容量ボタンの容量値が第６閾値以下となった場合に当該静電容量ボタンの入力の受け付けを解除する
入力装置。
並べられて設けられ、複数のグループに分けられた複数の静電容量ボタンと、
前記複数のグループの静電容量ボタンにおける一対のセンサ電極の容量値をそれぞれ検出する複数の容量検出回路と、
前記複数のグループにそれぞれ対応して設けられ、対応したグループの静電容量ボタンにおいて容量検出回路に検出された容量値のうちの最も大きい値が他のグループの静電容量ボタンにおいて容量検出回路に検出された容量値のうちの最も大きい値よりも大きく、対応したグループの静電容量ボタンにおいて容量検出回路に検出された容量値のうちの最も大きい値と２番目に大きい値との差または比が閾値以上の場合は、容量値が最も大きい値を示した静電容量ボタンへの入力操作をそれぞれ受け付ける複数の入力判定回路と、
を備えた入力装置。
前記入力判定回路は、入力操作を受け付けた静電容量ボタンの容量値が第５閾値以上になった場合に当該静電容量ボタンの入力を決定し、入力操作を受け付けた静電容量ボタンの容量値が第６閾値以下となった場合に当該静電容量ボタンの入力の受け付けを解除する
請求項５
に記載の入力装置。
前記入力判定回路は、入力操作を受け付けた静電容量ボタンの容量値が連続して第５閾値以上になった場合に当該静電容量ボタンの入力を決定する
請求項６
に記載の入力装置。
前記複数の静電容量ボタンにそれぞれ設けられた複数の光源と、
前記容量検出回路に検出された容量値が第４閾値を超えた静電容量ボタンに設けられた光源を半点灯させ、その後、前記容量検出回路に検出された容量値が第５閾値を超えた静電容量ボタンに設けられた光源を全点灯させ、他の静電容量ボタンに設けられた光源を消灯させる制御回路と、
を備えた
請求項４から請求項７
のいずれか一項に記載の入力装置。"